,Name,Team,Threat per fixture adj,Threat per game adj,Threat GW13adj,Threat GW12adj,Threat GW11adj,Threat GW10adj,Threat GW9adj,Threat GW8adj,Threat GW7adj,Threat GW6adj,Threat GW5adj,Threat GW4adj,Threat GW3adj,Threat GW2adj,Threat GW1adj
1,Raheem Sterling,Man City,46.409910581222064,50.27740312965724,4.999962742175858,51.66628166915053,38.33304769001491,69.16615126676604,29.999776453055144,40.833029061102835,63.332861400894195,0.0,79.16607675111774,8.333271236959762,54.166263040238455,101.66590909090911,61.66620715350224
2,Roberto Firmino,Liverpool,44.87146050670641,44.87146050670641,50.832954545454555,24.166486587183314,38.33304769001491,94.16596497764532,36.666393442622955,34.16641207153503,8.333271236959762,48.33297317436663,24.166486587183314,59.99955290611029,82.49938524590165,26.66646795827124,54.999590163934435
3,Mohamed Salah,Liverpool,41.02533532041729,48.4844871968568,0.0,39.99970193740686,29.166449329359168,77.4994225037258,0.0,78.33274962742176,56.66624441132639,29.999776453055144,60.83288002980627,48.33297317436663,55.83291728763041,24.166486587183314,32.499757824143074
4,Sergio Agüero,Man City,37.307414307004485,40.41636549925486,29.166449329359168,36.666393442622955,92.49931073025337,0.0,0.0,38.33304769001491,5.833289865871834,46.666318926974675,74.16611400894189,48.33297317436663,56.66624441132639,42.49968330849479,14.166561102831597
5,Sébastien Haller,West Ham,36.21767883755588,39.23581874068554,45.83299180327869,7.499944113263786,57.49957153502236,6.66661698956781,30.83310357675112,44.999664679582715,64.99951564828615,6.66661698956781,24.999813710879284,74.99944113263787,91.66598360655738,0.0,14.166561102831597
6,Neal Maupay,Brighton,35.897168405365136,35.897168405365136,21.66650521609538,6.66661698956781,77.4994225037258,24.166486587183314,49.1663002980626,61.66620715350224,1.6666542473919526,79.16607675111774,31.666430700447098,8.333271236959762,77.4994225037258,11.666579731743669,15.833215350223549
7,Teemu Pukki,Norwich,35.44845380029806,35.44845380029806,19.99985096870343,41.66635618479881,33.33308494783905,13.33323397913562,21.66650521609538,58.332898658718335,27.499795081967218,36.666393442622955,27.499795081967218,19.99985096870343,31.666430700447098,94.99929210134128,34.16641207153503
8,Marcus Rashford,Man Utd,34.80743293591656,34.80743293591656,34.999739195231,76.66609538002982,19.99985096870343,67.49949701937408,19.99985096870343,1.6666542473919526,31.666430700447098,4.999962742175858,16.666542473919524,98.3326005961252,24.166486587183314,7.499944113263786,48.33297317436663
9,Tammy Abraham,Chelsea,33.46128912071536,33.46128912071536,17.4998695976155,20.833178092399404,63.332861400894195,4.166635618479881,52.49960879284651,29.166449329359168,64.16618852459017,20.833178092399404,47.49964605067064,50.832954545454555,39.99970193740686,4.166635618479881,19.99985096870343
10,Raúl Jiménez,Wolves,32.82026825633383,32.82026825633383,72.49945976154993,34.16641207153503,96.66594634873326,10.83325260804769,19.166523845007454,24.999813710879284,10.83325260804769,22.499832339791357,10.83325260804769,44.999664679582715,35.83306631892698,18.333196721311477,24.999813710879284
11,Jamie Vardy,Leicester,32.43565573770492,32.43565573770492,79.16607675111774,39.99970193740686,33.33308494783905,77.4994225037258,17.4998695976155,8.333271236959762,53.33293591654248,37.499720566318935,3.333308494783905,37.499720566318935,22.499832339791357,8.333271236959762,3.333308494783905
12,Pierre-Emerick Aubameyang,Arsenal,32.11514530551416,32.11514530551416,30.83310357675112,18.333196721311477,32.499757824143074,9.166598360655739,6.66661698956781,39.16637481371088,15.833215350223549,49.1663002980626,36.666393442622955,44.16633755588675,19.166523845007454,27.499795081967218,88.3326751117735
13,Bernardo Mota Veiga de Carvalho e Silva,Man City,29.55106184798808,34.92398218398591,0.0,20.833178092399404,29.166449329359168,35.83306631892698,31.666430700447098,21.66650521609538,0.0,84.99936661698958,24.999813710879284,15.833215350223549,43.33301043219076,75.83276825633384,0.0
14,Wesley Moraes,Aston Villa,28.461326378539493,28.461326378539493,32.499757824143074,16.666542473919524,8.333271236959762,19.99985096870343,24.999813710879284,102.49923621460508,3.333308494783905,34.999739195231,19.99985096870343,35.83306631892698,30.83310357675112,25.833140834575264,14.166561102831597
15,Sadio Mané,Liverpool,28.397224292101342,28.397224292101342,33.33308494783905,32.499757824143074,64.99951564828615,18.333196721311477,3.333308494783905,37.499720566318935,26.66646795827124,4.999962742175858,54.999590163934435,30.83310357675112,24.999813710879284,31.666430700447098,4.999962742175858
16,Wilfried Zaha,Crystal Palace,28.33312220566319,28.33312220566319,55.83291728763041,4.999962742175858,20.833178092399404,35.83306631892698,17.4998695976155,9.999925484351715,47.49964605067064,28.333122205663194,18.333196721311477,43.33301043219076,35.83306631892698,23.333159463487338,26.66646795827124
17,Richarlison de Andrade,Everton,28.26902011922504,28.26902011922504,11.666579731743669,44.999664679582715,49.99962742175857,26.66646795827124,16.666542473919524,35.83306631892698,22.499832339791357,32.499757824143074,15.833215350223549,44.16633755588675,14.999888226527572,24.999813710879284,26.66646795827124
18,Diogo Jota,Wolves,28.204918032786885,33.33308494783905,22.499832339791357,79.16607675111774,62.499534277198215,33.33308494783905,6.66661698956781,0.0,0.0,61.66620715350224,19.99985096870343,0.0,49.99962742175857,9.999925484351715,20.833178092399404
19,Gerard Deulofeu,Watford,27.884407600596127,27.884407600596127,42.49968330849479,26.66646795827124,29.166449329359168,18.333196721311477,20.833178092399404,1.6666542473919526,9.999925484351715,34.16641207153503,70.83280551415798,1.6666542473919526,94.16596497764532,9.999925484351715,2.499981371087929
20,Heung-Min Son,Spurs,27.75620342771983,32.80278586912343,28.333122205663194,61.66620715350224,9.999925484351715,47.49964605067064,11.666579731743669,6.66661698956781,30.83310357675112,16.666542473919524,53.33293591654248,31.666430700447098,62.499534277198215,0.0,0.0
21,Chris Wood,Burnley,27.43569299552906,32.42400081289798,29.166449329359168,64.16618852459017,0.0,0.0,46.666318926974675,6.66661698956781,30.83310357675112,92.49931073025337,4.999962742175858,14.166561102831597,54.166263040238455,6.66661698956781,6.66661698956781
22,Gabriel Fernando de Jesus,Man City,26.474161698956785,34.416410208643825,0.0,1.6666542473919526,22.499832339791357,39.99970193740686,106.66587183308496,8.333271236959762,49.1663002980626,0.0,40.833029061102835,0.0,0.0,39.99970193740686,34.999739195231
23,Ashley Barnes,Burnley,26.21775335320418,28.402566132637862,38.33304769001491,30.83310357675112,14.999888226527572,30.83310357675112,0.0,9.999925484351715,4.999962742175858,44.999664679582715,0.8333271236959763,4.166635618479881,19.166523845007454,67.49949701937408,74.16611400894189
24,Christian Pulisic,Chelsea,25.961345007451563,33.74974850968703,4.999962742175858,83.33271236959762,59.166225782414315,91.66598360655738,20.833178092399404,1.6666542473919526,0.0,0.0,0.0,34.16641207153503,31.666430700447098,3.333308494783905,6.66661698956781
25,Danny Ings,Southampton,25.576732488822657,25.576732488822657,21.66650521609538,29.166449329359168,5.833289865871834,0.8333271236959763,68.33282414307006,50.832954545454555,37.499720566318935,36.666393442622955,1.6666542473919526,19.99985096870343,10.83325260804769,49.1663002980626,0.0
26,Harry Kane,Spurs,25.063915797317442,27.152575447093895,24.999813710879284,15.833215350223549,0.0,15.833215350223549,36.666393442622955,9.999925484351715,25.833140834575264,71.66613263785396,4.166635618479881,31.666430700447098,6.66661698956781,3.333308494783905,79.16607675111774
27,David Silva,Man City,24.486997019374073,26.527580104321913,4.999962742175858,0.0,65.83284277198213,49.1663002980626,28.333122205663194,23.333159463487338,0.0,74.16611400894189,9.166598360655739,12.499906855439642,36.666393442622955,0.0,14.166561102831597
28,Mason Mount,Chelsea,24.102384500745163,24.102384500745163,0.8333271236959763,36.666393442622955,36.666393442622955,29.999776453055144,15.833215350223549,21.66650521609538,6.66661698956781,8.333271236959762,24.166486587183314,7.499944113263786,44.16633755588675,64.16618852459017,16.666542473919524
29,John McGinn,Aston Villa,23.076751117734723,23.076751117734723,24.999813710879284,21.66650521609538,4.999962742175858,21.66650521609538,57.49957153502236,8.333271236959762,29.999776453055144,45.83299180327869,25.833140834575264,0.0,3.333308494783905,35.83306631892698,19.99985096870343
30,Callum Wilson,Bournemouth,22.1793219076006,22.1793219076006,8.333271236959762,24.999813710879284,9.999925484351715,1.6666542473919526,14.166561102831597,14.166561102831597,69.999478390462,17.4998695976155,44.999664679582715,15.833215350223549,15.833215350223549,21.66650521609538,29.166449329359168
31,Jordan Ayew,Crystal Palace,22.115219821162448,23.95815480625932,9.999925484351715,0.0,19.166523845007454,48.33297317436663,9.166598360655739,49.1663002980626,40.833029061102835,15.833215350223549,33.33308494783905,31.666430700447098,14.166561102831597,0.0,15.833215350223549
32,Anwar El Ghazi,Aston Villa,21.730607302533535,23.54149124441133,30.83310357675112,10.83325260804769,14.166561102831597,0.0,29.999776453055144,50.832954545454555,24.999813710879284,7.499944113263786,9.166598360655739,0.0,61.66620715350224,35.83306631892698,6.66661698956781
33,Alexandre Lacazette,Arsenal,21.60240312965723,35.103905085693,49.99962742175857,42.49968330849479,22.499832339791357,56.66624441132639,1.6666542473919526,0.0,0.0,0.0,0.0,57.49957153502236,1.6666542473919526,48.33297317436663,0.0
34,James Maddison,Leicester,21.08958643815202,22.847051974664684,29.166449329359168,28.333122205663194,8.333271236959762,20.833178092399404,29.166449329359168,17.4998695976155,0.0,36.666393442622955,17.4998695976155,24.166486587183314,38.33304769001491,13.33323397913562,10.83325260804769
35,Anthony Martial,Man Utd,20.64087183308495,33.541416728763046,19.99985096870343,37.499720566318935,9.166598360655739,88.3326751117735,0.0,0.0,0.0,0.0,0.0,0.0,29.999776453055144,24.166486587183314,59.166225782414315
36,Mahmoud Ahmed Ibrahim Hassan,Aston Villa,20.576769746646796,24.31800060967349,0.0,30.83310357675112,32.499757824143074,52.49960879284651,8.333271236959762,2.499981371087929,1.6666542473919526,32.499757824143074,0.0,23.333159463487338,3.333308494783905,50.832954545454555,29.166449329359168
37,Ayoze Pérez,Leicester,20.512667660208646,22.2220566318927,45.83299180327869,9.166598360655739,9.999925484351715,107.49919895678093,8.333271236959762,3.333308494783905,19.166523845007454,17.4998695976155,6.66661698956781,0.0,3.333308494783905,25.833140834575264,9.999925484351715
38,Todd Cantwell,Norwich,19.99985096870343,19.99985096870343,32.499757824143074,4.999962742175858,0.0,9.166598360655739,4.999962742175858,40.833029061102835,43.33301043219076,23.333159463487338,27.499795081967218,6.66661698956781,30.83310357675112,34.16641207153503,1.6666542473919526
39,Kevin De Bruyne,Man City,19.93574888226528,21.59706128912072,16.666542473919524,31.666430700447098,44.999664679582715,9.999925484351715,15.833215350223549,0.0,14.999888226527572,33.33308494783905,1.6666542473919526,22.499832339791357,13.33323397913562,31.666430700447098,22.499832339791357
40,Willian Borges Da Silva,Chelsea,18.653707153502236,20.208182749627422,27.499795081967218,27.499795081967218,19.166523845007454,49.1663002980626,29.166449329359168,9.166598360655739,60.83288002980627,8.333271236959762,3.333308494783905,1.6666542473919526,3.333308494783905,3.333308494783905,0.0
41,Riyad Mahrez,Man City,18.269094634873326,26.388692250372586,50.832954545454555,0.0,0.0,0.0,0.0,18.333196721311477,50.832954545454555,41.66635618479881,0.0,36.666393442622955,1.6666542473919526,4.999962742175858,32.499757824143074
42,Aaron Connolly,Brighton,18.24986400894188,20.27762667660209,0.0,3.333308494783905,38.33304769001491,1.6666542473919526,17.4998695976155,89.16600223546946,0.0,14.999888226527572,17.4998695976155,0.0,0.0,0.0,0.0
43,Felipe Anderson Pereira Gomes,West Ham,17.884482116244413,19.37485562593145,1.6666542473919526,1.6666542473919526,26.66646795827124,18.333196721311477,0.0,19.166523845007454,49.99962742175857,17.4998695976155,14.999888226527572,29.999776453055144,52.49960879284651,0.0,0.0
44,Daniel James,Man Utd,17.756277943368108,17.756277943368108,9.166598360655739,30.83310357675112,2.499981371087929,3.333308494783905,0.0,15.833215350223549,14.999888226527572,6.66661698956781,4.999962742175858,56.66624441132639,54.999590163934435,16.666542473919524,14.166561102831597
45,Harvey Barnes,Leicester,17.756277943368108,19.235967771982114,22.499832339791357,27.499795081967218,5.833289865871834,37.499720566318935,34.999739195231,3.333308494783905,7.499944113263786,40.833029061102835,3.333308494783905,20.833178092399404,17.4998695976155,0.0,9.166598360655739
46,Gylfi Sigurdsson,Everton,17.4998695976155,17.4998695976155,36.666393442622955,32.499757824143074,1.6666542473919526,5.833289865871834,11.666579731743669,10.83325260804769,25.833140834575264,14.166561102831597,17.4998695976155,28.333122205663194,3.333308494783905,8.333271236959762,30.83310357675112
47,Nathan Redmond,Southampton,17.179359165424742,20.302879013683786,24.999813710879284,1.6666542473919526,1.6666542473919526,24.166486587183314,23.333159463487338,7.499944113263786,42.49968330849479,29.999776453055144,0.0,0.0,34.16641207153503,9.166598360655739,24.166486587183314
48,Nicolas Pépé,Arsenal,17.11525707898659,18.541528502235472,4.999962742175858,0.0,0.0,10.83325260804769,15.833215350223549,6.66661698956781,19.166523845007454,58.332898658718335,4.166635618479881,62.499534277198215,32.499757824143074,7.499944113263786,0.0
49,Miguel Almirón,Newcastle,16.858848733233984,16.858848733233984,2.499981371087929,24.999813710879284,42.49968330849479,14.166561102831597,6.66661698956781,24.166486587183314,0.0,29.999776453055144,1.6666542473919526,19.99985096870343,29.999776453055144,4.999962742175858,17.4998695976155
50,Harry Wilson,Bournemouth,16.666542473919524,18.055421013412815,8.333271236959762,29.166449329359168,54.166263040238455,17.4998695976155,9.999925484351715,1.6666542473919526,0.0,14.166561102831597,12.499906855439642,14.999888226527572,20.833178092399404,33.33308494783905,0.0
51,Matt Doherty,Wolves,16.602440387481376,17.985977086438158,17.4998695976155,39.99970193740686,32.499757824143074,29.166449329359168,3.333308494783905,0.0,27.499795081967218,27.499795081967218,29.999776453055144,0.0,8.333271236959762,0.0,0.0
52,Theo Walcott,Everton,16.602440387481373,21.583172503725784,21.66650521609538,21.66650521609538,4.999962742175858,44.999664679582715,84.99936661698958,0.0,0.0,24.999813710879284,7.499944113263786,0.0,4.999962742175858,0.0,0.0
53,Jack Grealish,Aston Villa,16.538338301043222,19.5453089012329,43.33301043219076,0.0,0.0,0.0,71.66613263785396,35.83306631892698,15.833215350223549,4.999962742175858,8.333271236959762,16.666542473919524,9.166598360655739,9.166598360655739,0.0
54,Alex Iwobi,Everton,16.217827868852456,19.16652384500745,2.499981371087929,22.499832339791357,1.6666542473919526,22.499832339791357,23.333159463487338,48.33297317436663,4.999962742175858,1.6666542473919526,48.33297317436663,17.4998695976155,17.4998695976155,0.0,0.0
55,Abdoulaye Doucouré,Watford,16.15372578241431,16.15372578241431,17.4998695976155,26.66646795827124,19.99985096870343,7.499944113263786,16.666542473919524,10.83325260804769,7.499944113263786,0.0,27.499795081967218,18.333196721311477,50.832954545454555,4.999962742175858,1.6666542473919526
56,Youri Tielemans,Leicester,16.025521609538004,16.025521609538004,1.6666542473919526,20.833178092399404,4.999962742175858,35.83306631892698,20.833178092399404,0.0,27.499795081967218,8.333271236959762,0.8333271236959763,36.666393442622955,0.8333271236959763,19.166523845007454,30.83310357675112
57,Joshua King,Bournemouth,15.961419523099853,17.291537816691505,0.0,14.166561102831597,46.666318926974675,15.833215350223549,1.6666542473919526,6.66661698956781,30.83310357675112,16.666542473919524,19.166523845007454,1.6666542473919526,12.499906855439642,23.333159463487338,18.333196721311477
58,John Lundstram,Sheffield Utd,15.833215350223547,15.833215350223547,34.999739195231,10.83325260804769,64.16618852459017,18.333196721311477,1.6666542473919526,4.999962742175858,31.666430700447098,0.0,0.0,3.333308494783905,14.999888226527572,18.333196721311477,2.499981371087929
59,David McGoldrick,Sheffield Utd,15.705011177347245,20.416514530551417,25.833140834575264,7.499944113263786,19.166523845007454,53.33293591654248,3.333308494783905,0.0,0.0,0.0,44.16633755588675,0.0,0.0,44.16633755588675,6.66661698956781
60,Joelinton Cássio Apolinário de Lira,Newcastle,15.705011177347243,15.705011177347243,10.83325260804769,34.16641207153503,4.166635618479881,14.166561102831597,4.999962742175858,4.999962742175858,1.6666542473919526,29.166449329359168,4.999962742175858,31.666430700447098,33.33308494783905,9.999925484351715,19.99985096870343
61,James Ward-Prowse,Southampton,15.512704918032789,15.512704918032789,74.99944113263787,5.833289865871834,27.499795081967218,12.499906855439642,21.66650521609538,0.8333271236959763,9.166598360655739,28.333122205663194,0.0,1.6666542473919526,3.333308494783905,1.6666542473919526,14.166561102831597
62,Lucas Rodrigues Moura da Silva,Spurs,15.512704918032787,18.333196721311477,34.16641207153503,12.499906855439642,9.166598360655739,0.0,19.99985096870343,21.66650521609538,0.0,1.6666542473919526,0.0,0.0,20.833178092399404,54.999590163934435,26.66646795827124
63,Andre Gray,Watford,14.743479880774963,15.972103204172877,1.6666542473919526,31.666430700447098,16.666542473919524,1.6666542473919526,0.0,9.166598360655739,41.66635618479881,32.499757824143074,4.999962742175858,3.333308494783905,34.16641207153503,0.0,14.166561102831597
64,Yerry Mina,Everton,14.422969448584208,15.624883569299557,3.333308494783905,28.333122205663194,3.333308494783905,0.0,28.333122205663194,3.333308494783905,59.166225782414315,3.333308494783905,1.6666542473919526,36.666393442622955,19.99985096870343,0.0,0.0
65,Andriy Yarmolenko,West Ham,14.358867362146052,15.55543964232489,0.0,26.66646795827124,0.0,29.999776453055144,9.166598360655739,1.6666542473919526,22.499832339791357,39.16637481371088,17.4998695976155,29.166449329359168,10.83325260804769,0.0,0.0
66,Lys Mousset,Sheffield Utd,14.294765275707903,18.583194858420274,9.166598360655739,51.66628166915053,29.166449329359168,14.166561102831597,34.16641207153503,9.999925484351715,1.6666542473919526,15.833215350223549,19.99985096870343,0.0,0.0,0.0,0.0
67,Scott McTominay,Man Utd,14.294765275707901,15.485995715350226,0.0,30.83310357675112,20.833178092399404,20.833178092399404,5.833289865871834,18.333196721311477,19.99985096870343,20.833178092399404,0.0,0.8333271236959763,35.83306631892698,9.999925484351715,1.6666542473919526
68,Ryan Fraser,Bournemouth,14.230663189269752,15.416551788375564,16.666542473919524,33.33308494783905,33.33308494783905,24.166486587183314,6.66661698956781,14.999888226527572,0.0,0.0,5.833289865871834,16.666542473919524,0.0,29.166449329359168,4.166635618479881
69,Nicolás Otamendi,Man City,13.71784649776453,22.291500558867362,0.0,0.0,0.0,0.0,0.0,6.66661698956781,1.6666542473919526,42.49968330849479,46.666318926974675,1.6666542473919526,33.33308494783905,45.83299180327869,0.0
70,Marco Stiepermann,Norwich,13.333233979135619,15.75745833897846,0.0,3.333308494783905,0.8333271236959763,3.333308494783905,0.0,74.16611400894189,19.166523845007454,3.333308494783905,4.999962742175858,29.166449329359168,0.0,19.166523845007454,15.833215350223549
71,Andreas Pereira,Man Utd,13.205029806259317,14.305448956780927,0.0,29.166449329359168,17.4998695976155,4.999962742175858,14.166561102831597,14.166561102831597,39.99970193740686,13.33323397913562,15.833215350223549,19.166523845007454,0.0,0.0,3.333308494783905
72,Dominic Calvert-Lewin,Everton,13.140927719821162,15.530187305243192,3.333308494783905,16.666542473919524,5.833289865871834,15.833215350223549,0.0,0.0,47.49964605067064,0.0,53.33293591654248,6.66661698956781,14.999888226527572,1.6666542473919526,4.999962742175858
73,James Tarkowski,Burnley,13.076825633383011,13.076825633383011,74.99944113263787,3.333308494783905,0.0,3.333308494783905,0.0,4.999962742175858,5.833289865871834,0.0,1.6666542473919526,6.66661698956781,17.4998695976155,21.66650521609538,29.999776453055144
74,Allan Saint-Maximin,Newcastle,12.6922131147541,18.333196721311477,24.166486587183314,24.999813710879284,40.833029061102835,38.33304769001491,2.499981371087929,12.499906855439642,0.0,9.166598360655739,0.0,0.0,1.6666542473919526,0.0,10.83325260804769
75,Dominic Solanke,Bournemouth,12.499906855439644,14.772617192792307,0.0,8.333271236959762,0.0,6.66661698956781,43.33301043219076,6.66661698956781,21.66650521609538,3.333308494783905,18.333196721311477,7.499944113263786,44.999664679582715,1.6666542473919526,0.0
76,Pascal Groß,Brighton,12.435804769001491,13.472121833084948,0.0,17.4998695976155,9.999925484351715,7.499944113263786,33.33308494783905,24.999813710879284,15.833215350223549,12.499906855439642,14.166561102831597,0.0,0.0,22.499832339791357,3.333308494783905
77,Jeffrey Schlupp,Crystal Palace,12.37170268256334,14.621103170302128,7.499944113263786,1.6666542473919526,14.166561102831597,0.0,0.0,29.999776453055144,13.33323397913562,34.16641207153503,16.666542473919524,30.83310357675112,3.333308494783905,9.166598360655739,0.0
78,Emiliano Buendía,Norwich,12.243498509687036,12.243498509687036,0.0,3.333308494783905,7.499944113263786,6.66661698956781,1.6666542473919526,43.33301043219076,32.499757824143074,24.166486587183314,4.166635618479881,1.6666542473919526,7.499944113263786,6.66661698956781,19.99985096870343
79,Sofiane Boufal,Southampton,12.179396423248884,15.833215350223549,26.66646795827124,9.166598360655739,0.0,0.0,0.0,0.0,10.83325260804769,49.1663002980626,18.333196721311477,37.499720566318935,1.6666542473919526,0.0,4.999962742175858
80,Ilkay Gündogan,Man City,12.051192250372582,13.055458271236963,0.0,12.499906855439642,49.1663002980626,30.83310357675112,15.833215350223549,2.499981371087929,28.333122205663194,0.0,0.0,2.499981371087929,1.6666542473919526,13.33323397913562,0.0
81,Jeff Hendrick,Burnley,12.051192250372582,15.666549925484356,15.833215350223549,19.99985096870343,4.999962742175858,3.333308494783905,29.999776453055144,29.166449329359168,29.999776453055144,17.4998695976155,5.833289865871834,0.0,0.0,0.0,0.0
82,Andrew Robertson,Liverpool,11.730681818181818,11.730681818181818,0.0,0.0,29.166449329359168,13.33323397913562,1.6666542473919526,17.4998695976155,2.499981371087929,1.6666542473919526,30.83310357675112,1.6666542473919526,30.83310357675112,17.4998695976155,5.833289865871834
83,John Fleck,Sheffield Utd,11.666579731743667,13.787776046606153,30.83310357675112,5.833289865871834,15.833215350223549,1.6666542473919526,8.333271236959762,14.166561102831597,19.99985096870343,1.6666542473919526,52.49960879284651,0.0,0.0,0.8333271236959763,0.0
84,Roberto Pereyra,Watford,11.41017138599106,13.484748001625798,0.0,0.0,15.833215350223549,12.499906855439642,16.666542473919524,9.999925484351715,6.66661698956781,4.999962742175858,24.166486587183314,9.166598360655739,0.0,23.333159463487338,24.999813710879284
85,Trent Alexander-Arnold,Liverpool,11.410171385991058,11.410171385991058,1.6666542473919526,1.6666542473919526,24.166486587183314,14.166561102831597,3.333308494783905,6.66661698956781,0.8333271236959763,5.833289865871834,29.999776453055144,0.0,46.666318926974675,3.333308494783905,9.999925484351715
86,Onel Hernández,Norwich,11.217865126676601,24.30537444113264,48.33297317436663,19.99985096870343,4.999962742175858,52.49960879284651,1.6666542473919526,0.0,0.0,0.0,0.0,0.0,0.0,0.0,18.333196721311477
87,Tom Cleverley,Watford,11.15376304023845,16.110991058122206,0.0,0.0,0.0,0.0,0.0,1.6666542473919526,30.83310357675112,14.999888226527572,64.16618852459017,16.666542473919524,16.666542473919524,0.0,0.0
88,Che Adams,Southampton,10.961456780923994,15.833215350223547,0.0,0.0,0.0,0.0,0.0,3.333308494783905,0.0,9.999925484351715,43.33301043219076,8.333271236959762,46.666318926974675,13.33323397913562,17.4998695976155
89,Harry Maguire,Man Utd,10.705048435171388,10.705048435171388,4.999962742175858,11.666579731743669,3.333308494783905,19.99985096870343,0.0,25.833140834575264,12.499906855439642,17.4998695976155,17.4998695976155,0.0,15.833215350223549,3.333308494783905,6.66661698956781
90,Leandro Trossard,Brighton,10.640946348733236,19.761757504790296,9.999925484351715,0.0,29.166449329359168,6.66661698956781,0.0,0.0,0.0,0.0,0.0,49.1663002980626,14.166561102831597,29.166449329359168,0.0
91,Virgil van Dijk,Liverpool,10.192231743666172,10.192231743666172,46.666318926974675,1.6666542473919526,3.333308494783905,14.166561102831597,0.0,3.333308494783905,1.6666542473919526,0.0,24.166486587183314,1.6666542473919526,16.666542473919524,1.6666542473919526,17.4998695976155
92,Steven Alzate,Brighton,10.092517386984602,12.976093783265915,0.0,1.6666542473919526,28.333122205663194,29.166449329359168,6.66661698956781,1.6666542473919526,18.333196721311477,4.999962742175858,0.0,0.0,0.0,0.0,0.0
93,Ross Barkley,Chelsea,10.064027570789866,21.805393070044712,0.0,0.0,0.0,0.0,4.999962742175858,0.0,42.49968330849479,0.0,1.6666542473919526,24.166486587183314,42.49968330849479,0.0,14.999888226527572
94,Michail Antonio,West Ham,9.999925484351715,32.499757824143074,36.666393442622955,0.0,0.0,0.0,0.0,0.0,0.0,0.0,0.0,0.0,44.999664679582715,48.33297317436663,0.0
95,Cenk Tosun,Everton,9.743517138599106,31.666430700447098,59.99955290611029,32.499757824143074,17.4998695976155,0.0,0.0,0.0,0.0,16.666542473919524,0.0,0.0,0.0,0.0,0.0
96,Craig Dawson,Watford,9.55121087928465,9.55121087928465,4.999962742175858,0.0,1.6666542473919526,14.999888226527572,0.0,14.166561102831597,1.6666542473919526,0.0,0.0,33.33308494783905,16.666542473919524,5.833289865871834,30.83310357675112
97,Lucas Digne,Everton,9.4871087928465,9.4871087928465,9.166598360655739,4.999962742175858,6.66661698956781,1.6666542473919526,2.499981371087929,1.6666542473919526,2.499981371087929,20.833178092399404,11.666579731743669,9.999925484351715,9.999925484351715,23.333159463487338,18.333196721311477
98,Gary Cahill,Crystal Palace,9.487108792846499,11.212037664273135,0.0,0.0,3.333308494783905,16.666542473919524,0.0,29.999776453055144,18.333196721311477,5.833289865871834,14.166561102831597,19.99985096870343,14.999888226527572,0.0,0.0
99,Jetro Willems,Newcastle,9.487108792846497,12.333241430700447,0.0,40.833029061102835,1.6666542473919526,16.666542473919524,4.999962742175858,19.99985096870343,0.0,14.999888226527572,14.166561102831597,8.333271236959762,0.0,0.0,1.6666542473919526
100,Callum Robinson,Sheffield Utd,9.358904619970195,11.060523641782957,1.6666542473919526,0.0,0.0,3.333308494783905,0.0,29.999776453055144,8.333271236959762,0.0,0.0,33.33308494783905,3.333308494783905,17.4998695976155,24.166486587183314
101,Michy Batshuayi,Chelsea,9.358904619970195,15.208220007451567,4.999962742175858,29.999776453055144,16.666542473919524,0.0,0.0,15.833215350223549,6.66661698956781,6.66661698956781,40.833029061102835,0.0,0.0,0.0,0.0
102,Dwight McNeil,Burnley,9.358904619970193,9.358904619970193,0.0,5.833289865871834,0.0,24.166486587183314,21.66650521609538,3.333308494783905,6.66661698956781,4.999962742175858,3.333308494783905,10.83325260804769,16.666542473919524,24.166486587183314,0.0
103,Conor Hourihane,Aston Villa,9.294802533532044,15.104054116989571,18.333196721311477,0.0,9.999925484351715,0.0,29.166449329359168,10.83325260804769,37.499720566318935,14.999888226527572,0.0,0.0,0.0,0.0,0.0
104,Philip Billing,Bournemouth,9.294802533532042,9.294802533532042,0.0,19.166523845007454,1.6666542473919526,9.166598360655739,11.666579731743669,2.499981371087929,29.166449329359168,2.499981371087929,31.666430700447098,2.499981371087929,1.6666542473919526,0.8333271236959763,8.333271236959762
105,Georginio Wijnaldum,Liverpool,9.294802533532042,9.294802533532042,14.166561102831597,6.66661698956781,10.83325260804769,15.833215350223549,5.833289865871834,14.166561102831597,14.166561102831597,5.833289865871834,10.83325260804769,7.499944113263786,9.999925484351715,3.333308494783905,1.6666542473919526
106,Adama Traoré,Wolves,9.102496274217586,9.861037630402384,11.666579731743669,9.999925484351715,4.999962742175858,24.999813710879284,0.8333271236959763,21.66650521609538,6.66661698956781,24.166486587183314,0.0,1.6666542473919526,6.66661698956781,4.999962742175858,0.0
107,Nathan Aké,Bournemouth,9.038394187779435,9.038394187779435,17.4998695976155,0.0,0.0,0.0,4.999962742175858,0.0,21.66650521609538,14.166561102831597,4.999962742175858,1.6666542473919526,19.166523845007454,14.999888226527572,18.333196721311477
108,Jannik Vestergaard,Southampton,8.974292101341284,10.605981574312425,0.0,0.0,0.0,0.0,14.999888226527572,0.0,0.0,6.66661698956781,28.333122205663194,27.499795081967218,8.333271236959762,3.333308494783905,27.499795081967218
109,Manuel Lanzini,West Ham,8.781985842026826,10.378710540577158,0.0,6.66661698956781,17.4998695976155,0.0,0.8333271236959763,3.333308494783905,16.666542473919524,0.0,4.166635618479881,36.666393442622955,4.999962742175858,2.499981371087929,20.833178092399404
110,Tom Davies,Everton,8.781985842026826,16.30940227804982,34.999739195231,51.66628166915053,0.0,0.0,27.499795081967218,0.0,0.0,0.0,0.0,0.0,0.0,0.0,0.0
111,Alex Oxlade-Chamberlain,Liverpool,8.653781669150522,12.499906855439642,9.999925484351715,0.0,59.99955290611029,0.0,7.499944113263786,0.0,0.0,0.0,19.166523845007454,5.833289865871834,0.0,9.999925484351715,0.0
112,Bernard Anício Caldeira Duarte,Everton,8.589679582712371,13.958229321907604,0.0,0.0,0.0,1.6666542473919526,34.16641207153503,0.0,0.0,4.999962742175858,14.999888226527572,9.999925484351715,3.333308494783905,34.16641207153503,8.333271236959762
113,Christian Benteke,Crystal Palace,8.461475409836066,9.999925484351714,6.66661698956781,0.0,15.833215350223549,1.6666542473919526,14.166561102831597,1.6666542473919526,0.0,15.833215350223549,32.499757824143074,0.8333271236959763,1.6666542473919526,17.4998695976155,1.6666542473919526
114,Jonathan Castro Otto,Wolves,8.397373323397915,9.097154433681075,4.166635618479881,3.333308494783905,30.83310357675112,20.833178092399404,1.6666542473919526,0.0,5.833289865871834,9.999925484351715,5.833289865871834,0.0,7.499944113263786,19.166523845007454,0.0
115,Pierre-Emile Højbjerg,Southampton,8.26916915052161,8.958266579731744,10.83325260804769,0.0,0.0,0.0,4.999962742175858,0.8333271236959763,17.4998695976155,49.1663002980626,1.6666542473919526,1.6666542473919526,0.0,20.833178092399404,0.0
116,Bukayo Saka,Arsenal,8.148087431693991,12.222131147540987,0.0,0.0,1.6666542473919526,1.6666542473919526,11.666579731743669,19.99985096870343,34.16641207153503,4.166635618479881,0.0,0.0,0.0,0.0,0.0
117,Erik Lamela,Spurs,8.140964977645307,11.759171634376553,0.0,0.0,0.0,0.0,8.333271236959762,14.999888226527572,0.0,2.499981371087929,15.833215350223549,7.499944113263786,16.666542473919524,7.499944113263786,32.499757824143074
118,Lucas Torreira,Arsenal,7.948658718330851,10.333256333830105,3.333308494783905,1.6666542473919526,17.4998695976155,0.0,0.0,6.66661698956781,4.999962742175858,20.833178092399404,14.166561102831597,4.166635618479881,15.833215350223549,14.166561102831597,0.0
119,Christian Eriksen,Spurs,7.948658718330849,9.393869394391004,0.0,0.0,3.333308494783905,3.333308494783905,0.0,13.33323397913562,2.499981371087929,0.0,5.833289865871834,44.999664679582715,13.33323397913562,1.6666542473919526,14.999888226527572
120,Jay Rodriguez,Burnley,7.756352459016394,7.756352459016394,0.8333271236959763,0.0,8.333271236959762,34.999739195231,4.166635618479881,14.166561102831597,15.833215350223549,0.0,0.0,14.166561102831597,0.0,8.333271236959762,0.0
121,Moise Kean,Everton,7.756352459016394,11.203620218579237,0.0,0.0,0.0,0.0,0.0,1.6666542473919526,1.6666542473919526,66.6661698956781,3.333308494783905,16.666542473919524,6.66661698956781,4.166635618479881,0.0
122,Oliver McBurnie,Sheffield Utd,7.7563524590163935,9.166598360655739,14.166561102831597,0.0,0.0,0.0,4.999962742175858,6.66661698956781,34.999739195231,0.0,6.66661698956781,1.6666542473919526,17.4998695976155,10.83325260804769,3.333308494783905
123,Calum Chambers,Arsenal,7.692250372578243,11.111028315946351,0.0,0.0,4.999962742175858,4.999962742175858,23.333159463487338,37.499720566318935,3.333308494783905,25.833140834575264,0.0,0.0,0.0,0.0,0.0
124,Robert Snodgrass,West Ham,7.6922503725782425,12.499906855439644,2.499981371087929,6.66661698956781,29.166449329359168,26.66646795827124,0.0,0.0,0.0,0.0,0.0,17.4998695976155,0.0,17.4998695976155,0.0
125,Solomon March,Brighton,7.6922503725782425,12.499906855439644,3.333308494783905,0.0,0.0,0.0,20.833178092399404,0.0,0.0,0.0,19.166523845007454,18.333196721311477,20.833178092399404,17.4998695976155,0.0
126,Jack Cork,Burnley,7.62814828614009,9.015084338165561,3.333308494783905,7.499944113263786,0.0,0.0,0.0,0.0,42.49968330849479,17.4998695976155,3.333308494783905,0.0,1.6666542473919526,23.333159463487338,0.0
127,Patrick van Aanholt,Crystal Palace,7.564046199701938,7.564046199701938,0.8333271236959763,0.0,1.6666542473919526,15.833215350223549,14.999888226527572,14.166561102831597,3.333308494783905,9.999925484351715,4.999962742175858,13.33323397913562,17.4998695976155,0.0,1.6666542473919526
128,Patrick Cutrone,Wolves,7.3717399403874815,10.648068802781918,0.0,0.0,0.0,0.0,3.333308494783905,9.166598360655739,0.0,0.0,51.66628166915053,31.666430700447098,0.0,0.0,0.0
129,Jack O'Connell,Sheffield Utd,7.3076378539493305,7.3076378539493305,3.333308494783905,3.333308494783905,1.6666542473919526,3.333308494783905,4.999962742175858,1.6666542473919526,14.999888226527572,1.6666542473919526,4.999962742175858,0.0,9.166598360655739,45.83299180327869,0.0
130,Pedro Rodríguez Ledesma,Chelsea,7.3076378539493305,31.666430700447098,0.0,0.0,0.0,0.0,0.0,0.0,70.83280551415798,0.0,0.0,0.0,0.0,4.999962742175858,19.166523845007454
131,Pablo Fornals,West Ham,7.30763785394933,7.9166076751117735,1.6666542473919526,0.0,0.0,1.6666542473919526,18.333196721311477,0.0,43.33301043219076,1.6666542473919526,11.666579731743669,0.0,14.166561102831597,2.499981371087929,0.0
132,Ben Mee,Burnley,7.243535767511177,7.243535767511177,1.6666542473919526,31.666430700447098,1.6666542473919526,1.6666542473919526,15.833215350223549,4.999962742175858,5.833289865871834,0.0,0.0,0.0,3.333308494783905,25.833140834575264,1.6666542473919526
133,Aaron Cresswell,West Ham,7.179433681073027,11.666579731743669,6.66661698956781,18.333196721311477,3.333308494783905,17.4998695976155,0.0,3.333308494783905,35.83306631892698,8.333271236959762,0.0,0.0,0.0,0.0,0.0
134,Rúben Diogo da Silva Neves,Wolves,7.115331594634873,7.115331594634873,15.833215350223549,12.499906855439642,14.166561102831597,2.499981371087929,0.0,0.0,0.0,0.8333271236959763,7.499944113263786,6.66661698956781,26.66646795827124,5.833289865871834,0.0
135,George Baldock,Sheffield Utd,6.987127421758571,6.987127421758571,3.333308494783905,15.833215350223549,3.333308494783905,19.99985096870343,6.66661698956781,3.333308494783905,1.6666542473919526,0.0,4.999962742175858,0.0,25.833140834575264,3.333308494783905,2.499981371087929
136,Will Hughes,Watford,6.987127421758569,8.257514225714672,14.999888226527572,8.333271236959762,4.999962742175858,9.166598360655739,0.0,0.0,0.0,1.6666542473919526,8.333271236959762,19.166523845007454,14.166561102831597,4.999962742175858,4.999962742175858
137,Douglas Luiz Soares de Paulo,Aston Villa,6.923025335320418,8.181757214469584,34.16641207153503,12.499906855439642,0.0,16.666542473919524,7.499944113263786,5.833289865871834,0.0,0.0,0.0,0.8333271236959763,0.0,12.499906855439642,0.0
138,Mason Greenwood,Man Utd,6.923025335320418,8.999932935916544,29.166449329359168,0.0,5.833289865871834,14.166561102831597,0.0,14.166561102831597,4.166635618479881,0.0,0.0,7.499944113263786,0.0,0.0,14.999888226527572
139,James McArthur,Crystal Palace,6.858923248882267,7.430500186289122,3.333308494783905,1.6666542473919526,4.166635618479881,15.833215350223549,3.333308494783905,0.8333271236959763,34.999739195231,3.333308494783905,0.0,18.333196721311477,3.333308494783905,0.0,0.0
140,Enda Stevens,Sheffield Utd,6.794821162444113,6.794821162444113,0.0,4.999962742175858,16.666542473919524,19.99985096870343,4.999962742175858,0.8333271236959763,0.0,1.6666542473919526,18.333196721311477,2.499981371087929,0.0,16.666542473919524,1.6666542473919526
141,Luka Milivojevic,Crystal Palace,6.730719076005963,7.291612332339793,18.333196721311477,0.0,6.66661698956781,14.166561102831597,6.66661698956781,0.0,14.166561102831597,7.499944113263786,0.0,13.33323397913562,0.0,6.66661698956781,0.0
142,Matteo Guendouzi,Arsenal,6.730719076005962,6.730719076005962,1.6666542473919526,0.0,1.6666542473919526,7.499944113263786,4.999962742175858,11.666579731743669,14.166561102831597,10.83325260804769,0.0,20.833178092399404,0.0,14.166561102831597,0.0
143,Cheikhou Kouyaté,Crystal Palace,6.66661698956781,7.8787291694892305,3.333308494783905,6.66661698956781,1.6666542473919526,3.333308494783905,4.166635618479881,4.999962742175858,3.333308494783905,16.666542473919524,6.66661698956781,35.83306631892698,0.0,0.0,0.0
144,Seamus Coleman,Everton,6.666616989567809,9.629557873820168,8.333271236959762,0.0,0.0,0.0,0.0,1.6666542473919526,29.999776453055144,6.66661698956781,0.0,16.666542473919524,4.999962742175858,2.499981371087929,15.833215350223549
145,Jonny Evans,Leicester,6.602514903129659,6.602514903129659,1.6666542473919526,1.6666542473919526,35.83306631892698,7.499944113263786,4.999962742175858,1.6666542473919526,1.6666542473919526,0.0,4.999962742175858,1.6666542473919526,14.999888226527572,0.0,9.166598360655739
146,Davy Pröpper,Brighton,6.602514903129659,7.802972158244143,7.499944113263786,0.0,13.33323397913562,1.6666542473919526,3.333308494783905,0.0,0.0,4.999962742175858,24.999813710879284,6.66661698956781,6.66661698956781,15.833215350223549,0.8333271236959763
147,Kyle Walker,Man City,6.602514903129658,8.583269374068555,0.0,29.999776453055144,15.833215350223549,0.0,0.0,5.833289865871834,0.0,0.8333271236959763,4.999962742175858,1.6666542473919526,6.66661698956781,3.333308494783905,16.666542473919524
148,Emerson Palmieri dos Santos,Chelsea,6.410208643815202,10.416589046199704,15.833215350223549,5.833289865871834,0.0,0.0,0.0,0.0,0.0,0.0,0.0,0.0,20.833178092399404,1.6666542473919526,39.16637481371088
149,Tanguy Ndombele,Spurs,6.410208643815201,8.333271236959762,0.0,9.999925484351715,0.0,10.83325260804769,18.333196721311477,0.0,30.83310357675112,1.6666542473919526,0.0,0.0,0.0,0.0,11.666579731743669
150,Lewis Dunk,Brighton,6.4102086438152,6.9443926974664665,0.0,32.499757824143074,3.333308494783905,5.833289865871834,1.6666542473919526,0.0,0.0,29.999776453055144,1.6666542473919526,1.6666542473919526,1.6666542473919526,3.333308494783905,1.6666542473919526
151,Leander Dendoncker,Wolves,6.346106557377051,6.346106557377051,0.0,0.0,14.999888226527572,1.6666542473919526,1.6666542473919526,0.0,1.6666542473919526,31.666430700447098,1.6666542473919526,3.333308494783905,0.0,6.66661698956781,19.166523845007454
152,Callum Hudson-Odoi,Chelsea,6.34610655737705,13.749897540983609,0.0,0.8333271236959763,0.0,9.166598360655739,34.999739195231,37.499720566318935,0.0,0.0,0.0,0.0,0.0,0.0,0.0
153,David Luiz Moreira Marinho,Arsenal,6.2820044709388965,6.805504843517138,3.333308494783905,0.8333271236959763,0.0,41.66635618479881,0.0,14.166561102831597,8.333271236959762,10.83325260804769,0.0,1.6666542473919526,0.8333271236959763,0.0,0.0
154,Daniel Ceballos Fernández,Arsenal,6.153800298062594,7.27267307952852,0.0,0.0,16.666542473919524,1.6666542473919526,15.833215350223549,1.6666542473919526,8.333271236959762,3.333308494783905,1.6666542473919526,14.166561102831597,0.0,16.666542473919524,0.0
155,Moussa Djenepo,Southampton,6.153800298062594,13.33323397913562,23.333159463487338,2.499981371087929,1.6666542473919526,0.0,0.0,0.0,0.0,0.0,26.66646795827124,0.0,25.833140834575264,0.0,0.0
156,Romain Saïss,Wolves,6.025596125186291,7.833274962742178,5.833289865871834,1.6666542473919526,0.0,1.6666542473919526,0.0,0.0,0.0,0.0,14.166561102831597,54.999590163934435,0.0,0.0,0.0
157,Jordan Henderson,Liverpool,6.025596125186291,6.527729135618482,1.6666542473919526,3.333308494783905,0.0,15.833215350223549,0.0,0.0,1.6666542473919526,1.6666542473919526,0.0,3.333308494783905,16.666542473919524,0.0,34.16641207153503
158,Marcos Alonso,Chelsea,6.025596125186289,11.190392803917394,0.0,0.0,0.0,0.0,34.999739195231,6.66661698956781,12.499906855439642,2.499981371087929,19.99985096870343,0.0,1.6666542473919526,0.0,0.0
159,Kenny McLean,Norwich,5.961494038748138,6.458285208643816,3.333308494783905,23.333159463487338,0.0,0.0,34.16641207153503,0.8333271236959763,1.6666542473919526,0.0,14.166561102831597,0.0,0.0,0.0,0.0
160,Toby Alderweireld,Spurs,5.961494038748137,6.458285208643815,44.999664679582715,0.0,4.999962742175858,15.833215350223549,0.0,1.6666542473919526,0.0,1.6666542473919526,0.0,1.6666542473919526,0.0,0.0,6.66661698956781
161,Issa Diop,West Ham,5.833289865871834,5.833289865871834,0.0,0.0,3.333308494783905,3.333308494783905,0.0,27.499795081967218,1.6666542473919526,0.0,1.6666542473919526,29.166449329359168,0.0,3.333308494783905,5.833289865871834
162,Fernando Luiz Rosa,Man City,5.8332898658718335,8.425863139592648,28.333122205663194,0.0,4.999962742175858,35.83306631892698,1.6666542473919526,3.333308494783905,0.0,1.6666542473919526,0.0,0.0,0.0,0.0,0.0
163,Jonjo Shelvey,Newcastle,5.70508569299553,9.270764251117736,5.833289865871834,14.166561102831597,6.66661698956781,0.0,0.0,0.0,0.0,5.833289865871834,2.499981371087929,0.0,0.0,17.4998695976155,21.66650521609538
164,Ciaran Clark,Newcastle,5.70508569299553,12.361019001490314,1.6666542473919526,41.66635618479881,27.499795081967218,0.0,3.333308494783905,0.0,0.0,0.0,0.0,0.0,0.0,0.0,0.0
165,Martín Montoya,Brighton,5.705085692995529,6.180509500745156,29.166449329359168,0.0,3.333308494783905,1.6666542473919526,16.666542473919524,8.333271236959762,0.0,1.6666542473919526,0.0,1.6666542473919526,8.333271236959762,1.6666542473919526,1.6666542473919526
166,Wilfred Ndidi,Leicester,5.640983606557378,6.111065573770492,14.999888226527572,4.166635618479881,0.8333271236959763,6.66661698956781,0.0,0.0,14.166561102831597,0.8333271236959763,13.33323397913562,1.6666542473919526,0.0,14.166561102831597,2.499981371087929
167,Steve Cook,Bournemouth,5.576881520119226,5.576881520119226,32.499757824143074,8.333271236959762,0.0,18.333196721311477,3.333308494783905,3.333308494783905,0.0,0.0,3.333308494783905,0.0,0.0,0.0,3.333308494783905
168,Fabián Balbuena,West Ham,5.576881520119225,14.499891952309985,0.0,1.6666542473919526,67.49949701937408,3.333308494783905,0.0,0.0,0.0,0.0,0.0,0.0,0.0,0.0,0.0
169,Maximillian Aarons,Norwich,5.512779433681073,6.515102967077632,0.0,6.66661698956781,0.0,3.333308494783905,3.333308494783905,16.666542473919524,8.333271236959762,0.0,0.0,16.666542473919524,1.6666542473919526,14.999888226527572,0.0
170,Ricardo Domingos Barbosa Pereira,Leicester,5.4486773472429215,5.4486773472429215,0.0,8.333271236959762,3.333308494783905,3.333308494783905,13.33323397913562,0.0,7.499944113263786,19.99985096870343,3.333308494783905,1.6666542473919526,0.0,2.499981371087929,7.499944113263786
171,Benjamin Chilwell,Leicester,5.320473174366618,6.287831933342367,5.833289865871834,3.333308494783905,7.499944113263786,19.166523845007454,6.66661698956781,3.333308494783905,6.66661698956781,1.6666542473919526,7.499944113263786,0.0,0.0,0.0,7.499944113263786
172,Angelo Ogbonna,West Ham,5.320473174366618,7.68512791852956,15.833215350223549,0.0,0.0,0.0,30.83310357675112,3.333308494783905,0.0,0.0,0.0,1.6666542473919526,17.4998695976155,0.0,0.0
173,Federico Fernández,Newcastle,5.192269001490313,9.642785288482012,30.83310357675112,19.166523845007454,15.833215350223549,1.6666542473919526,0.0,0.0,0.0,0.0,0.0,0.0,0.0,0.0,0.0
174,Mark Noble,West Ham,5.128166915052162,6.0605608996071005,0.0,0.0,1.6666542473919526,3.333308494783905,0.0,4.166635618479881,4.999962742175858,5.833289865871834,25.833140834575264,3.333308494783905,17.4998695976155,0.0,0.0
175,Joseph Willock,Arsenal,5.0640648286140095,6.583284277198213,14.166561102831597,0.0,0.0,0.0,4.999962742175858,3.333308494783905,3.333308494783905,9.999925484351715,4.999962742175858,0.0,0.0,18.333196721311477,6.66661698956781
176,Johann Berg Gudmundsson,Burnley,5.0640648286140095,16.458210692995532,0.0,0.0,0.0,0.0,0.0,27.499795081967218,0.0,0.0,0.0,0.0,16.666542473919524,3.333308494783905,18.333196721311477
177,Fabian Schär,Newcastle,4.999962742175858,7.222168405365128,0.0,0.0,0.0,0.0,0.0,9.999925484351715,1.6666542473919526,4.166635618479881,8.333271236959762,19.166523845007454,3.333308494783905,14.166561102831597,4.166635618479881
178,Maya Yoshida,Southampton,4.935860655737705,9.166598360655739,0.0,0.0,0.0,1.6666542473919526,1.6666542473919526,7.499944113263786,20.833178092399404,0.0,1.6666542473919526,0.0,0.0,30.83310357675112,0.0
179,Moussa Sissoko,Spurs,4.871758569299553,4.871758569299553,0.0,3.333308494783905,0.0,0.0,0.8333271236959763,3.333308494783905,0.0,0.0,0.0,8.333271236959762,4.999962742175858,0.0,42.49968330849479
180,N'Golo Kanté,Chelsea,4.807656482861401,10.416589046199702,30.83310357675112,2.499981371087929,0.0,0.0,0.0,5.833289865871834,0.0,8.333271236959762,0.0,0.0,0.0,14.999888226527572,0.0
181,Bamidele Alli,Spurs,4.743554396423249,10.277701192250374,3.333308494783905,0.0,14.166561102831597,10.83325260804769,33.33308494783905,0.0,0.0,0.0,0.0,0.0,0.0,0.0,0.0
182,Danny Welbeck,Watford,4.615350223546946,11.999910581222057,0.0,0.0,0.0,0.0,0.0,17.4998695976155,40.833029061102835,0.0,0.0,0.0,1.6666542473919526,0.0,0.0
183,Dale Stephens,Brighton,4.615350223546946,4.615350223546946,0.0,0.0,0.8333271236959763,0.0,8.333271236959762,6.66661698956781,5.833289865871834,7.499944113263786,14.999888226527572,3.333308494783905,0.0,12.499906855439642,0.0
184,Chris Mepham,Bournemouth,4.615350223546946,14.999888226527574,0.0,0.0,0.0,0.0,0.0,0.0,0.0,0.0,0.0,1.6666542473919526,1.6666542473919526,0.0,56.66624441132639
185,Mateo Kovacic,Chelsea,4.615350223546945,4.615350223546945,0.0,8.333271236959762,14.999888226527572,6.66661698956781,0.0,0.0,0.0,6.66661698956781,0.0,6.66661698956781,16.666542473919524,0.0,0.0
186,Isaac Hayden,Newcastle,4.551248137108794,5.916622578241432,14.166561102831597,0.0,0.0,0.0,0.0,0.0,0.8333271236959763,0.0,6.66661698956781,22.499832339791357,6.66661698956781,8.333271236959762,0.0
187,Rodrigo Hernandez,Man City,4.551248137108794,5.378747798401301,0.0,1.6666542473919526,0.0,0.0,1.6666542473919526,3.333308494783905,0.0,6.66661698956781,21.66650521609538,3.333308494783905,14.999888226527572,5.833289865871834,0.0
188,Sokratis Papastathopoulos,Arsenal,4.551248137108793,4.930518815201192,29.999776453055144,0.0,3.333308494783905,15.833215350223549,1.6666542473919526,0.0,0.0,6.66661698956781,0.0,0.0,0.0,1.6666542473919526,0.0
189,Tom Trybull,Norwich,4.487146050670642,7.291612332339793,17.4998695976155,14.999888226527572,18.333196721311477,0.0,0.8333271236959763,0.0,0.0,0.0,0.0,0.0,0.0,3.333308494783905,3.333308494783905
190,Jesse Lingard,Man Utd,4.487146050670641,5.8332898658718335,9.999925484351715,14.999888226527572,1.6666542473919526,0.8333271236959763,0.0,0.0,1.6666542473919526,14.999888226527572,0.0,10.83325260804769,0.0,1.6666542473919526,1.6666542473919526
191,Adam Smith,Bournemouth,4.42304396423249,6.388841281669152,0.0,0.0,3.333308494783905,0.0,1.6666542473919526,0.0,0.0,0.0,0.0,18.333196721311477,27.499795081967218,3.333308494783905,3.333308494783905
192,Scott Dann,Crystal Palace,4.423043964232489,19.166523845007454,0.0,0.0,0.0,0.0,0.0,0.0,0.0,0.0,0.0,0.0,0.0,1.6666542473919526,55.83291728763041
193,Demarai Gray,Leicester,4.358941877794337,6.296249379036265,1.6666542473919526,23.333159463487338,1.6666542473919526,1.6666542473919526,0.0,0.0,0.0,0.0,9.999925484351715,18.333196721311477,0.0,0.0,0.0
194,Paul Pogba,Man Utd,4.2948397913561855,11.166583457526084,0.0,0.0,0.0,0.0,0.0,0.0,7.499944113263786,0.0,0.0,1.6666542473919526,19.166523845007454,22.499832339791357,4.999962742175858
195,Reiss Nelson,Arsenal,4.2948397913561855,13.958229321907602,0.0,0.0,0.0,0.0,0.0,0.0,5.833289865871834,0.0,15.833215350223549,0.0,0.0,30.83310357675112,3.333308494783905
196,Brandon Williams,Man Utd,4.28568235043645,7.499944113263787,14.166561102831597,15.833215350223549,0.0,0.0,0.0,0.0,0.0,0.0,0.0,0.0,0.0,0.0,0.0
197,Adam Webster,Brighton,4.166635618479882,6.018473671137607,1.6666542473919526,0.0,0.0,0.0,40.833029061102835,1.6666542473919526,4.999962742175858,3.333308494783905,0.0,1.6666542473919526,0.0,0.0,0.0
198,Jamaal Lascelles,Newcastle,4.166635618479882,4.5138552533532055,0.0,0.0,0.0,30.83310357675112,0.0,0.0,0.0,1.6666542473919526,0.0,3.333308494783905,3.333308494783905,14.999888226527572,0.0
199,Frederico Rodrigues de Paula Santos,Man Utd,4.102533532041729,5.92588176850472,0.0,6.66661698956781,19.99985096870343,14.999888226527572,6.66661698956781,0.8333271236959763,0.8333271236959763,1.6666542473919526,1.6666542473919526,0.0,0.0,0.0,0.0
200,Billy Sharp,Sheffield Utd,4.102533532041729,6.66661698956781,0.0,0.0,14.166561102831597,0.0,1.6666542473919526,1.6666542473919526,0.0,0.0,3.333308494783905,0.0,3.333308494783905,0.0,29.166449329359168
201,Andros Townsend,Crystal Palace,4.102533532041729,4.84844871968568,19.166523845007454,1.6666542473919526,0.0,3.333308494783905,0.0,0.0,14.166561102831597,0.0,3.333308494783905,0.0,0.0,11.666579731743669,0.0
202,César Azpilicueta,Chelsea,4.038431445603577,4.374967399403876,1.6666542473919526,0.0,6.66661698956781,3.333308494783905,3.333308494783905,0.0,3.333308494783905,4.999962742175858,3.333308494783905,3.333308494783905,15.833215350223549,4.999962742175858,1.6666542473919526
203,Serge Aurier,Spurs,4.038431445603577,6.562451099105813,0.0,9.166598360655739,0.0,0.0,16.666542473919524,0.0,0.0,8.333271236959762,18.333196721311477,0.0,0.0,0.0,0.0
204,Çaglar Söyüncü,Leicester,3.9743293591654254,3.9743293591654254,0.0,0.0,30.83310357675112,0.0,8.333271236959762,0.0,0.0,0.0,4.999962742175858,2.499981371087929,1.6666542473919526,1.6666542473919526,1.6666542473919526
205,Arnaut Danjuma Groeneveld,Bournemouth,3.9743293591654245,8.61104694485842,3.333308494783905,3.333308494783905,0.0,17.4998695976155,21.66650521609538,5.833289865871834,0.0,0.0,0.0,0.0,0.0,0.0,0.0
206,João Pedro Cavaco Cancelo,Man City,3.9102272727272736,8.472159090909093,4.999962742175858,0.0,0.0,7.499944113263786,24.166486587183314,14.166561102831597,0.0,0.0,0.0,0.0,0.0,0.0,0.0
207,Sam Byram,Norwich,3.8461251862891217,9.999925484351717,28.333122205663194,0.0,0.0,1.6666542473919526,0.0,0.0,0.0,4.999962742175858,14.999888226527572,0.0,0.0,0.0,0.0
208,José Holebas,Watford,3.8461251862891213,4.999962742175858,17.4998695976155,6.66661698956781,0.0,0.0,1.6666542473919526,0.0,14.999888226527572,0.0,9.166598360655739,0.0,0.0,0.0,0.0
209,Dan Burn,Brighton,3.7820230998509694,3.7820230998509694,0.0,0.0,0.0,0.0,0.0,6.66661698956781,24.166486587183314,0.0,1.6666542473919526,0.0,1.6666542473919526,14.166561102831597,0.8333271236959763
210,Divock Origi,Liverpool,3.7820230998509694,4.91663002980626,0.0,0.0,9.999925484351715,0.0,9.999925484351715,0.0,6.66661698956781,0.0,3.333308494783905,1.6666542473919526,0.0,0.0,17.4998695976155
211,Max Meyer,Crystal Palace,3.653818926974665,11.87491151266766,0.0,0.0,0.0,0.0,0.0,0.0,0.0,0.0,0.0,0.0,0.0,1.6666542473919526,45.83299180327869
212,Ismaïla Sarr,Watford,3.589716840536513,7.777719821162445,14.999888226527572,0.0,0.0,0.0,0.0,1.6666542473919526,8.333271236959762,0.0,14.999888226527572,0.0,6.66661698956781,0.0,0.0
213,Kurt Zouma,Chelsea,3.589716840536513,3.8888599105812225,0.0,0.0,0.0,0.0,14.166561102831597,3.333308494783905,0.0,0.0,3.333308494783905,3.333308494783905,0.0,15.833215350223549,6.66661698956781
214,Moritz Leitner,Norwich,3.397410581222057,4.907370839542971,0.0,0.0,0.0,0.0,2.499981371087929,20.833178092399404,8.333271236959762,2.499981371087929,0.0,1.6666542473919526,1.6666542473919526,3.333308494783905,3.333308494783905
215,Shane Duffy,Brighton,3.333308494783905,5.416626304023846,9.166598360655739,5.833289865871834,17.4998695976155,0.0,0.0,0.0,0.0,0.0,1.6666542473919526,0.0,4.999962742175858,2.499981371087929,1.6666542473919526
216,Juan Mata,Man Utd,3.3333084947839047,6.190430061741537,0.0,0.0,0.0,0.0,0.0,3.333308494783905,0.0,14.166561102831597,19.166523845007454,6.66661698956781,0.0,0.0,0.0
217,Phil Foden,Man City,3.3333084947839047,8.666602086438152,8.333271236959762,0.0,0.0,33.33308494783905,1.6666542473919526,0.0,0.0,0.0,0.0,0.0,0.0,0.0,0.0
218,Pedro Lomba Neto,Wolves,3.2692064083457533,5.312460413561849,0.0,4.999962742175858,6.66661698956781,6.66661698956781,0.0,0.0,17.4998695976155,0.0,0.0,0.0,4.999962742175858,1.6666542473919526,0.0
219,Oliver Norwood,Sheffield Utd,3.205104321907601,3.205104321907601,6.66661698956781,7.499944113263786,0.0,0.0,0.8333271236959763,1.6666542473919526,5.833289865871834,0.0,0.0,5.833289865871834,6.66661698956781,6.66661698956781,0.0
220,Dejan Lovren,Liverpool,3.205104321907601,8.333271236959764,3.333308494783905,9.166598360655739,8.333271236959762,15.833215350223549,0.0,4.999962742175858,0.0,0.0,0.0,0.0,0.0,0.0,0.0
221,Jamal Lewis,Norwich,3.1410022354694496,3.4027524217585703,0.0,10.83325260804769,1.6666542473919526,0.8333271236959763,1.6666542473919526,9.166598360655739,1.6666542473919526,3.333308494783905,0.0,6.66661698956781,1.6666542473919526,3.333308494783905,0.0
222,Antonio Rüdiger,Chelsea,3.1410022354694487,40.833029061102835,0.0,0.0,0.0,0.0,0.0,0.0,0.0,0.0,40.833029061102835,0.0,0.0,0.0,0.0
223,Adam Lallana,Liverpool,3.1410022354694487,8.166605812220567,0.0,0.0,11.666579731743669,0.0,29.166449329359168,0.0,0.0,0.0,0.0,0.0,0.0,0.0,0.0
224,Oleksandr Zinchenko,Man City,3.076900149031297,5.714243133915266,0.0,0.0,0.0,0.0,0.0,13.33323397913562,0.0,0.0,13.33323397913562,0.8333271236959763,0.0,11.666579731743669,0.8333271236959763
225,Troy Deeney,Watford,3.076900149031297,13.33323397913562,1.6666542473919526,0.0,0.0,0.0,0.0,0.0,0.0,0.0,0.0,0.0,0.0,30.83310357675112,7.499944113263786
226,Glenn Murray,Brighton,3.0127980625931454,3.916637481371089,1.6666542473919526,0.0,0.0,0.0,0.0,0.0,0.8333271236959763,0.0,23.333159463487338,0.0,3.333308494783905,6.66661698956781,3.333308494783905
227,Dennis Praet,Leicester,3.0127980625931454,4.3518194237456544,0.0,14.999888226527572,0.0,0.0,0.0,0.8333271236959763,16.666542473919524,0.0,0.0,0.0,6.66661698956781,0.0,0.0
228,Yan Valery,Southampton,3.0127980625931454,5.595196401958698,0.0,0.0,0.0,14.166561102831597,0.0,1.6666542473919526,0.0,0.0,0.0,0.0,0.0,18.333196721311477,4.999962742175858
229,Ashley Westwood,Burnley,3.0127980625931445,3.0127980625931445,0.0,0.0,0.0,16.666542473919524,6.66661698956781,0.0,0.0,8.333271236959762,3.333308494783905,0.0,0.8333271236959763,3.333308494783905,0.0
230,João Filipe Iria Santos Moutinho,Wolves,3.0127980625931445,3.0127980625931445,6.66661698956781,3.333308494783905,22.499832339791357,5.833289865871834,0.8333271236959763,0.0,0.0,0.0,0.0,0.0,0.0,0.0,0.0
231,Michael Keane,Everton,2.9486959761549936,3.484822517274083,0.0,0.0,0.0,0.0,17.4998695976155,9.166598360655739,1.6666542473919526,1.6666542473919526,0.0,3.333308494783905,4.999962742175858,0.0,0.0
232,Henrikh Mkhitaryan,Arsenal,2.948695976154993,12.777682563338303,0.0,0.0,0.0,0.0,0.0,0.0,0.0,0.0,0.0,19.99985096870343,0.0,0.0,18.333196721311477
233,Ryan Fredericks,West Ham,2.948695976154993,3.1944206408345757,1.6666542473919526,1.6666542473919526,0.0,0.0,0.0,1.6666542473919526,11.666579731743669,4.999962742175858,3.333308494783905,8.333271236959762,3.333308494783905,1.6666542473919526,0.0
234,Granit Xhaka,Arsenal,2.948695976154993,4.259227521112767,0.0,0.0,0.0,3.333308494783905,10.83325260804769,3.333308494783905,3.333308494783905,3.333308494783905,2.499981371087929,7.499944113263786,0.0,0.0,4.166635618479881
235,Keinan Davis,Aston Villa,2.948695976154993,6.388841281669151,0.0,0.0,0.0,20.833178092399404,14.166561102831597,0.0,0.0,0.0,3.333308494783905,0.0,0.0,0.0,0.0
236,Daryl Janmaat,Watford,2.948695976154993,4.7916309612518635,0.0,5.833289865871834,3.333308494783905,3.333308494783905,16.666542473919524,0.0,0.0,0.0,0.8333271236959763,8.333271236959762,0.0,0.0,0.0
237,Sead Kolasinac,Arsenal,2.8845938897168404,3.7499720566318926,0.0,9.999925484351715,0.0,0.0,8.333271236959762,0.0,0.0,8.333271236959762,0.0,10.83325260804769,0.0,0.0,0.0
238,Paul Dummett,Newcastle,2.820491803278689,3.6666393442622955,1.6666542473919526,0.0,0.0,0.0,0.0,0.0,0.0,0.0,0.0,7.499944113263786,0.0,27.499795081967218,0.0
239,Christian Atsu,Newcastle,2.756389716840537,3.2575514835388164,8.333271236959762,0.0,0.0,0.0,0.0,0.0,3.333308494783905,4.999962742175858,1.6666542473919526,15.833215350223549,1.6666542473919526,0.0,0.0
240,Hamza Choudhury,Leicester,2.756389716840537,4.479133289865873,0.0,0.0,0.0,0.0,0.0,0.0,0.0,0.0,17.4998695976155,1.6666542473919526,1.6666542473919526,8.333271236959762,6.66661698956781
241,John Stones,Man City,2.692287630402385,4.999962742175858,3.333308494783905,3.333308494783905,9.166598360655739,17.4998695976155,0.0,0.0,0.0,0.0,1.6666542473919526,0.0,0.0,0.0,0.0
242,Sean Longstaff,Newcastle,2.692287630402385,4.374967399403875,0.0,0.0,0.0,8.333271236959762,0.0,5.833289865871834,0.0,0.0,0.0,6.66661698956781,14.166561102831597,0.0,0.0
243,Jorge Luiz Frello Filho,Chelsea,2.692287630402385,2.9166449329359168,0.0,0.0,0.0,0.0,0.0,0.0,14.999888226527572,0.8333271236959763,0.0,3.333308494783905,8.333271236959762,0.8333271236959763,6.66661698956781
244,Josip Drmic,Norwich,2.692287630402385,4.374967399403875,0.0,0.0,1.6666542473919526,0.0,0.0,15.833215350223549,8.333271236959762,1.6666542473919526,0.0,5.833289865871834,0.0,0.0,1.6666542473919526
245,Oriol Romeu Vidal,Southampton,2.628185543964233,2.8472010059612525,0.0,1.6666542473919526,0.0,0.0,1.6666542473919526,14.999888226527572,0.0,0.0,0.0,6.66661698956781,0.0,0.0,9.166598360655739
246,Fabio Henrique Tavares,Liverpool,2.628185543964233,2.8472010059612525,0.0,12.499906855439642,0.0,6.66661698956781,0.0,0.0,6.66661698956781,0.0,0.0,0.8333271236959763,1.6666542473919526,0.0,5.833289865871834
247,Etienne Capoue,Watford,2.6281855439642325,4.270801508941878,16.666542473919524,0.8333271236959763,0.0,0.0,0.0,0.0,6.66661698956781,0.0,0.0,0.0,0.8333271236959763,8.333271236959762,0.8333271236959763
248,Davinson Sánchez,Spurs,2.564083457526081,3.7036761053154503,14.166561102831597,0.0,0.0,0.0,0.0,0.0,0.0,0.0,0.0,1.6666542473919526,0.0,0.0,17.4998695976155
249,Benjamin Mendy,Man City,2.5640834575260807,8.333271236959762,0.0,0.0,0.0,33.33308494783905,0.0,0.0,0.0,0.0,0.0,0.0,0.0,0.0,0.0
250,Javier Hernández Balcázar,West Ham,2.499981371087929,16.249878912071537,0.0,0.0,0.0,0.0,0.0,0.0,0.0,0.0,0.0,0.0,0.0,17.4998695976155,14.999888226527572
251,DeAndre Yedlin,Newcastle,2.499981371087929,4.642822546306154,0.0,29.166449329359168,0.0,0.0,0.0,3.333308494783905,0.0,0.0,0.0,0.0,0.0,0.0,0.0
252,James Milner,Liverpool,2.499981371087929,3.2499757824143076,0.0,0.0,0.0,0.0,0.0,18.333196721311477,0.0,0.0,0.0,0.0,0.0,14.166561102831597,0.0
253,Fikayo Tomori,Chelsea,2.499981371087929,3.2499757824143076,3.333308494783905,0.0,0.0,0.0,4.999962742175858,0.0,0.0,18.333196721311477,5.833289865871834,0.0,0.0,0.0,0.0
254,Declan Rice,West Ham,2.499981371087929,2.499981371087929,0.0,0.0,0.8333271236959763,7.499944113263786,1.6666542473919526,0.0,5.833289865871834,0.0,14.999888226527572,0.8333271236959763,0.0,0.8333271236959763,0.0
255,John Egan,Sheffield Utd,2.435879284649777,2.6388692250372583,0.0,0.0,1.6666542473919526,0.0,14.999888226527572,6.66661698956781,1.6666542473919526,0.0,1.6666542473919526,0.0,3.333308494783905,0.0,1.6666542473919526
256,Chris Basham,Sheffield Utd,2.371777198211625,2.371777198211625,1.6666542473919526,0.0,1.6666542473919526,0.0,0.0,4.999962742175858,0.0,3.333308494783905,6.66661698956781,2.499981371087929,3.333308494783905,4.999962742175858,1.6666542473919526
257,Stuart Armstrong,Southampton,2.371777198211625,3.0833103576751126,1.6666542473919526,0.0,5.833289865871834,1.6666542473919526,0.0,0.0,5.833289865871834,0.0,0.0,1.6666542473919526,14.166561102831597,0.0,0.0
258,Diego Rico,Bournemouth,2.371777198211625,3.0833103576751126,0.0,0.0,0.0,19.166523845007454,2.499981371087929,0.0,0.0,6.66661698956781,0.0,0.0,0.0,0.0,2.499981371087929
259,Mesut Özil,Arsenal,2.3717771982116247,7.70827589418778,20.833178092399404,1.6666542473919526,6.66661698956781,0.0,0.0,0.0,0.0,0.0,1.6666542473919526,0.0,0.0,0.0,0.0
260,Danny Rose,Spurs,2.307675111773473,2.9999776453055147,0.0,0.0,0.0,3.333308494783905,4.999962742175858,0.0,0.0,4.999962742175858,4.999962742175858,6.66661698956781,3.333308494783905,0.0,1.6666542473919526
261,Joel Matip,Liverpool,2.2435730253353205,4.166635618479881,0.0,0.0,0.0,0.0,0.0,0.0,0.0,3.333308494783905,6.66661698956781,0.0,15.833215350223549,3.333308494783905,0.0
262,Harry Winks,Spurs,2.1794709388971687,2.3610935171385994,0.0,5.833289865871834,0.0,0.0,0.0,0.0,6.66661698956781,0.0,13.33323397913562,0.0,1.6666542473919526,0.0,0.8333271236959763
263,Frédéric Guilbert,Aston Villa,2.115368852459017,2.499981371087929,1.6666542473919526,0.0,0.0,0.0,1.6666542473919526,0.0,0.0,0.0,14.166561102831597,7.499944113263786,2.499981371087929,0.0,0.0
264,Nemanja Matic,Man Utd,2.0512667660208646,8.88882265275708,0.0,0.0,0.0,0.0,0.0,0.0,0.0,9.166598360655739,0.0,17.4998695976155,0.0,0.0,0.0
265,Francisco Femenía Far,Watford,1.9871646795827127,2.8703489816194736,4.999962742175858,0.0,0.0,0.0,0.0,0.0,0.0,0.0,7.499944113263786,0.8333271236959763,0.0,6.66661698956781,5.833289865871834
266,Ainsley Maitland-Niles,Arsenal,1.9871646795827127,4.30552347242921,0.0,0.0,0.0,0.0,0.0,0.0,0.0,6.66661698956781,3.333308494783905,9.999925484351715,0.0,5.833289865871834,0.0
267,Kieran Tierney,Arsenal,1.9871646795827123,8.61104694485842,18.333196721311477,0.0,3.333308494783905,4.166635618479881,0.0,0.0,0.0,0.0,0.0,0.0,0.0,0.0,0.0
268,Emil Krafth,Newcastle,1.9230625931445606,4.166635618479881,0.0,0.0,0.0,0.0,0.0,0.0,1.6666542473919526,0.0,18.333196721311477,1.6666542473919526,0.0,3.333308494783905,0.0
269,Jürgen Locadia,Brighton,1.9230625931445606,12.499906855439644,0.0,0.0,0.0,0.0,0.0,0.0,0.0,0.0,0.0,0.0,9.166598360655739,0.0,15.833215350223549
270,Jefferson Lerma,Bournemouth,1.9230625931445606,2.2727103373526627,0.0,0.0,7.499944113263786,7.499944113263786,0.0,1.6666542473919526,0.0,0.0,0.0,0.8333271236959763,0.0,0.0,7.499944113263786
271,Michael Obafemi,Southampton,1.9230625931445606,4.999962742175858,21.66650521609538,0.0,0.0,0.0,0.0,0.0,0.0,0.0,0.0,0.0,0.0,0.0,3.333308494783905
272,Joel Ward,Crystal Palace,1.9230625931445606,1.9230625931445606,0.0,0.0,5.833289865871834,0.0,0.0,1.6666542473919526,0.0,0.8333271236959763,14.999888226527572,1.6666542473919526,0.0,0.0,0.0
273,Aaron Wan-Bissaka,Man Utd,1.8589605067064088,2.196953326107574,0.0,4.999962742175858,0.0,0.0,1.6666542473919526,0.0,0.0,1.6666542473919526,0.0,8.333271236959762,1.6666542473919526,4.166635618479881,1.6666542473919526
274,Andy Carroll,Newcastle,1.8589605067064088,3.4523552267404733,14.166561102831597,0.0,1.6666542473919526,0.0,0.0,3.333308494783905,1.6666542473919526,3.333308494783905,0.0,0.0,0.0,0.0,0.0
275,Eric Dier,Spurs,1.8589605067064086,6.041621646795828,8.333271236959762,1.6666542473919526,0.0,0.0,0.0,0.0,14.166561102831597,0.0,0.0,0.0,0.0,0.0,0.0
276,Marc Albrighton,Leicester,1.8589605067064083,4.0277477645305515,0.0,0.0,0.0,9.166598360655739,0.0,0.0,1.6666542473919526,0.0,0.0,4.166635618479881,0.0,0.0,9.166598360655739
277,Djibril Sidibé,Everton,1.7948584202682567,3.888859910581223,0.0,18.333196721311477,1.6666542473919526,0.0,1.6666542473919526,1.6666542473919526,0.0,0.0,0.0,0.0,0.0,0.0,0.0
278,Cédric Soares,Southampton,1.7948584202682565,4.666631892697467,9.999925484351715,1.6666542473919526,0.0,0.0,0.0,0.0,0.0,6.66661698956781,4.999962742175858,0.0,0.0,0.0,0.0
279,Mario Vrancic,Norwich,1.7948584202682565,7.777719821162445,0.0,6.66661698956781,0.0,0.0,0.0,0.0,0.0,0.0,0.0,0.0,1.6666542473919526,14.999888226527572,0.0
280,Neil Taylor,Aston Villa,1.7307563338301046,2.81247904247392,0.0,0.8333271236959763,0.0,0.0,0.0,0.0,0.0,0.0,0.0,0.0,1.6666542473919526,19.99985096870343,0.0
281,Matt Targett,Aston Villa,1.6666542473919526,3.095215030870769,1.6666542473919526,0.0,0.0,0.0,16.666542473919524,1.6666542473919526,1.6666542473919526,0.0,0.0,0.0,0.0,0.0,0.0
282,José Ángel Esmorís Tasende,Man City,1.6666542473919526,5.416626304023846,0.0,19.99985096870343,0.0,0.0,0.0,0.0,0.0,1.6666542473919526,0.0,0.0,0.0,0.0,0.0
283,Morgan Schneiderlin,Everton,1.6025521609538005,2.604147261549926,16.666542473919524,0.8333271236959763,0.0,0.0,0.0,0.0,0.0,2.499981371087929,0.0,0.0,0.8333271236959763,0.0,0.0
284,Ryan Bertrand,Southampton,1.6025521609538005,2.604147261549926,3.333308494783905,0.0,0.0,0.0,4.999962742175858,0.0,1.6666542473919526,3.333308494783905,0.0,0.0,0.0,1.6666542473919526,5.833289865871834
285,Olivier Giroud,Chelsea,1.6025521609538005,5.208294523099852,0.0,0.0,0.0,3.333308494783905,0.0,0.0,0.0,0.0,0.0,0.0,0.0,17.4998695976155,0.0
286,Craig Cathcart,Watford,1.5384500745156482,1.8181682698821298,14.999888226527572,1.6666542473919526,0.0,0.0,0.0,0.0,0.0,0.0,0.0,0.0,3.333308494783905,0.0,0.0
287,Adrian Mariappa,Watford,1.4102459016393445,4.583299180327869,14.999888226527572,0.0,3.333308494783905,0.0,0.0,0.0,0.0,0.0,0.0,0.0,0.0,0.0,0.0
288,Grant Hanley,Norwich,1.3461438152011924,5.8332898658718335,0.0,0.0,0.0,0.0,0.0,0.0,0.0,0.0,0.0,0.0,14.166561102831597,3.333308494783905,0.0
289,José Ignacio Peleteiro Romallo,Aston Villa,1.3461438152011924,3.4999739195231,0.0,0.0,0.0,0.0,0.0,0.0,0.0,0.0,6.66661698956781,3.333308494783905,1.6666542473919526,5.833289865871834,0.0
290,Florin Andone,Brighton,1.3461438152011924,5.8332898658718335,0.0,0.0,0.0,0.0,0.0,0.0,0.0,0.0,0.0,0.0,1.6666542473919526,1.6666542473919526,14.166561102831597
291,Gabriel Teodoro Martinelli Silva,Arsenal,1.2820417287630406,3.3333084947839056,1.6666542473919526,0.0,3.333308494783905,0.0,0.0,11.666579731743669,0.0,0.0,0.0,0.0,0.0,0.0,0.0
292,Bjorn Engels,Aston Villa,1.2179396423248885,1.4393832136566864,0.0,0.0,0.0,0.0,3.333308494783905,3.333308494783905,0.0,0.0,0.0,0.0,1.6666542473919526,7.499944113263786,0.0
293,Andreas Christensen,Chelsea,1.2179396423248885,2.6388692250372583,0.0,0.0,0.0,0.0,0.0,0.0,0.0,0.0,0.0,0.0,14.166561102831597,0.0,1.6666542473919526
294,Dennis Srbeny,Norwich,1.2179396423248885,2.6388692250372583,14.166561102831597,0.0,1.6666542473919526,0.0,0.0,0.0,0.0,0.0,0.0,0.0,0.0,0.0,0.0
295,Jack Stacey,Bournemouth,1.2179396423248885,3.9583038375558877,0.0,0.0,0.0,0.0,0.0,14.166561102831597,1.6666542473919526,0.0,0.0,0.0,0.0,0.0,0.0
296,Aymeric Laporte,Man City,1.2179396423248885,3.9583038375558877,0.0,0.0,0.0,0.0,0.0,0.0,0.0,0.0,0.0,0.0,1.6666542473919526,14.166561102831597,0.0
297,Dean Henderson,Sheffield Utd,1.1538375558867364,1.2499906855439644,0.0,0.0,0.0,0.0,0.0,0.0,0.0,0.0,14.999888226527572,0.0,0.0,0.0,0.0
298,Simon Francis,Bournemouth,1.1538375558867364,3.749972056631893,0.0,14.999888226527572,0.0,0.0,0.0,0.0,0.0,0.0,0.0,0.0,0.0,0.0,0.0
299,Marvelous Nakamba,Aston Villa,1.1538375558867364,1.8749860283159467,0.0,7.499944113263786,0.0,1.6666542473919526,0.0,0.0,0.0,5.833289865871834,0.0,0.0,0.0,0.0,0.0
300,Lewis Cook,Bournemouth,1.1538375558867364,2.1428411752182246,6.66661698956781,8.333271236959762,0.0,0.0,0.0,0.0,0.0,0.0,0.0,0.0,0.0,0.0,0.0
301,Ashley Young,Man Utd,1.1538375558867364,1.6666542473919526,0.0,0.0,1.6666542473919526,0.0,0.0,3.333308494783905,1.6666542473919526,0.0,0.0,2.499981371087929,5.833289865871834,0.0,0.0
302,Robbie Brady,Burnley,1.1538375558867364,2.499981371087929,0.0,1.6666542473919526,6.66661698956781,0.0,6.66661698956781,0.0,0.0,0.0,0.0,0.0,0.0,0.0,0.0
303,Kyle Walker-Peters,Spurs,1.1538375558867364,4.999962742175858,0.0,0.0,0.0,0.0,0.0,0.0,0.0,0.0,0.0,0.0,3.333308494783905,0.0,11.666579731743669
304,Georges-Kévin Nkoudou,Spurs,1.1538375558867364,14.999888226527572,0.0,0.0,0.0,0.0,0.0,0.0,0.0,0.0,0.0,0.0,0.0,0.0,14.999888226527572
305,Tyrone Mings,Aston Villa,1.1538375558867364,1.1538375558867364,0.0,3.333308494783905,0.0,0.0,0.0,1.6666542473919526,0.0,3.333308494783905,1.6666542473919526,0.0,3.333308494783905,1.6666542473919526,0.0
306,Isaac Success Ajayi,Watford,1.0897354694485843,7.083280551415799,0.0,0.0,0.0,0.0,0.0,0.0,0.0,0.0,0.0,14.166561102831597,0.0,0.0,0.0
307,Ben Foster,Watford,1.0897354694485843,1.0897354694485843,0.0,0.0,14.166561102831597,0.0,0.0,0.0,0.0,0.0,0.0,0.0,0.0,0.0,0.0
308,Luke Freeman,Sheffield Utd,1.0897354694485843,2.3610935171385994,0.0,0.0,0.0,0.0,0.0,0.0,0.0,0.0,0.0,2.499981371087929,3.333308494783905,8.333271236959762,0.0
309,Ezri Konsa Ngoyo,Aston Villa,1.0897354694485843,4.722187034277199,14.166561102831597,0.0,0.0,0.0,0.0,0.0,0.0,0.0,0.0,0.0,0.0,0.0,0.0
310,Nathaniel Chalobah,Watford,1.0256333830104323,3.333308494783905,0.0,0.0,8.333271236959762,0.0,0.0,0.0,0.0,0.0,0.0,4.999962742175858,0.0,0.0,0.0
311,Phil Bardsley,Burnley,1.0256333830104323,6.666616989567809,0.8333271236959763,12.499906855439642,0.0,0.0,0.0,0.0,0.0,0.0,0.0,0.0,0.0,0.0,0.0
312,Ibrahim Amadou,Norwich,1.0256333830104323,1.6666542473919526,0.0,0.0,0.0,0.0,3.333308494783905,9.999925484351715,0.0,0.0,0.0,0.0,0.0,0.0,0.0
313,Ben Godfrey,Norwich,1.0256333830104323,1.0256333830104323,0.0,1.6666542473919526,0.0,0.0,0.0,0.8333271236959763,0.0,0.0,0.0,0.0,4.999962742175858,0.0,5.833289865871834
314,Giovani Lo Celso,Spurs,1.0256333830104323,2.22220566318927,0.0,10.83325260804769,0.0,1.6666542473919526,0.0,0.0,0.0,0.0,0.0,0.0,0.8333271236959763,0.0,0.0
315,Matthew Lowton,Burnley,0.9615312965722805,1.1363551686763316,0.0,0.0,0.0,1.6666542473919526,1.6666542473919526,1.6666542473919526,1.6666542473919526,1.6666542473919526,1.6666542473919526,0.0,0.0,0.8333271236959763,1.6666542473919526
316,Matej Vydra,Burnley,0.9615312965722803,3.124976713859911,0.0,0.0,0.0,9.166598360655739,1.6666542473919526,0.0,0.0,0.0,1.6666542473919526,0.0,0.0,0.0,0.0
317,Matthew Longstaff,Newcastle,0.9259190263288626,2.7777570789865877,0.0,0.0,0.0,1.6666542473919526,0.0,6.66661698956781,0.0,0.0,0.0,0.0,0.0,0.0,0.0
318,James McCarthy,Crystal Palace,0.8974292101341284,1.2962866368604076,0.0,5.833289865871834,0.0,0.0,0.0,5.833289865871834,0.0,0.0,0.0,0.0,0.0,0.0,0.0
319,Willy Boly,Wolves,0.8974292101341284,1.4583224664679586,0.0,0.0,0.0,0.0,0.0,0.0,0.0,0.0,0.0,6.66661698956781,0.0,1.6666542473919526,3.333308494783905
320,Arthur Masuaku,West Ham,0.8974292101341282,2.3333159463487334,0.0,0.0,0.0,0.0,1.6666542473919526,0.0,0.0,0.0,7.499944113263786,1.6666542473919526,0.8333271236959763,0.0,0.0
321,Ryan Bennett,Wolves,0.8974292101341282,1.6666542473919523,0.0,0.0,0.0,0.0,0.0,0.0,0.0,0.0,0.0,0.0,3.333308494783905,1.6666542473919526,6.66661698956781
322,André Filipe Tavares Gomes,Everton,0.8333271236959763,1.3541565760059615,0.0,0.0,4.999962742175858,0.0,1.6666542473919526,0.0,0.0,0.0,0.0,1.6666542473919526,2.499981371087929,0.0,0.0
323,Aaron Mooy,Brighton,0.7692250372578242,1.4285607834788165,1.6666542473919526,0.0,0.0,0.0,0.0,0.8333271236959763,0.0,7.499944113263786,0.0,0.0,0.0,0.0,0.0
324,Matt Ritchie,Newcastle,0.7692250372578242,3.333308494783905,0.0,0.0,0.0,0.0,0.0,0.0,0.0,0.0,0.0,0.0,0.0,9.999925484351715,0.0
325,Morgan Gibbs-White,Wolves,0.7692250372578242,3.333308494783905,0.0,0.0,0.0,0.0,0.0,0.0,3.333308494783905,0.0,0.0,0.0,6.66661698956781,0.0,0.0
326,Nacho Monreal,Arsenal,0.7692250372578242,3.333308494783905,0.0,0.0,0.0,0.0,0.0,0.0,0.0,0.0,0.0,0.0,3.333308494783905,3.333308494783905,3.333308494783905
327,Mason Holgate,Everton,0.7692250372578242,1.6666542473919526,0.8333271236959763,9.166598360655739,0.0,0.0,0.0,0.0,0.0,0.0,0.0,0.0,0.0,0.0,0.0
328,Ben Davies,Spurs,0.7692250372578242,1.6666542473919526,0.0,1.6666542473919526,1.6666542473919526,0.0,0.0,1.6666542473919526,0.0,0.0,1.6666542473919526,0.0,3.333308494783905,0.0,0.0
329,James Tomkins,Crystal Palace,0.7692250372578242,1.999985096870343,3.333308494783905,3.333308494783905,0.0,3.333308494783905,0.0,0.0,0.0,0.0,0.0,0.0,0.0,0.0,0.0
330,Rúben Gonçalo Silva Nascimento Vinagre,Wolves,0.7692250372578242,1.999985096870343,0.0,0.0,1.6666542473919526,0.0,0.0,4.999962742175858,0.0,0.0,0.0,3.333308494783905,0.0,0.0,0.0
331,Yoshinori Muto,Newcastle,0.7692250372578241,1.9999850968703428,0.0,0.0,0.0,0.0,0.0,0.0,0.0,0.0,0.0,8.333271236959762,0.0,1.6666542473919526,0.0
332,Erik Pieters,Burnley,0.7051229508196724,0.8333271236959764,0.0,0.0,0.0,5.833289865871834,0.0,0.8333271236959763,0.0,0.0,0.0,0.0,0.8333271236959763,0.8333271236959763,0.8333271236959763
333,Luke Shaw,Man Utd,0.6410208643815203,2.7777570789865877,0.0,0.0,0.0,0.0,0.0,0.0,0.0,0.0,0.0,0.0,4.999962742175858,1.6666542473919526,1.6666542473919526
334,Christian Kabasele,Watford,0.6410208643815203,1.1904673195656805,0.0,0.0,0.0,0.0,0.0,1.6666542473919526,0.0,0.0,6.66661698956781,0.0,0.0,0.0,0.0
335,Jan Bednarek,Southampton,0.6410208643815202,0.6410208643815202,0.0,0.0,0.0,0.0,0.0,0.0,0.0,0.0,0.0,0.0,0.0,0.0,8.333271236959762
336,Héctor Bellerín,Arsenal,0.5769187779433682,3.749972056631893,3.333308494783905,4.166635618479881,0.0,0.0,0.0,0.0,0.0,0.0,0.0,0.0,0.0,0.0,0.0
337,Pablo Zabaleta,West Ham,0.5128166915052161,1.3333233979135621,0.0,0.0,1.6666542473919526,4.999962742175858,0.0,0.0,0.0,0.0,0.0,0.0,0.0,0.0,0.0
338,Fabian Delph,Everton,0.5128166915052161,0.9523738556525443,0.0,0.0,0.0,0.0,0.0,6.66661698956781,0.0,0.0,0.0,0.0,0.0,0.0,0.0
339,Martin Kelly,Crystal Palace,0.5128166915052161,0.8333271236959763,0.0,0.0,0.0,0.0,0.0,3.333308494783905,0.0,0.0,0.0,0.0,1.6666542473919526,1.6666542473919526,0.0
340,Sebastian Prödl,Watford,0.5128166915052161,6.66661698956781,0.0,0.0,0.0,0.0,0.0,6.66661698956781,0.0,0.0,0.0,0.0,0.0,0.0,0.0
341,Xherdan Shaqiri,Liverpool,0.5128166915052161,3.333308494783905,0.0,0.0,0.0,0.0,0.0,0.0,0.0,0.0,0.0,6.66661698956781,0.0,0.0,0.0
342,Reece James,Chelsea,0.5128166915052161,1.3333233979135621,0.0,0.0,0.0,6.66661698956781,0.0,0.0,0.0,0.0,0.0,0.0,0.0,0.0,0.0
343,Aaron Lennon,Burnley,0.5128166915052161,0.8333271236959763,0.0,0.0,0.0,0.0,1.6666542473919526,0.0,0.0,0.0,3.333308494783905,0.0,0.0,1.6666542473919526,0.0
344,Leon Clarke,Sheffield Utd,0.47618692782627214,3.333308494783905,0.0,0.0,0.0,0.0,0.0,0.0,3.333308494783905,0.0,0.0,0.0,0.0,0.0,0.0
345,Ezequiel Schelotto,Brighton,0.47618692782627214,1.111102831594635,0.0,0.0,3.333308494783905,0.0,0.0,0.0,0.0,0.0,0.0,0.0,0.0,0.0,0.0
346,Yves Bissouma,Brighton,0.4487146050670642,1.4583224664679586,0.0,0.0,0.0,0.0,0.0,0.0,0.0,5.833289865871834,0.0,0.0,0.0,0.0,0.0
347,Kevin Danso,Southampton,0.41666356184798814,0.8333271236959763,0.0,0.0,0.0,1.6666542473919526,3.333308494783905,0.0,0.0,0.0,0.0,0.0,0.0,0.0,0.0
348,Javier Manquillo,Newcastle,0.3846125186289121,1.2499906855439644,0.0,0.0,0.0,0.0,0.0,0.0,0.0,1.6666542473919526,0.0,1.6666542473919526,0.0,0.0,1.6666542473919526
349,Shane Long,Southampton,0.3846125186289121,0.9999925484351715,3.333308494783905,0.0,0.0,0.0,0.0,1.6666542473919526,0.0,0.0,0.0,0.0,0.0,0.0,0.0
350,Marcos Rojo,Man Utd,0.3846125186289121,1.6666542473919526,0.0,0.0,0.0,0.0,1.6666542473919526,3.333308494783905,0.0,0.0,0.0,0.0,0.0,0.0,0.0
351,Albian Ajeti,West Ham,0.3846125186289121,1.2499906855439644,0.0,1.6666542473919526,3.333308494783905,0.0,0.0,0.0,0.0,0.0,0.0,0.0,0.0,0.0,0.0
352,Gaëtan Bong,Brighton,0.3846125186289121,1.2499906855439644,0.0,0.0,0.0,0.0,0.0,0.0,4.999962742175858,0.0,0.0,0.0,0.0,0.0,0.0
353,Alexander Tettey,Norwich,0.3846125186289121,0.6249953427719822,0.0,4.999962742175858,0.0,0.0,0.0,0.0,0.0,0.0,0.0,0.0,0.0,0.0,0.0
354,Adam Masina,Watford,0.3205104321907601,1.0416589046199702,0.0,0.0,4.166635618479881,0.0,0.0,0.0,0.0,0.0,0.0,0.0,0.0,0.0,0.0
355,Ravel Morrison,Sheffield Utd,0.25640834575260807,3.333308494783905,0.0,0.0,0.0,0.0,0.0,0.0,0.0,0.0,0.0,0.0,3.333308494783905,0.0,0.0
356,Henri Lansbury,Aston Villa,0.25640834575260807,0.8333271236959763,0.0,0.0,0.0,0.0,0.0,0.0,0.0,1.6666542473919526,0.0,1.6666542473919526,0.0,0.0,0.0
357,Jack Stephens,Southampton,0.25640834575260807,0.6666616989567811,0.0,0.0,1.6666542473919526,0.0,0.0,0.0,0.0,0.0,0.0,0.0,0.0,0.0,1.6666542473919526
358,Victor Lindelöf,Man Utd,0.25640834575260807,0.27777570789865874,0.0,0.0,1.6666542473919526,1.6666542473919526,0.0,0.0,0.0,0.0,0.0,0.0,0.0,0.0,0.0
359,Jack Wilshere,West Ham,0.25640834575260807,0.5555514157973175,0.0,0.0,0.0,0.0,1.6666542473919526,1.6666542473919526,0.0,0.0,0.0,0.0,0.0,0.0,0.0
360,Christoph Zimmermann,Norwich,0.25640834575260807,1.6666542473919526,1.6666542473919526,0.0,0.0,0.0,0.0,0.0,0.0,0.0,0.0,1.6666542473919526,0.0,0.0,0.0
361,Mamadou Sakho,Crystal Palace,0.25640834575260807,1.111102831594635,0.0,0.0,0.0,0.0,0.0,0.0,0.0,3.333308494783905,0.0,0.0,0.0,0.0,0.0
362,Jan Vertonghen,Spurs,0.25640834575260807,0.5555514157973175,0.0,0.0,0.0,0.0,1.6666542473919526,0.0,1.6666542473919526,0.0,0.0,0.0,0.0,0.0,0.0
363,Bernardo Fernandes da Silva Junior,Brighton,0.12820417287630403,0.8333271236959763,0.0,0.0,0.0,0.0,0.0,0.0,0.0,0.0,0.0,1.6666542473919526,0.0,0.0,0.0
364,Charlie Taylor,Burnley,0.12820417287630403,0.41666356184798814,0.0,0.0,0.0,0.0,0.0,1.6666542473919526,0.0,0.0,0.0,0.0,0.0,0.0,0.0
365,Nick Pope,Burnley,0.12820417287630403,0.12820417287630403,0.0,0.0,0.0,0.0,0.0,0.0,0.0,0.0,0.0,0.0,0.0,1.6666542473919526,0.0
366,Christian Fuchs,Leicester,0.12820417287630403,0.5555514157973175,0.0,0.0,0.0,0.0,0.0,0.0,0.0,0.0,0.0,0.0,0.8333271236959763,0.8333271236959763,0.0
367,Connor Wickham,Crystal Palace,0.12820417287630403,0.8333271236959763,0.0,0.0,0.0,0.0,0.0,0.0,0.0,0.0,0.0,0.0,0.0,0.0,1.6666542473919526
368,Ahmed El Mohamady,Aston Villa,0.12820417287630403,0.27777570789865874,0.0,0.0,0.0,0.0,0.0,0.0,0.0,0.0,0.0,0.0,0.0,1.6666542473919526,0.0
369,Phil Jagielka,Sheffield Utd,0.12820417287630403,0.41666356184798814,1.6666542473919526,0.0,0.0,0.0,0.0,0.0,0.0,0.0,0.0,0.0,0.0,0.0,0.0
370,Jonathan Kodjia,Aston Villa,0.12820417287630403,0.8333271236959763,0.0,0.0,0.0,0.0,0.0,0.0,0.0,0.0,0.0,0.0,0.0,0.0,1.6666542473919526
371,Ben Osborn,Sheffield Utd,0.12820417287630403,0.8333271236959763,0.0,0.0,0.0,0.0,0.0,0.0,0.0,0.0,0.0,1.6666542473919526,0.0,0.0,0.0
372,Rob Holding,Arsenal,0.12820417287630403,1.6666542473919526,0.0,1.6666542473919526,0.0,0.0,0.0,0.0,0.0,0.0,0.0,0.0,0.0,0.0,0.0
373,Mohamed Elyounoussi,Southampton,0.0,0.0,0.0,0.0,0.0,0.0,0.0,0.0,0.0,0.0,0.0,0.0,0.0,0.0,0.0
374,Sam Gallagher,Southampton,0.0,0.0,0.0,0.0,0.0,0.0,0.0,0.0,0.0,0.0,0.0,0.0,0.0,0.0,0.0
375,Carlos Sánchez,West Ham,0.0,0.0,0.0,0.0,0.0,0.0,0.0,0.0,0.0,0.0,0.0,0.0,0.0,0.0,0.0
376,Grady Diangana,West Ham,0.0,0.0,0.0,0.0,0.0,0.0,0.0,0.0,0.0,0.0,0.0,0.0,0.0,0.0,0.0
377,Will Norris,Wolves,0.0,0.0,0.0,0.0,0.0,0.0,0.0,0.0,0.0,0.0,0.0,0.0,0.0,0.0,0.0
378,Fraser Forster,Southampton,0.0,0.0,0.0,0.0,0.0,0.0,0.0,0.0,0.0,0.0,0.0,0.0,0.0,0.0,0.0
379,Alex McCarthy,Southampton,0.0,0.0,0.0,0.0,0.0,0.0,0.0,0.0,0.0,0.0,0.0,0.0,0.0,0.0,0.0
380,Pedro Obiang,West Ham,0.0,0.0,0.0,0.0,0.0,0.0,0.0,0.0,0.0,0.0,0.0,0.0,0.0,0.0,0.0
381,David Martin,West Ham,0.0,0.0,0.0,0.0,0.0,0.0,0.0,0.0,0.0,0.0,0.0,0.0,0.0,0.0,0.0
382,John Ruddy,Wolves,0.0,0.0,0.0,0.0,0.0,0.0,0.0,0.0,0.0,0.0,0.0,0.0,0.0,0.0,0.0
383,Roberto Jimenez Gago,West Ham,0.0,0.0,0.0,0.0,0.0,0.0,0.0,0.0,0.0,0.0,0.0,0.0,0.0,0.0,0.0
384,Hélder Costa,Wolves,0.0,0.0,0.0,0.0,0.0,0.0,0.0,0.0,0.0,0.0,0.0,0.0,0.0,0.0,0.0
385,Max Kilman,Wolves,0.0,0.0,0.0,0.0,0.0,0.0,0.0,0.0,0.0,0.0,0.0,0.0,0.0,0.0,0.0
386,Angus Gunn,Southampton,0.0,0.0,0.0,0.0,0.0,0.0,0.0,0.0,0.0,0.0,0.0,0.0,0.0,0.0,0.0
387,Conor Coady,Wolves,0.0,0.0,0.0,0.0,0.0,0.0,0.0,0.0,0.0,0.0,0.0,0.0,0.0,0.0,0.0
388,Rui Pedro dos Santos Patrício,Wolves,0.0,0.0,0.0,0.0,0.0,0.0,0.0,0.0,0.0,0.0,0.0,0.0,0.0,0.0,0.0
389,Vincent Janssen,Spurs,0.0,0.0,0.0,0.0,0.0,0.0,0.0,0.0,0.0,0.0,0.0,0.0,0.0,0.0,0.0
390,Mario Lemina,Southampton,0.0,0.0,0.0,0.0,0.0,0.0,0.0,0.0,0.0,0.0,0.0,0.0,0.0,0.0,0.0
391,Marc Navarro,Watford,0.0,0.0,0.0,0.0,0.0,0.0,0.0,0.0,0.0,0.0,0.0,0.0,0.0,0.0,0.0
392,Paulo Gazzaniga,Spurs,0.0,0.0,0.0,0.0,0.0,0.0,0.0,0.0,0.0,0.0,0.0,0.0,0.0,0.0,0.0
393,Juan Foyth,Spurs,0.0,0.0,0.0,0.0,0.0,0.0,0.0,0.0,0.0,0.0,0.0,0.0,0.0,0.0,0.0
394,Victor Wanyama,Spurs,0.0,0.0,0.0,0.0,0.0,0.0,0.0,0.0,0.0,0.0,0.0,0.0,0.0,0.0,0.0
395,Luke Amos,Spurs,0.0,0.0,0.0,0.0,0.0,0.0,0.0,0.0,0.0,0.0,0.0,0.0,0.0,0.0,0.0
396,Bernard Ashley-Seal,Wolves,0.0,0.0,0.0,0.0,0.0,0.0,0.0,0.0,0.0,0.0,0.0,0.0,0.0,0.0,0.0
397,Kieran Trippier,Spurs,0.0,0.0,0.0,0.0,0.0,0.0,0.0,0.0,0.0,0.0,0.0,0.0,0.0,0.0,0.0
398,Oliver Skipp,Spurs,0.0,0.0,0.0,0.0,0.0,0.0,0.0,0.0,0.0,0.0,0.0,0.0,0.0,0.0,0.0
399,Troy Parrott,Spurs,0.0,0.0,0.0,0.0,0.0,0.0,0.0,0.0,0.0,0.0,0.0,0.0,0.0,0.0,0.0
400,Ryan Sessegnon,Spurs,0.0,0.0,0.0,0.0,0.0,0.0,0.0,0.0,0.0,0.0,0.0,0.0,0.0,0.0,0.0
401,Alfie Whiteman,Spurs,0.0,0.0,0.0,0.0,0.0,0.0,0.0,0.0,0.0,0.0,0.0,0.0,0.0,0.0,0.0
402,Michel Vorm,Spurs,0.0,0.0,0.0,0.0,0.0,0.0,0.0,0.0,0.0,0.0,0.0,0.0,0.0,0.0,0.0
403,Brandon Austin,Spurs,0.0,0.0,0.0,0.0,0.0,0.0,0.0,0.0,0.0,0.0,0.0,0.0,0.0,0.0,0.0
404,Harry Lewis,Southampton,0.0,0.0,0.0,0.0,0.0,0.0,0.0,0.0,0.0,0.0,0.0,0.0,0.0,0.0,0.0
405,Daniel N'Lundulu,Southampton,0.0,0.0,0.0,0.0,0.0,0.0,0.0,0.0,0.0,0.0,0.0,0.0,0.0,0.0,0.0
406,Jesús Vallejo Lázaro,Wolves,0.0,0.0,0.0,0.0,0.0,0.0,0.0,0.0,0.0,0.0,0.0,0.0,0.0,0.0,0.0
407,Tyreke Johnson,Southampton,0.0,0.0,0.0,0.0,0.0,0.0,0.0,0.0,0.0,0.0,0.0,0.0,0.0,0.0,0.0
408,Pontus Dahlberg,Watford,0.0,0.0,0.0,0.0,0.0,0.0,0.0,0.0,0.0,0.0,0.0,0.0,0.0,0.0,0.0
409,Ken Sema,Watford,0.0,0.0,0.0,0.0,0.0,0.0,0.0,0.0,0.0,0.0,0.0,0.0,0.0,0.0,0.0
410,Domingos Quina,Watford,0.0,0.0,0.0,0.0,0.0,0.0,0.0,0.0,0.0,0.0,0.0,0.0,0.0,0.0,0.0
411,Heurelho da Silva Gomes,Watford,0.0,0.0,0.0,0.0,0.0,0.0,0.0,0.0,0.0,0.0,0.0,0.0,0.0,0.0,0.0
412,Dimitri Foulquier,Watford,0.0,0.0,0.0,0.0,0.0,0.0,0.0,0.0,0.0,0.0,0.0,0.0,0.0,0.0,0.0
413,Ayotomiwa Dele-Bashiru,Watford,0.0,0.0,0.0,0.0,0.0,0.0,0.0,0.0,0.0,0.0,0.0,0.0,0.0,0.0,0.0
414,Wesley Hoedt,Southampton,0.0,0.0,0.0,0.0,0.0,0.0,0.0,0.0,0.0,0.0,0.0,0.0,0.0,0.0,0.0
415,Hugo Lloris,Spurs,0.0,0.0,0.0,0.0,0.0,0.0,0.0,0.0,0.0,0.0,0.0,0.0,0.0,0.0,0.0
416,Ben Johnson,West Ham,0.0,0.0,0.0,0.0,0.0,0.0,0.0,0.0,0.0,0.0,0.0,0.0,0.0,0.0,0.0
417,Marko Arnautovic,West Ham,0.0,0.0,0.0,0.0,0.0,0.0,0.0,0.0,0.0,0.0,0.0,0.0,0.0,0.0,0.0
418,Alexandre Nascimento Costa Silva,West Ham,0.0,0.0,0.0,0.0,0.0,0.0,0.0,0.0,0.0,0.0,0.0,0.0,0.0,0.0,0.0
419,Lukasz Fabianski,West Ham,0.0,0.0,0.0,0.0,0.0,0.0,0.0,0.0,0.0,0.0,0.0,0.0,0.0,0.0,0.0
420,Ivan Cavaleiro,Wolves,0.0,0.0,0.0,0.0,0.0,0.0,0.0,0.0,0.0,0.0,0.0,0.0,0.0,0.0,0.0
421,Callum Slattery,Southampton,0.0,0.0,0.0,0.0,0.0,0.0,0.0,0.0,0.0,0.0,0.0,0.0,0.0,0.0,0.0
422,Winston Reid,West Ham,0.0,0.0,0.0,0.0,0.0,0.0,0.0,0.0,0.0,0.0,0.0,0.0,0.0,0.0,0.0
423,Shkodran Mustafi,Arsenal,0.0,0.0,0.0,0.0,0.0,0.0,0.0,0.0,0.0,0.0,0.0,0.0,0.0,0.0,0.0
424,Charlie Austin,Southampton,0.0,0.0,0.0,0.0,0.0,0.0,0.0,0.0,0.0,0.0,0.0,0.0,0.0,0.0,0.0
425,Daniel Drinkwater,Burnley,0.0,0.0,0.0,0.0,0.0,0.0,0.0,0.0,0.0,0.0,0.0,0.0,0.0,0.0,0.0
426,Ethan Ampadu,Chelsea,0.0,0.0,0.0,0.0,0.0,0.0,0.0,0.0,0.0,0.0,0.0,0.0,0.0,0.0,0.0
427,Ruben Loftus-Cheek,Chelsea,0.0,0.0,0.0,0.0,0.0,0.0,0.0,0.0,0.0,0.0,0.0,0.0,0.0,0.0,0.0
428,Willy Caballero,Chelsea,0.0,0.0,0.0,0.0,0.0,0.0,0.0,0.0,0.0,0.0,0.0,0.0,0.0,0.0,0.0
429,Kepa Arrizabalaga,Chelsea,0.0,0.0,0.0,0.0,0.0,0.0,0.0,0.0,0.0,0.0,0.0,0.0,0.0,0.0,0.0
430,Davide Zappacosta,Chelsea,0.0,0.0,0.0,0.0,0.0,0.0,0.0,0.0,0.0,0.0,0.0,0.0,0.0,0.0,0.0
431,Bailey Peacock-Farrell,Burnley,0.0,0.0,0.0,0.0,0.0,0.0,0.0,0.0,0.0,0.0,0.0,0.0,0.0,0.0,0.0
432,Steven Defour,Burnley,0.0,0.0,0.0,0.0,0.0,0.0,0.0,0.0,0.0,0.0,0.0,0.0,0.0,0.0,0.0
433,Anthony Gordon,Everton,0.0,0.0,0.0,0.0,0.0,0.0,0.0,0.0,0.0,0.0,0.0,0.0,0.0,0.0,0.0
434,Joe Hart,Burnley,0.0,0.0,0.0,0.0,0.0,0.0,0.0,0.0,0.0,0.0,0.0,0.0,0.0,0.0,0.0
435,Ben Gibson,Burnley,0.0,0.0,0.0,0.0,0.0,0.0,0.0,0.0,0.0,0.0,0.0,0.0,0.0,0.0,0.0
436,Kevin Long,Burnley,0.0,0.0,0.0,0.0,0.0,0.0,0.0,0.0,0.0,0.0,0.0,0.0,0.0,0.0,0.0
437,Tudor Baluta,Brighton,0.0,0.0,0.0,0.0,0.0,0.0,0.0,0.0,0.0,0.0,0.0,0.0,0.0,0.0,0.0
438,Beram Kayal,Brighton,0.0,0.0,0.0,0.0,0.0,0.0,0.0,0.0,0.0,0.0,0.0,0.0,0.0,0.0,0.0
439,Anthony Knockaert,Brighton,0.0,0.0,0.0,0.0,0.0,0.0,0.0,0.0,0.0,0.0,0.0,0.0,0.0,0.0,0.0
440,Robert Kenedy Nunes do Nascimento,Chelsea,0.0,0.0,0.0,0.0,0.0,0.0,0.0,0.0,0.0,0.0,0.0,0.0,0.0,0.0,0.0
441,Billy Gilmour,Chelsea,0.0,0.0,0.0,0.0,0.0,0.0,0.0,0.0,0.0,0.0,0.0,0.0,0.0,0.0,0.0
442,Addji Keaninkin Marc-Israel Guehi,Chelsea,0.0,0.0,0.0,0.0,0.0,0.0,0.0,0.0,0.0,0.0,0.0,0.0,0.0,0.0,0.0
443,Vicente Guaita,Crystal Palace,0.0,0.0,0.0,0.0,0.0,0.0,0.0,0.0,0.0,0.0,0.0,0.0,0.0,0.0,0.0
444,Wayne Hennessey,Crystal Palace,0.0,0.0,0.0,0.0,0.0,0.0,0.0,0.0,0.0,0.0,0.0,0.0,0.0,0.0,0.0
445,Luke Dreher,Crystal Palace,0.0,0.0,0.0,0.0,0.0,0.0,0.0,0.0,0.0,0.0,0.0,0.0,0.0,0.0,0.0
446,Víctor Camarasa,Crystal Palace,0.0,0.0,0.0,0.0,0.0,0.0,0.0,0.0,0.0,0.0,0.0,0.0,0.0,0.0,0.0
447,Jairo Riedewald,Crystal Palace,0.0,0.0,0.0,0.0,0.0,0.0,0.0,0.0,0.0,0.0,0.0,0.0,0.0,0.0,0.0
448,Stephen Henderson,Crystal Palace,0.0,0.0,0.0,0.0,0.0,0.0,0.0,0.0,0.0,0.0,0.0,0.0,0.0,0.0,0.0
449,Leighton Baines,Everton,0.0,0.0,0.0,0.0,0.0,0.0,0.0,0.0,0.0,0.0,0.0,0.0,0.0,0.0,0.0
450,Jordan Pickford,Everton,0.0,0.0,0.0,0.0,0.0,0.0,0.0,0.0,0.0,0.0,0.0,0.0,0.0,0.0,0.0
451,Maarten Stekelenburg,Everton,0.0,0.0,0.0,0.0,0.0,0.0,0.0,0.0,0.0,0.0,0.0,0.0,0.0,0.0,0.0
452,Ademola Lookman,Everton,0.0,0.0,0.0,0.0,0.0,0.0,0.0,0.0,0.0,0.0,0.0,0.0,0.0,0.0,0.0
453,Idrissa Gueye,Everton,0.0,0.0,0.0,0.0,0.0,0.0,0.0,0.0,0.0,0.0,0.0,0.0,0.0,0.0,0.0
454,Lewis Gibson,Everton,0.0,0.0,0.0,0.0,0.0,0.0,0.0,0.0,0.0,0.0,0.0,0.0,0.0,0.0,0.0
455,Jonas Lössl,Everton,0.0,0.0,0.0,0.0,0.0,0.0,0.0,0.0,0.0,0.0,0.0,0.0,0.0,0.0,0.0
456,Jean-Philippe Gbamin,Everton,0.0,0.0,0.0,0.0,0.0,0.0,0.0,0.0,0.0,0.0,0.0,0.0,0.0,0.0,0.0
457,José Heriberto Izquierdo Mena,Brighton,0.0,0.0,0.0,0.0,0.0,0.0,0.0,0.0,0.0,0.0,0.0,0.0,0.0,0.0,0.0
458,Alireza Jahanbakhsh,Brighton,0.0,0.0,0.0,0.0,0.0,0.0,0.0,0.0,0.0,0.0,0.0,0.0,0.0,0.0,0.0
459,David Button,Brighton,0.0,0.0,0.0,0.0,0.0,0.0,0.0,0.0,0.0,0.0,0.0,0.0,0.0,0.0,0.0
460,Lovre Kalinic,Aston Villa,0.0,0.0,0.0,0.0,0.0,0.0,0.0,0.0,0.0,0.0,0.0,0.0,0.0,0.0,0.0
461,Laurent Koscielny,Arsenal,0.0,0.0,0.0,0.0,0.0,0.0,0.0,0.0,0.0,0.0,0.0,0.0,0.0,0.0,0.0
462,Konstantinos Mavropanos,Arsenal,0.0,0.0,0.0,0.0,0.0,0.0,0.0,0.0,0.0,0.0,0.0,0.0,0.0,0.0,0.0
463,Carl Jenkinson,Arsenal,0.0,0.0,0.0,0.0,0.0,0.0,0.0,0.0,0.0,0.0,0.0,0.0,0.0,0.0,0.0
464,Edward Nketiah,Arsenal,0.0,0.0,0.0,0.0,0.0,0.0,0.0,0.0,0.0,0.0,0.0,0.0,0.0,0.0,0.0
465,Bernd Leno,Arsenal,0.0,0.0,0.0,0.0,0.0,0.0,0.0,0.0,0.0,0.0,0.0,0.0,0.0,0.0,0.0
466,Mohamed Elneny,Arsenal,0.0,0.0,0.0,0.0,0.0,0.0,0.0,0.0,0.0,0.0,0.0,0.0,0.0,0.0,0.0
467,Emiliano Martínez,Arsenal,0.0,0.0,0.0,0.0,0.0,0.0,0.0,0.0,0.0,0.0,0.0,0.0,0.0,0.0,0.0
468,James Chester,Aston Villa,0.0,0.0,0.0,0.0,0.0,0.0,0.0,0.0,0.0,0.0,0.0,0.0,0.0,0.0,0.0
469,Kortney Hause,Aston Villa,0.0,0.0,0.0,0.0,0.0,0.0,0.0,0.0,0.0,0.0,0.0,0.0,0.0,0.0,0.0
470,Ørjan Nyland,Aston Villa,0.0,0.0,0.0,0.0,0.0,0.0,0.0,0.0,0.0,0.0,0.0,0.0,0.0,0.0,0.0
471,Andre Green,Aston Villa,0.0,0.0,0.0,0.0,0.0,0.0,0.0,0.0,0.0,0.0,0.0,0.0,0.0,0.0,0.0
472,Birkir Bjarnason,Aston Villa,0.0,0.0,0.0,0.0,0.0,0.0,0.0,0.0,0.0,0.0,0.0,0.0,0.0,0.0,0.0
473,Tom Heaton,Aston Villa,0.0,0.0,0.0,0.0,0.0,0.0,0.0,0.0,0.0,0.0,0.0,0.0,0.0,0.0,0.0
474,Jed Steer,Aston Villa,0.0,0.0,0.0,0.0,0.0,0.0,0.0,0.0,0.0,0.0,0.0,0.0,0.0,0.0,0.0
475,Charlie Daniels,Bournemouth,0.0,0.0,0.0,0.0,0.0,0.0,0.0,0.0,0.0,0.0,0.0,0.0,0.0,0.0,0.0
476,Mathew Ryan,Brighton,0.0,0.0,0.0,0.0,0.0,0.0,0.0,0.0,0.0,0.0,0.0,0.0,0.0,0.0,0.0
477,Lloyd Kelly,Bournemouth,0.0,0.0,0.0,0.0,0.0,0.0,0.0,0.0,0.0,0.0,0.0,0.0,0.0,0.0,0.0
478,Jack Simpson,Bournemouth,0.0,0.0,0.0,0.0,0.0,0.0,0.0,0.0,0.0,0.0,0.0,0.0,0.0,0.0,0.0
479,Sam Surridge,Bournemouth,0.0,0.0,0.0,0.0,0.0,0.0,0.0,0.0,0.0,0.0,0.0,0.0,0.0,0.0,0.0
480,Asmir Begovic,Bournemouth,0.0,0.0,0.0,0.0,0.0,0.0,0.0,0.0,0.0,0.0,0.0,0.0,0.0,0.0,0.0
481,Artur Boruc,Bournemouth,0.0,0.0,0.0,0.0,0.0,0.0,0.0,0.0,0.0,0.0,0.0,0.0,0.0,0.0,0.0
482,Mark Travers,Bournemouth,0.0,0.0,0.0,0.0,0.0,0.0,0.0,0.0,0.0,0.0,0.0,0.0,0.0,0.0,0.0
483,David Brooks,Bournemouth,0.0,0.0,0.0,0.0,0.0,0.0,0.0,0.0,0.0,0.0,0.0,0.0,0.0,0.0,0.0
484,Junior Stanislas,Bournemouth,0.0,0.0,0.0,0.0,0.0,0.0,0.0,0.0,0.0,0.0,0.0,0.0,0.0,0.0,0.0
485,Jordon Ibe,Bournemouth,0.0,0.0,0.0,0.0,0.0,0.0,0.0,0.0,0.0,0.0,0.0,0.0,0.0,0.0,0.0
486,Andrew Surman,Bournemouth,0.0,0.0,0.0,0.0,0.0,0.0,0.0,0.0,0.0,0.0,0.0,0.0,0.0,0.0,0.0
487,Dan Gosling,Bournemouth,0.0,0.0,0.0,0.0,0.0,0.0,0.0,0.0,0.0,0.0,0.0,0.0,0.0,0.0,0.0
488,Aaron Ramsdale,Bournemouth,0.0,0.0,0.0,0.0,0.0,0.0,0.0,0.0,0.0,0.0,0.0,0.0,0.0,0.0,0.0
489,Leon Balogun,Brighton,0.0,0.0,0.0,0.0,0.0,0.0,0.0,0.0,0.0,0.0,0.0,0.0,0.0,0.0,0.0
490,Matthew Clarke,Brighton,0.0,0.0,0.0,0.0,0.0,0.0,0.0,0.0,0.0,0.0,0.0,0.0,0.0,0.0,0.0
491,Beni Baningime,Everton,0.0,0.0,0.0,0.0,0.0,0.0,0.0,0.0,0.0,0.0,0.0,0.0,0.0,0.0,0.0
492,Wes Morgan,Leicester,0.0,0.0,0.0,0.0,0.0,0.0,0.0,0.0,0.0,0.0,0.0,0.0,0.0,0.0,0.0
493,Kayne Ramsay,Southampton,0.0,0.0,0.0,0.0,0.0,0.0,0.0,0.0,0.0,0.0,0.0,0.0,0.0,0.0,0.0
494,Martin Dubravka,Newcastle,0.0,0.0,0.0,0.0,0.0,0.0,0.0,0.0,0.0,0.0,0.0,0.0,0.0,0.0,0.0
495,Rolando Aarons,Newcastle,0.0,0.0,0.0,0.0,0.0,0.0,0.0,0.0,0.0,0.0,0.0,0.0,0.0,0.0,0.0
496,Jacob Murphy,Newcastle,0.0,0.0,0.0,0.0,0.0,0.0,0.0,0.0,0.0,0.0,0.0,0.0,0.0,0.0,0.0
497,Jack Colback,Newcastle,0.0,0.0,0.0,0.0,0.0,0.0,0.0,0.0,0.0,0.0,0.0,0.0,0.0,0.0,0.0
498,Sung-yueng Ki,Newcastle,0.0,0.0,0.0,0.0,0.0,0.0,0.0,0.0,0.0,0.0,0.0,0.0,0.0,0.0,0.0
499,Frederick Woodman,Newcastle,0.0,0.0,0.0,0.0,0.0,0.0,0.0,0.0,0.0,0.0,0.0,0.0,0.0,0.0,0.0
500,Karl Darlow,Newcastle,0.0,0.0,0.0,0.0,0.0,0.0,0.0,0.0,0.0,0.0,0.0,0.0,0.0,0.0,0.0
501,Jose Luis Mato Sanmartín,Newcastle,0.0,0.0,0.0,0.0,0.0,0.0,0.0,0.0,0.0,0.0,0.0,0.0,0.0,0.0,0.0
502,Kelechi Iheanacho,Leicester,0.0,0.0,0.0,0.0,0.0,0.0,0.0,0.0,0.0,0.0,0.0,0.0,0.0,0.0,0.0
503,Florian Lejeune,Newcastle,0.0,0.0,0.0,0.0,0.0,0.0,0.0,0.0,0.0,0.0,0.0,0.0,0.0,0.0,0.0
504,Axel Tuanzebe,Man Utd,0.0,0.0,0.0,0.0,0.0,0.0,0.0,0.0,0.0,0.0,0.0,0.0,0.0,0.0,0.0
505,James Garner,Man Utd,0.0,0.0,0.0,0.0,0.0,0.0,0.0,0.0,0.0,0.0,0.0,0.0,0.0,0.0,0.0
506,Tahith Chong,Man Utd,0.0,0.0,0.0,0.0,0.0,0.0,0.0,0.0,0.0,0.0,0.0,0.0,0.0,0.0,0.0
507,Angel Gomes,Man Utd,0.0,0.0,0.0,0.0,0.0,0.0,0.0,0.0,0.0,0.0,0.0,0.0,0.0,0.0,0.0
508,Alexis Sánchez,Man Utd,0.0,0.0,0.0,0.0,0.0,0.0,0.0,0.0,0.0,0.0,0.0,0.0,0.0,0.0,0.0
509,Dwight Gayle,Newcastle,0.0,0.0,0.0,0.0,0.0,0.0,0.0,0.0,0.0,0.0,0.0,0.0,0.0,0.0,0.0
510,Timm Klose,Norwich,0.0,0.0,0.0,0.0,0.0,0.0,0.0,0.0,0.0,0.0,0.0,0.0,0.0,0.0,0.0
511,Tim Krul,Norwich,0.0,0.0,0.0,0.0,0.0,0.0,0.0,0.0,0.0,0.0,0.0,0.0,0.0,0.0,0.0
512,Michael McGovern,Norwich,0.0,0.0,0.0,0.0,0.0,0.0,0.0,0.0,0.0,0.0,0.0,0.0,0.0,0.0,0.0
513,Patrick Roberts,Norwich,0.0,0.0,0.0,0.0,0.0,0.0,0.0,0.0,0.0,0.0,0.0,0.0,0.0,0.0,0.0
514,Ralf Fahrmann,Norwich,0.0,0.0,0.0,0.0,0.0,0.0,0.0,0.0,0.0,0.0,0.0,0.0,0.0,0.0,0.0
515,Philip Heise,Norwich,0.0,0.0,0.0,0.0,0.0,0.0,0.0,0.0,0.0,0.0,0.0,0.0,0.0,0.0,0.0
516,Adam Idah,Norwich,0.0,0.0,0.0,0.0,0.0,0.0,0.0,0.0,0.0,0.0,0.0,0.0,0.0,0.0,0.0
517,Archie Mair,Norwich,0.0,0.0,0.0,0.0,0.0,0.0,0.0,0.0,0.0,0.0,0.0,0.0,0.0,0.0,0.0
518,Akin Famewo,Norwich,0.0,0.0,0.0,0.0,0.0,0.0,0.0,0.0,0.0,0.0,0.0,0.0,0.0,0.0,0.0
519,Kieron Freeman,Sheffield Utd,0.0,0.0,0.0,0.0,0.0,0.0,0.0,0.0,0.0,0.0,0.0,0.0,0.0,0.0,0.0
520,Richard Stearman,Sheffield Utd,0.0,0.0,0.0,0.0,0.0,0.0,0.0,0.0,0.0,0.0,0.0,0.0,0.0,0.0,0.0
521,Jake Eastwood,Sheffield Utd,0.0,0.0,0.0,0.0,0.0,0.0,0.0,0.0,0.0,0.0,0.0,0.0,0.0,0.0,0.0
522,Mark Duffy,Sheffield Utd,0.0,0.0,0.0,0.0,0.0,0.0,0.0,0.0,0.0,0.0,0.0,0.0,0.0,0.0,0.0
523,Simon Moore,Sheffield Utd,0.0,0.0,0.0,0.0,0.0,0.0,0.0,0.0,0.0,0.0,0.0,0.0,0.0,0.0,0.0
524,Michael Verrips,Sheffield Utd,0.0,0.0,0.0,0.0,0.0,0.0,0.0,0.0,0.0,0.0,0.0,0.0,0.0,0.0,0.0
525,Muhamed Bešić,Sheffield Utd,0.0,0.0,0.0,0.0,0.0,0.0,0.0,0.0,0.0,0.0,0.0,0.0,0.0,0.0,0.0
526,Lee Grant,Man Utd,0.0,0.0,0.0,0.0,0.0,0.0,0.0,0.0,0.0,0.0,0.0,0.0,0.0,0.0,0.0
527,Sergio Romero,Man Utd,0.0,0.0,0.0,0.0,0.0,0.0,0.0,0.0,0.0,0.0,0.0,0.0,0.0,0.0,0.0
528,David de Gea,Man Utd,0.0,0.0,0.0,0.0,0.0,0.0,0.0,0.0,0.0,0.0,0.0,0.0,0.0,0.0,0.0
529,Rhian Brewster,Liverpool,0.0,0.0,0.0,0.0,0.0,0.0,0.0,0.0,0.0,0.0,0.0,0.0,0.0,0.0,0.0
530,Kasper Schmeichel,Leicester,0.0,0.0,0.0,0.0,0.0,0.0,0.0,0.0,0.0,0.0,0.0,0.0,0.0,0.0,0.0
531,Eldin Jakupovic,Leicester,0.0,0.0,0.0,0.0,0.0,0.0,0.0,0.0,0.0,0.0,0.0,0.0,0.0,0.0,0.0
532,Danny Ward,Leicester,0.0,0.0,0.0,0.0,0.0,0.0,0.0,0.0,0.0,0.0,0.0,0.0,0.0,0.0,0.0
533,Rachid Ghezzal,Leicester,0.0,0.0,0.0,0.0,0.0,0.0,0.0,0.0,0.0,0.0,0.0,0.0,0.0,0.0,0.0
534,Matty James,Leicester,0.0,0.0,0.0,0.0,0.0,0.0,0.0,0.0,0.0,0.0,0.0,0.0,0.0,0.0,0.0
535,Daniel Amartey,Leicester,0.0,0.0,0.0,0.0,0.0,0.0,0.0,0.0,0.0,0.0,0.0,0.0,0.0,0.0,0.0
536,Nampalys Mendy,Leicester,0.0,0.0,0.0,0.0,0.0,0.0,0.0,0.0,0.0,0.0,0.0,0.0,0.0,0.0,0.0
537,James Justin,Leicester,0.0,0.0,0.0,0.0,0.0,0.0,0.0,0.0,0.0,0.0,0.0,0.0,0.0,0.0,0.0
538,Andy King,Leicester,0.0,0.0,0.0,0.0,0.0,0.0,0.0,0.0,0.0,0.0,0.0,0.0,0.0,0.0,0.0
539,Joseph Gomez,Liverpool,0.0,0.0,0.0,0.0,0.0,0.0,0.0,0.0,0.0,0.0,0.0,0.0,0.0,0.0,0.0
540,Alisson Ramses Becker,Liverpool,0.0,0.0,0.0,0.0,0.0,0.0,0.0,0.0,0.0,0.0,0.0,0.0,0.0,0.0,0.0
541,Simon Mignolet,Liverpool,0.0,0.0,0.0,0.0,0.0,0.0,0.0,0.0,0.0,0.0,0.0,0.0,0.0,0.0,0.0
542,Naby Keita,Liverpool,0.0,0.0,0.0,0.0,0.0,0.0,0.0,0.0,0.0,0.0,0.0,0.0,0.0,0.0,0.0
543,Rafael Camacho,Liverpool,0.0,0.0,0.0,0.0,0.0,0.0,0.0,0.0,0.0,0.0,0.0,0.0,0.0,0.0,0.0
544,Adrián San Miguel del Castillo,Liverpool,0.0,0.0,0.0,0.0,0.0,0.0,0.0,0.0,0.0,0.0,0.0,0.0,0.0,0.0,0.0
545,Romelu Lukaku,Man Utd,0.0,0.0,0.0,0.0,0.0,0.0,0.0,0.0,0.0,0.0,0.0,0.0,0.0,0.0,0.0
546,Andy Lonergan,Liverpool,0.0,0.0,0.0,0.0,0.0,0.0,0.0,0.0,0.0,0.0,0.0,0.0,0.0,0.0,0.0
547,Caoimhin Kelleher,Liverpool,0.0,0.0,0.0,0.0,0.0,0.0,0.0,0.0,0.0,0.0,0.0,0.0,0.0,0.0,0.0
548,Harvey Elliott,Liverpool,0.0,0.0,0.0,0.0,0.0,0.0,0.0,0.0,0.0,0.0,0.0,0.0,0.0,0.0,0.0
549,Danilo Luiz da Silva,Man City,0.0,0.0,0.0,0.0,0.0,0.0,0.0,0.0,0.0,0.0,0.0,0.0,0.0,0.0,0.0
550,Ederson Santana de Moraes,Man City,0.0,0.0,0.0,0.0,0.0,0.0,0.0,0.0,0.0,0.0,0.0,0.0,0.0,0.0,0.0
551,Claudio Bravo,Man City,0.0,0.0,0.0,0.0,0.0,0.0,0.0,0.0,0.0,0.0,0.0,0.0,0.0,0.0,0.0
552,Leroy Sané,Man City,0.0,0.0,0.0,0.0,0.0,0.0,0.0,0.0,0.0,0.0,0.0,0.0,0.0,0.0,0.0
553,Eric Garcia,Man City,0.0,0.0,0.0,0.0,0.0,0.0,0.0,0.0,0.0,0.0,0.0,0.0,0.0,0.0,0.0
554,Scott Carson,Man City,0.0,0.0,0.0,0.0,0.0,0.0,0.0,0.0,0.0,0.0,0.0,0.0,0.0,0.0,0.0
555,Chris Smalling,Man Utd,0.0,0.0,0.0,0.0,0.0,0.0,0.0,0.0,0.0,0.0,0.0,0.0,0.0,0.0,0.0
556,Eric Bailly,Man Utd,0.0,0.0,0.0,0.0,0.0,0.0,0.0,0.0,0.0,0.0,0.0,0.0,0.0,0.0,0.0
557,José Diogo Dalot Teixeira,Man Utd,0.0,0.0,0.0,0.0,0.0,0.0,0.0,0.0,0.0,0.0,0.0,0.0,0.0,0.0,0.0
558,Matteo Darmian,Man Utd,0.0,0.0,0.0,0.0,0.0,0.0,0.0,0.0,0.0,0.0,0.0,0.0,0.0,0.0,0.0
559,Phil Jones,Man Utd,0.0,0.0,0.0,0.0,0.0,0.0,0.0,0.0,0.0,0.0,0.0,0.0,0.0,0.0,0.0
560,Taylor Perry,Wolves,0.0,0.0,0.0,0.0,0.0,0.0,0.0,0.0,0.0,0.0,0.0,0.0,0.0,0.0,0.0
