,Name,Team,Threat per fixture,Threat per game,Threat GW14,Threat GW13,Threat GW12,Threat GW11,Threat GW10,Threat GW9,Threat GW8,Threat GW7,Threat GW6,Threat GW5,Threat GW4,Threat GW3,Threat GW2,Threat GW1
1,Raheem Sterling,Man City,58.357142857142854,62.84615384615385,93.0,6.0,62.0,46.0,83.0,36.0,49.0,76.0,0.0,95.0,10.0,65.0,122.0,74.0
2,Roberto Firmino,Liverpool,52.57142857142857,52.57142857142857,36.0,61.0,29.0,46.0,113.0,44.0,41.0,10.0,58.0,29.0,72.0,99.0,32.0,66.0
3,Mohamed Salah,Liverpool,47.857142857142854,55.833333333333336,30.0,0.0,48.0,35.0,93.0,0.0,94.0,68.0,36.0,73.0,58.0,67.0,29.0,39.0
4,Raúl Jiménez,Wolves,43.92857142857143,43.92857142857143,103.0,87.0,41.0,116.0,13.0,23.0,30.0,13.0,27.0,13.0,54.0,43.0,22.0,30.0
5,Sergio Agüero,Man City,41.57142857142857,48.5,0.0,35.0,44.0,111.0,0.0,0.0,46.0,7.0,56.0,89.0,58.0,68.0,51.0,17.0
6,Teemu Pukki,Norwich,41.5,41.5,28.0,24.0,50.0,40.0,16.0,26.0,70.0,33.0,44.0,33.0,24.0,38.0,114.0,41.0
7,Jamie Vardy,Leicester,41.07142857142857,41.07142857142857,69.0,95.0,48.0,40.0,93.0,21.0,10.0,64.0,45.0,4.0,45.0,27.0,10.0,4.0
8,Sébastien Haller,West Ham,40.357142857142854,43.46153846153846,0.0,55.0,9.0,69.0,8.0,37.0,54.0,78.0,8.0,30.0,90.0,110.0,0.0,17.0
9,Marcus Rashford,Man Utd,40.285714285714285,40.285714285714285,21.0,42.0,92.0,24.0,81.0,24.0,2.0,38.0,6.0,20.0,118.0,29.0,9.0,58.0
10,Neal Maupay,Brighton,40.0,40.0,0.0,26.0,8.0,93.0,29.0,59.0,74.0,2.0,95.0,38.0,10.0,93.0,14.0,19.0
11,Pierre-Emerick Aubameyang,Arsenal,39.357142857142854,39.357142857142854,50.0,37.0,22.0,39.0,11.0,8.0,47.0,19.0,59.0,44.0,53.0,23.0,33.0,106.0
12,Tammy Abraham,Chelsea,37.285714285714285,40.15384615384615,0.0,21.0,25.0,76.0,5.0,63.0,35.0,77.0,25.0,57.0,61.0,48.0,5.0,24.0
13,Gabriel Fernando de Jesus,Man City,36.642857142857146,46.63636363636363,100.0,0.0,2.0,27.0,48.0,128.0,10.0,59.0,0.0,49.0,0.0,0.0,48.0,42.0
14,Sadio Mané,Liverpool,35.92857142857143,35.92857142857143,60.0,40.0,39.0,78.0,22.0,4.0,45.0,32.0,6.0,66.0,37.0,30.0,38.0,6.0
15,Chris Wood,Burnley,34.642857142857146,40.416666666666664,57.0,35.0,77.0,0.0,0.0,56.0,8.0,37.0,111.0,6.0,17.0,65.0,8.0,8.0
16,Richarlison de Andrade,Everton,33.57142857142857,33.57142857142857,29.0,14.0,54.0,60.0,32.0,20.0,43.0,27.0,39.0,19.0,53.0,18.0,30.0,32.0
17,Wesley Moraes,Aston Villa,33.5,33.5,25.0,39.0,20.0,10.0,24.0,30.0,123.0,4.0,42.0,24.0,43.0,37.0,31.0,17.0
18,Wilfried Zaha,Crystal Palace,33.357142857142854,33.357142857142854,25.0,67.0,6.0,25.0,43.0,21.0,12.0,57.0,34.0,22.0,52.0,43.0,28.0,32.0
19,Bernardo Mota Veiga de Carvalho e Silva,Man City,33.214285714285715,38.75,4.0,0.0,25.0,35.0,43.0,38.0,26.0,0.0,102.0,30.0,19.0,52.0,91.0,0.0
20,Diogo Jota,Wolves,33.0,38.5,22.0,27.0,95.0,75.0,40.0,8.0,0.0,0.0,74.0,24.0,0.0,60.0,12.0,25.0
21,Heung-Min Son,Spurs,32.857142857142854,38.333333333333336,27.0,34.0,74.0,12.0,57.0,14.0,8.0,37.0,20.0,64.0,38.0,75.0,0.0,0.0
22,Danny Ings,Southampton,32.5,32.5,56.0,26.0,35.0,7.0,1.0,82.0,61.0,45.0,44.0,2.0,24.0,13.0,59.0,0.0
23,Christian Pulisic,Chelsea,32.142857142857146,40.90909090909091,45.0,6.0,100.0,71.0,110.0,25.0,2.0,0.0,0.0,0.0,41.0,38.0,4.0,8.0
24,Harry Kane,Spurs,31.5,33.92307692307692,50.0,30.0,19.0,0.0,19.0,44.0,12.0,31.0,86.0,5.0,38.0,8.0,4.0,95.0
25,Gerard Deulofeu,Watford,31.357142857142858,31.357142857142858,4.0,51.0,32.0,35.0,22.0,25.0,2.0,12.0,41.0,85.0,2.0,113.0,12.0,3.0
26,Ashley Barnes,Burnley,30.642857142857142,33.0,20.0,46.0,37.0,18.0,37.0,0.0,12.0,6.0,54.0,1.0,5.0,23.0,81.0,89.0
27,David Silva,Man City,29.857142857142858,32.15384615384615,36.0,6.0,0.0,79.0,59.0,34.0,28.0,0.0,89.0,11.0,15.0,44.0,0.0,17.0
28,Mason Mount,Chelsea,29.642857142857142,29.642857142857142,39.0,1.0,44.0,44.0,36.0,19.0,26.0,8.0,10.0,29.0,9.0,53.0,77.0,20.0
29,Alexandre Lacazette,Arsenal,27.428571428571427,42.666666666666664,47.0,60.0,51.0,27.0,68.0,2.0,0.0,0.0,0.0,0.0,69.0,2.0,58.0,0.0
30,Anthony Martial,Man Utd,27.357142857142858,42.55555555555556,61.0,24.0,45.0,11.0,106.0,0.0,0.0,0.0,0.0,0.0,0.0,36.0,29.0,71.0
31,Kevin De Bruyne,Man City,26.214285714285715,28.23076923076923,56.0,20.0,38.0,54.0,12.0,19.0,0.0,18.0,40.0,2.0,27.0,16.0,38.0,27.0
32,John McGinn,Aston Villa,26.0,26.0,4.0,30.0,26.0,6.0,26.0,69.0,10.0,36.0,55.0,31.0,0.0,4.0,43.0,24.0
33,Callum Wilson,Bournemouth,25.642857142857142,25.642857142857142,13.0,10.0,30.0,12.0,2.0,17.0,17.0,84.0,21.0,54.0,19.0,19.0,26.0,35.0
34,James Maddison,Leicester,25.428571428571427,27.384615384615383,27.0,35.0,34.0,10.0,25.0,35.0,21.0,0.0,44.0,21.0,29.0,46.0,16.0,13.0
35,Todd Cantwell,Norwich,25.214285714285715,25.214285714285715,41.0,39.0,6.0,0.0,11.0,6.0,49.0,52.0,28.0,33.0,8.0,37.0,41.0,2.0
36,Jordan Ayew,Crystal Palace,25.071428571428573,27.0,6.0,12.0,0.0,23.0,58.0,11.0,59.0,49.0,19.0,40.0,38.0,17.0,0.0,19.0
37,Ayoze Pérez,Leicester,24.928571428571427,26.846153846153847,29.0,55.0,11.0,12.0,129.0,10.0,4.0,23.0,21.0,8.0,0.0,4.0,31.0,12.0
38,Mahmoud Ahmed Ibrahim Hassan,Aston Villa,24.785714285714285,28.916666666666668,26.0,0.0,37.0,39.0,63.0,10.0,3.0,2.0,39.0,0.0,28.0,4.0,61.0,35.0
39,Anwar El Ghazi,Aston Villa,24.214285714285715,26.076923076923077,0.0,37.0,13.0,17.0,0.0,36.0,61.0,30.0,9.0,11.0,0.0,74.0,43.0,8.0
40,Harry Wilson,Bournemouth,22.714285714285715,24.46153846153846,58.0,10.0,35.0,65.0,21.0,12.0,2.0,0.0,17.0,15.0,18.0,25.0,40.0,0.0
41,Aaron Connolly,Brighton,21.454545454545453,23.6,17.0,0.0,4.0,46.0,2.0,21.0,107.0,0.0,18.0,21.0,0.0,0.0,0.0,0.0
42,David McGoldrick,Sheffield Utd,21.357142857142858,27.181818181818183,54.0,31.0,9.0,23.0,64.0,4.0,0.0,0.0,0.0,53.0,0.0,0.0,53.0,8.0
43,Daniel James,Man Utd,21.214285714285715,21.214285714285715,20.0,11.0,37.0,3.0,4.0,0.0,19.0,18.0,8.0,6.0,68.0,66.0,20.0,17.0
44,Matt Doherty,Wolves,21.142857142857142,22.76923076923077,37.0,21.0,48.0,39.0,35.0,4.0,0.0,33.0,33.0,36.0,0.0,10.0,0.0,0.0
45,Willian Borges Da Silva,Chelsea,20.928571428571427,22.53846153846154,2.0,33.0,33.0,23.0,59.0,35.0,11.0,73.0,10.0,4.0,2.0,4.0,4.0,0.0
46,Riyad Mahrez,Man City,20.928571428571427,29.3,8.0,61.0,0.0,0.0,0.0,0.0,22.0,61.0,50.0,0.0,44.0,2.0,6.0,39.0
47,Gylfi Sigurdsson,Everton,20.785714285714285,20.785714285714285,18.0,44.0,39.0,2.0,7.0,14.0,13.0,31.0,17.0,21.0,34.0,4.0,10.0,37.0
48,Jack Grealish,Aston Villa,20.714285714285715,24.166666666666668,32.0,52.0,0.0,0.0,0.0,86.0,43.0,19.0,6.0,10.0,20.0,11.0,11.0,0.0
49,Harvey Barnes,Leicester,20.357142857142858,21.923076923076923,8.0,27.0,33.0,7.0,45.0,42.0,4.0,9.0,49.0,4.0,25.0,21.0,0.0,11.0
50,Nathan Redmond,Southampton,20.357142857142858,23.75,17.0,30.0,2.0,2.0,29.0,28.0,9.0,51.0,36.0,0.0,0.0,41.0,11.0,29.0
51,Felipe Anderson Pereira Gomes,West Ham,20.214285714285715,21.76923076923077,4.0,2.0,2.0,32.0,22.0,0.0,23.0,60.0,21.0,18.0,36.0,63.0,0.0,0.0
52,Miguel Almirón,Newcastle,19.142857142857142,19.142857142857142,5.0,3.0,30.0,51.0,17.0,8.0,29.0,0.0,36.0,2.0,24.0,36.0,6.0,21.0
53,Nicolas Pépé,Arsenal,19.071428571428573,22.25,0.0,6.0,0.0,0.0,13.0,19.0,8.0,23.0,70.0,5.0,75.0,39.0,9.0,0.0
54,James Ward-Prowse,Southampton,18.785714285714285,18.785714285714285,21.0,90.0,7.0,33.0,15.0,26.0,1.0,11.0,34.0,0.0,2.0,4.0,2.0,17.0
55,Abdoulaye Doucouré,Watford,18.714285714285715,18.714285714285715,10.0,21.0,32.0,24.0,9.0,20.0,13.0,9.0,0.0,33.0,22.0,61.0,6.0,2.0
56,Theo Walcott,Everton,18.5,25.9,0.0,26.0,26.0,6.0,54.0,102.0,0.0,0.0,30.0,9.0,0.0,6.0,0.0,0.0
57,Youri Tielemans,Leicester,18.428571428571427,18.428571428571427,8.0,2.0,25.0,6.0,43.0,25.0,0.0,33.0,10.0,1.0,44.0,1.0,23.0,37.0
58,Alex Iwobi,Everton,18.071428571428573,21.083333333333332,0.0,3.0,27.0,2.0,27.0,28.0,58.0,6.0,2.0,58.0,21.0,21.0,0.0,0.0
59,Lys Mousset,Sheffield Utd,18.0,22.90909090909091,29.0,11.0,62.0,35.0,17.0,41.0,12.0,2.0,19.0,24.0,0.0,0.0,0.0,0.0
60,Joshua King,Bournemouth,17.785714285714285,20.75,0.0,0.0,17.0,56.0,19.0,2.0,8.0,37.0,20.0,23.0,2.0,15.0,28.0,22.0
61,John Lundstram,Sheffield Utd,17.642857142857142,17.642857142857142,0.0,42.0,13.0,77.0,22.0,2.0,6.0,38.0,0.0,0.0,4.0,18.0,22.0,3.0
62,Joelinton Cássio Apolinário de Lira,Newcastle,17.5,17.5,0.0,13.0,41.0,5.0,17.0,6.0,6.0,2.0,35.0,6.0,38.0,40.0,12.0,24.0
63,Lucas Rodrigues Moura da Silva,Spurs,17.285714285714285,20.166666666666668,0.0,41.0,15.0,11.0,0.0,24.0,26.0,0.0,2.0,0.0,0.0,25.0,66.0,32.0
64,Andre Gray,Watford,16.857142857142858,18.153846153846153,6.0,2.0,38.0,20.0,2.0,0.0,11.0,50.0,39.0,6.0,4.0,41.0,0.0,17.0
65,Dominic Calvert-Lewin,Everton,16.642857142857142,19.416666666666668,28.0,4.0,20.0,7.0,19.0,0.0,0.0,57.0,0.0,64.0,8.0,18.0,2.0,6.0
66,Andriy Yarmolenko,West Ham,16.142857142857142,17.384615384615383,2.0,0.0,32.0,0.0,36.0,11.0,2.0,27.0,47.0,21.0,35.0,13.0,0.0,0.0
67,Dominic Solanke,Bournemouth,16.071428571428573,18.75,30.0,0.0,10.0,0.0,8.0,52.0,8.0,26.0,4.0,22.0,9.0,54.0,2.0,0.0
68,Yerry Mina,Everton,16.071428571428573,17.307692307692307,0.0,4.0,34.0,4.0,0.0,34.0,4.0,71.0,4.0,2.0,44.0,24.0,0.0,0.0
69,Ryan Fraser,Bournemouth,16.0,17.23076923076923,2.0,20.0,40.0,40.0,29.0,8.0,18.0,0.0,0.0,7.0,20.0,0.0,35.0,5.0
70,Scott McTominay,Man Utd,15.928571428571429,18.583333333333332,0.0,0.0,37.0,25.0,25.0,7.0,22.0,24.0,25.0,0.0,1.0,43.0,12.0,2.0
71,James Tarkowski,Burnley,15.357142857142858,15.357142857142858,11.0,90.0,4.0,0.0,4.0,0.0,6.0,7.0,0.0,2.0,8.0,21.0,26.0,36.0
72,Pascal Groß,Brighton,15.357142857142858,16.53846153846154,21.0,0.0,21.0,12.0,9.0,40.0,30.0,19.0,15.0,17.0,0.0,0.0,27.0,4.0
73,Nicolás Otamendi,Man City,15.285714285714286,26.75,0.0,0.0,0.0,0.0,0.0,0.0,8.0,2.0,51.0,56.0,2.0,40.0,55.0,0.0
74,Sofiane Boufal,Southampton,15.285714285714286,19.454545454545453,24.0,32.0,11.0,0.0,0.0,0.0,0.0,13.0,59.0,22.0,45.0,2.0,0.0,6.0
75,Michail Antonio,West Ham,15.0,42.0,54.0,44.0,0.0,0.0,0.0,0.0,0.0,0.0,0.0,0.0,0.0,54.0,58.0,0.0
76,Jeffrey Schlupp,Crystal Palace,15.0,17.5,17.0,9.0,2.0,17.0,0.0,0.0,36.0,16.0,41.0,20.0,37.0,4.0,11.0,0.0
77,Andreas Pereira,Man Utd,14.928571428571429,16.076923076923077,3.0,0.0,35.0,21.0,6.0,17.0,17.0,48.0,16.0,19.0,23.0,0.0,0.0,4.0
78,Marco Stiepermann,Norwich,14.857142857142858,18.90909090909091,0.0,0.0,4.0,1.0,4.0,0.0,89.0,23.0,4.0,6.0,35.0,0.0,23.0,19.0
79,Allan Saint-Maximin,Newcastle,14.642857142857142,20.5,7.0,29.0,30.0,49.0,46.0,3.0,15.0,0.0,11.0,0.0,0.0,2.0,0.0,13.0
80,John Fleck,Sheffield Utd,14.214285714285714,16.583333333333332,17.0,37.0,7.0,19.0,2.0,10.0,17.0,24.0,2.0,63.0,0.0,0.0,1.0,0.0
81,Ilkay Gündogan,Man City,14.0,15.076923076923077,8.0,0.0,15.0,59.0,37.0,19.0,3.0,34.0,0.0,0.0,3.0,2.0,16.0,0.0
82,Andrew Robertson,Liverpool,14.0,14.0,13.0,0.0,0.0,35.0,16.0,2.0,21.0,3.0,2.0,37.0,2.0,37.0,21.0,7.0
83,Virgil van Dijk,Liverpool,13.928571428571429,13.928571428571429,36.0,56.0,2.0,4.0,17.0,0.0,4.0,2.0,0.0,29.0,2.0,20.0,2.0,21.0
84,Emiliano Buendía,Norwich,13.785714285714286,13.785714285714286,2.0,0.0,4.0,9.0,8.0,2.0,52.0,39.0,29.0,5.0,2.0,9.0,8.0,24.0
85,Calum Chambers,Arsenal,13.785714285714286,19.3,73.0,0.0,0.0,6.0,6.0,28.0,45.0,4.0,31.0,0.0,0.0,0.0,0.0,0.0
86,Jeff Hendrick,Burnley,13.571428571428571,17.272727272727273,2.0,19.0,24.0,6.0,4.0,36.0,35.0,36.0,21.0,7.0,0.0,0.0,0.0,0.0
87,Onel Hernández,Norwich,13.071428571428571,26.142857142857142,8.0,58.0,24.0,6.0,63.0,2.0,0.0,0.0,0.0,0.0,0.0,0.0,0.0,22.0
88,Dwight McNeil,Burnley,13.0,13.0,36.0,0.0,7.0,0.0,29.0,26.0,4.0,8.0,6.0,4.0,13.0,20.0,29.0,0.0
89,Trent Alexander-Arnold,Liverpool,13.0,13.0,4.0,2.0,2.0,29.0,17.0,4.0,8.0,1.0,7.0,36.0,0.0,56.0,4.0,12.0
90,Alex Oxlade-Chamberlain,Liverpool,12.928571428571429,18.1,46.0,12.0,0.0,72.0,0.0,9.0,0.0,0.0,0.0,23.0,7.0,0.0,12.0,0.0
91,Leandro Trossard,Brighton,12.857142857142858,22.5,14.0,12.0,0.0,35.0,8.0,0.0,0.0,0.0,0.0,0.0,59.0,17.0,35.0,0.0
92,Roberto Pereyra,Watford,12.714285714285714,16.181818181818183,0.0,0.0,0.0,19.0,15.0,20.0,12.0,8.0,6.0,29.0,11.0,0.0,28.0,30.0
93,Tom Cleverley,Watford,12.428571428571429,19.333333333333332,0.0,0.0,0.0,0.0,0.0,0.0,2.0,37.0,18.0,77.0,20.0,20.0,0.0,0.0
94,Che Adams,Southampton,12.214285714285714,19.0,0.0,0.0,0.0,0.0,0.0,0.0,4.0,0.0,12.0,52.0,10.0,56.0,16.0,21.0
95,Harry Maguire,Man Utd,12.071428571428571,12.071428571428571,2.0,6.0,14.0,4.0,24.0,0.0,31.0,15.0,21.0,21.0,0.0,19.0,4.0,8.0
96,Jetro Willems,Newcastle,11.785714285714286,15.0,17.0,0.0,49.0,2.0,20.0,6.0,24.0,0.0,18.0,17.0,10.0,0.0,0.0,2.0
97,Nathan Aké,Bournemouth,11.5,11.5,20.0,21.0,0.0,0.0,0.0,6.0,0.0,26.0,17.0,6.0,2.0,23.0,18.0,22.0
98,Ross Barkley,Chelsea,11.214285714285714,26.166666666666668,0.0,0.0,0.0,0.0,0.0,6.0,0.0,51.0,0.0,2.0,29.0,51.0,0.0,18.0
99,Pedro Rodríguez Ledesma,Chelsea,10.928571428571429,38.25,39.0,0.0,0.0,0.0,0.0,0.0,0.0,85.0,0.0,0.0,0.0,0.0,6.0,23.0
100,Steven Alzate,Brighton,10.9,13.625,0.0,0.0,2.0,34.0,35.0,8.0,2.0,22.0,6.0,0.0,0.0,0.0,0.0,0.0
101,Cenk Tosun,Everton,10.857142857142858,38.0,0.0,72.0,39.0,21.0,0.0,0.0,0.0,0.0,20.0,0.0,0.0,0.0,0.0,0.0
102,Georginio Wijnaldum,Liverpool,10.785714285714286,10.785714285714286,6.0,17.0,8.0,13.0,19.0,7.0,17.0,17.0,7.0,13.0,9.0,12.0,4.0,2.0
103,Ben Mee,Burnley,10.785714285714286,10.785714285714286,38.0,2.0,38.0,2.0,2.0,19.0,6.0,7.0,0.0,0.0,0.0,4.0,31.0,2.0
104,Conor Hourihane,Aston Villa,10.642857142857142,16.555555555555557,4.0,22.0,0.0,12.0,0.0,35.0,13.0,45.0,18.0,0.0,0.0,0.0,0.0,0.0
105,Craig Dawson,Watford,10.642857142857142,11.461538461538462,0.0,6.0,0.0,2.0,18.0,0.0,17.0,2.0,0.0,0.0,40.0,20.0,7.0,37.0
106,Adama Traoré,Wolves,10.571428571428571,11.384615384615385,6.0,14.0,12.0,6.0,30.0,1.0,26.0,8.0,29.0,0.0,2.0,8.0,6.0,0.0
107,Gary Cahill,Crystal Palace,10.571428571428571,13.454545454545455,0.0,0.0,0.0,4.0,20.0,0.0,36.0,22.0,7.0,17.0,24.0,18.0,0.0,0.0
108,Lucas Digne,Everton,10.571428571428571,10.571428571428571,0.0,11.0,6.0,8.0,2.0,3.0,2.0,3.0,25.0,14.0,12.0,12.0,28.0,22.0
109,Michy Batshuayi,Chelsea,10.428571428571429,18.25,0.0,6.0,36.0,20.0,0.0,0.0,19.0,8.0,8.0,49.0,0.0,0.0,0.0,0.0
110,Callum Robinson,Sheffield Utd,10.428571428571429,12.166666666666666,0.0,2.0,0.0,0.0,4.0,0.0,36.0,10.0,0.0,0.0,40.0,4.0,21.0,29.0
111,Philip Billing,Bournemouth,10.357142857142858,11.153846153846153,0.0,0.0,23.0,2.0,11.0,14.0,3.0,35.0,3.0,38.0,3.0,2.0,1.0,10.0
112,Jonathan Castro Otto,Wolves,10.214285714285714,11.0,12.0,5.0,4.0,37.0,25.0,2.0,0.0,7.0,12.0,7.0,0.0,9.0,23.0,0.0
113,Bamidele Alli,Spurs,10.214285714285714,20.428571428571427,69.0,4.0,0.0,17.0,13.0,40.0,0.0,0.0,0.0,0.0,0.0,0.0,0.0,0.0
114,Lucas Torreira,Arsenal,10.142857142857142,12.909090909090908,18.0,4.0,2.0,21.0,0.0,0.0,8.0,6.0,25.0,17.0,5.0,19.0,17.0,0.0
115,Moise Kean,Everton,10.071428571428571,14.1,20.0,0.0,0.0,0.0,0.0,0.0,2.0,2.0,80.0,4.0,20.0,8.0,5.0,0.0
116,Jannik Vestergaard,Southampton,10.0,12.727272727272727,0.0,0.0,0.0,0.0,0.0,18.0,0.0,0.0,8.0,34.0,33.0,10.0,4.0,33.0
117,Maximillian Aarons,Norwich,9.857142857142858,11.5,52.0,0.0,8.0,0.0,4.0,4.0,20.0,10.0,0.0,0.0,20.0,2.0,18.0,0.0
118,Kenny McLean,Norwich,9.857142857142858,10.615384615384615,45.0,4.0,28.0,0.0,0.0,41.0,1.0,2.0,0.0,17.0,0.0,0.0,0.0,0.0
119,Tom Davies,Everton,9.785714285714286,17.125,0.0,42.0,62.0,0.0,0.0,33.0,0.0,0.0,0.0,0.0,0.0,0.0,0.0,0.0
120,Manuel Lanzini,West Ham,9.785714285714286,12.454545454545455,0.0,0.0,8.0,21.0,0.0,1.0,4.0,20.0,0.0,5.0,44.0,6.0,3.0,25.0
121,Bernard Anício Caldeira Duarte,Everton,9.571428571428571,16.75,0.0,0.0,0.0,0.0,2.0,41.0,0.0,0.0,6.0,18.0,12.0,4.0,41.0,10.0
122,Christian Benteke,Crystal Palace,9.571428571428571,11.166666666666666,2.0,8.0,0.0,19.0,2.0,17.0,2.0,0.0,19.0,39.0,1.0,2.0,21.0,2.0
123,Bukayo Saka,Arsenal,9.4,13.428571428571429,6.0,0.0,0.0,2.0,2.0,14.0,24.0,41.0,5.0,0.0,0.0,0.0,0.0,0.0
124,Jay Rodriguez,Burnley,9.285714285714286,9.285714285714286,9.0,1.0,0.0,10.0,42.0,5.0,17.0,19.0,0.0,0.0,17.0,0.0,10.0,0.0
125,Pierre-Emile Højbjerg,Southampton,9.285714285714286,10.0,1.0,13.0,0.0,0.0,0.0,6.0,1.0,21.0,59.0,2.0,2.0,0.0,25.0,0.0
126,Aaron Cresswell,West Ham,9.214285714285714,14.333333333333334,17.0,8.0,22.0,4.0,21.0,0.0,4.0,43.0,10.0,0.0,0.0,0.0,0.0,0.0
127,James McArthur,Crystal Palace,9.214285714285714,9.923076923076923,22.0,4.0,2.0,5.0,19.0,4.0,1.0,42.0,4.0,0.0,22.0,4.0,0.0,0.0
128,Oliver McBurnie,Sheffield Utd,9.142857142857142,10.666666666666666,7.0,17.0,0.0,0.0,0.0,6.0,8.0,42.0,0.0,8.0,2.0,21.0,13.0,4.0
129,Rúben Diogo da Silva Neves,Wolves,9.071428571428571,9.071428571428571,16.0,19.0,15.0,17.0,3.0,0.0,0.0,0.0,1.0,9.0,8.0,32.0,7.0,0.0
130,Jack Cork,Burnley,9.071428571428571,10.583333333333334,8.0,4.0,9.0,0.0,0.0,0.0,0.0,51.0,21.0,4.0,0.0,2.0,28.0,0.0
131,Erik Lamela,Spurs,9.071428571428571,14.11111111111111,0.0,0.0,0.0,0.0,0.0,10.0,18.0,0.0,3.0,19.0,9.0,20.0,9.0,39.0
132,Davy Pröpper,Brighton,9.0,10.5,23.0,9.0,0.0,16.0,2.0,4.0,0.0,0.0,6.0,30.0,8.0,8.0,19.0,1.0
133,Matteo Guendouzi,Arsenal,9.0,9.0,21.0,2.0,0.0,2.0,9.0,6.0,14.0,17.0,13.0,0.0,25.0,0.0,17.0,0.0
134,Christian Eriksen,Spurs,8.857142857142858,11.272727272727273,0.0,0.0,0.0,4.0,4.0,0.0,16.0,3.0,0.0,7.0,54.0,16.0,2.0,18.0
135,Moussa Sissoko,Spurs,8.785714285714286,8.785714285714286,47.0,0.0,4.0,0.0,0.0,1.0,4.0,0.0,0.0,0.0,10.0,6.0,0.0,51.0
136,Robert Snodgrass,West Ham,8.714285714285714,13.555555555555555,2.0,3.0,8.0,35.0,32.0,0.0,0.0,0.0,0.0,0.0,21.0,0.0,21.0,0.0
137,Patrick van Aanholt,Crystal Palace,8.714285714285714,8.714285714285714,4.0,1.0,0.0,2.0,19.0,18.0,17.0,4.0,12.0,6.0,16.0,21.0,0.0,2.0
138,Solomon March,Brighton,8.571428571428571,15.0,0.0,4.0,0.0,0.0,0.0,25.0,0.0,0.0,0.0,23.0,22.0,25.0,21.0,0.0
139,Jack O'Connell,Sheffield Utd,8.571428571428571,8.571428571428571,6.0,4.0,4.0,2.0,4.0,6.0,2.0,18.0,2.0,6.0,0.0,11.0,55.0,0.0
140,Lewis Dunk,Brighton,8.428571428571429,9.076923076923077,18.0,0.0,39.0,4.0,7.0,2.0,0.0,0.0,36.0,2.0,2.0,2.0,4.0,2.0
141,Leander Dendoncker,Wolves,8.357142857142858,8.357142857142858,18.0,0.0,0.0,18.0,2.0,2.0,0.0,2.0,38.0,2.0,4.0,0.0,8.0,23.0
142,David Luiz Moreira Marinho,Arsenal,8.285714285714286,8.923076923076923,18.0,4.0,1.0,0.0,50.0,0.0,17.0,10.0,13.0,0.0,2.0,1.0,0.0,0.0
143,Pablo Fornals,West Ham,8.285714285714286,8.923076923076923,2.0,2.0,0.0,0.0,2.0,22.0,0.0,52.0,2.0,14.0,0.0,17.0,3.0,0.0
144,Patrick Cutrone,Wolves,8.214285714285714,12.777777777777779,0.0,0.0,0.0,0.0,0.0,4.0,11.0,0.0,0.0,62.0,38.0,0.0,0.0,0.0
145,Cheikhou Kouyaté,Crystal Palace,8.142857142857142,9.5,10.0,4.0,8.0,2.0,4.0,5.0,6.0,4.0,20.0,8.0,43.0,0.0,0.0,0.0
146,Enda Stevens,Sheffield Utd,8.142857142857142,8.142857142857142,8.0,0.0,6.0,20.0,24.0,6.0,1.0,0.0,2.0,22.0,3.0,0.0,20.0,2.0
147,Emerson Palmieri dos Santos,Chelsea,8.142857142857142,12.666666666666666,14.0,19.0,7.0,0.0,0.0,0.0,0.0,0.0,0.0,0.0,0.0,25.0,2.0,47.0
148,Douglas Luiz Soares de Paulo,Aston Villa,7.857142857142857,9.166666666666666,2.0,41.0,15.0,0.0,20.0,9.0,7.0,0.0,0.0,0.0,1.0,0.0,15.0,0.0
149,Will Hughes,Watford,7.785714285714286,9.083333333333334,0.0,18.0,10.0,6.0,11.0,0.0,0.0,0.0,2.0,10.0,23.0,17.0,6.0,6.0
150,George Baldock,Sheffield Utd,7.785714285714286,7.785714285714286,0.0,4.0,19.0,4.0,24.0,8.0,4.0,2.0,0.0,6.0,0.0,31.0,4.0,3.0
151,Ricardo Domingos Barbosa Pereira,Leicester,7.714285714285714,7.714285714285714,23.0,0.0,10.0,4.0,4.0,16.0,0.0,9.0,24.0,4.0,2.0,0.0,3.0,9.0
152,Mason Greenwood,Man Utd,7.714285714285714,9.818181818181818,0.0,35.0,0.0,7.0,17.0,0.0,17.0,5.0,0.0,0.0,9.0,0.0,0.0,18.0
153,Fabián Balbuena,West Ham,7.571428571428571,17.666666666666668,19.0,0.0,2.0,81.0,4.0,0.0,0.0,0.0,0.0,0.0,0.0,0.0,0.0,0.0
154,Luka Milivojevic,Crystal Palace,7.571428571428571,8.153846153846153,1.0,22.0,0.0,8.0,17.0,8.0,0.0,17.0,9.0,0.0,16.0,0.0,8.0,0.0
155,Wilfred Ndidi,Leicester,7.571428571428571,8.153846153846153,18.0,18.0,5.0,1.0,8.0,0.0,0.0,17.0,1.0,16.0,2.0,0.0,17.0,3.0
156,Steve Cook,Bournemouth,7.5,7.5,18.0,39.0,10.0,0.0,22.0,4.0,4.0,0.0,0.0,4.0,0.0,0.0,0.0,4.0
157,Moussa Djenepo,Southampton,7.428571428571429,14.857142857142858,8.0,28.0,3.0,2.0,0.0,0.0,0.0,0.0,0.0,32.0,0.0,31.0,0.0,0.0
158,Kyle Walker,Man City,7.428571428571429,9.454545454545455,1.0,0.0,36.0,19.0,0.0,0.0,7.0,0.0,1.0,6.0,2.0,8.0,4.0,20.0
159,Seamus Coleman,Everton,7.428571428571429,11.555555555555555,0.0,10.0,0.0,0.0,0.0,0.0,2.0,36.0,8.0,0.0,20.0,6.0,3.0,19.0
160,Callum Hudson-Odoi,Chelsea,7.357142857142857,14.714285714285714,4.0,0.0,1.0,0.0,11.0,42.0,45.0,0.0,0.0,0.0,0.0,0.0,0.0,0.0
161,Jonny Evans,Leicester,7.357142857142857,7.357142857142857,0.0,2.0,2.0,43.0,9.0,6.0,2.0,2.0,0.0,6.0,2.0,18.0,0.0,11.0
162,Tanguy Ndombele,Spurs,7.214285714285714,9.181818181818182,1.0,0.0,12.0,0.0,13.0,22.0,0.0,37.0,2.0,0.0,0.0,0.0,0.0,14.0
163,Fernando Luiz Rosa,Man City,7.214285714285714,10.1,10.0,34.0,0.0,6.0,43.0,2.0,4.0,0.0,2.0,0.0,0.0,0.0,0.0,0.0
164,Ismaïla Sarr,Watford,7.142857142857143,14.285714285714286,44.0,18.0,0.0,0.0,0.0,0.0,2.0,10.0,0.0,18.0,0.0,8.0,0.0,0.0
165,Joseph Willock,Arsenal,7.071428571428571,9.0,20.0,17.0,0.0,0.0,0.0,6.0,4.0,4.0,12.0,6.0,0.0,0.0,22.0,8.0
166,Jonjo Shelvey,Newcastle,7.0,10.88888888888889,9.0,7.0,17.0,8.0,0.0,0.0,0.0,0.0,7.0,3.0,0.0,0.0,21.0,26.0
167,Daniel Ceballos Fernández,Arsenal,6.857142857142857,8.727272727272727,0.0,0.0,0.0,20.0,2.0,19.0,2.0,10.0,4.0,2.0,17.0,0.0,20.0,0.0
168,Marcos Alonso,Chelsea,6.714285714285714,13.428571428571429,0.0,0.0,0.0,0.0,0.0,42.0,8.0,15.0,3.0,24.0,0.0,2.0,0.0,0.0
169,Romain Saïss,Wolves,6.714285714285714,9.4,0.0,7.0,2.0,0.0,2.0,0.0,0.0,0.0,0.0,17.0,66.0,0.0,0.0,0.0
170,Jordan Henderson,Liverpool,6.714285714285714,7.230769230769231,0.0,2.0,4.0,0.0,19.0,0.0,0.0,2.0,2.0,0.0,4.0,20.0,0.0,41.0
171,Toby Alderweireld,Spurs,6.642857142857143,7.153846153846154,0.0,54.0,0.0,6.0,19.0,0.0,2.0,0.0,2.0,0.0,2.0,0.0,0.0,8.0
172,Arnaut Danjuma Groeneveld,Bournemouth,6.571428571428571,13.142857142857142,30.0,4.0,4.0,0.0,21.0,26.0,7.0,0.0,0.0,0.0,0.0,0.0,0.0,0.0
173,Issa Diop,West Ham,6.5,7.0,0.0,0.0,0.0,4.0,4.0,0.0,33.0,2.0,0.0,2.0,35.0,0.0,4.0,7.0
174,Ciaran Clark,Newcastle,6.357142857142857,12.714285714285714,0.0,2.0,50.0,33.0,0.0,4.0,0.0,0.0,0.0,0.0,0.0,0.0,0.0,0.0
175,Martín Montoya,Brighton,6.357142857142857,6.846153846153846,0.0,35.0,0.0,4.0,2.0,20.0,10.0,0.0,2.0,0.0,2.0,10.0,2.0,2.0
176,Jesse Lingard,Man Utd,6.214285714285714,7.909090909090909,17.0,12.0,18.0,2.0,1.0,0.0,0.0,2.0,18.0,0.0,13.0,0.0,2.0,2.0
177,Benjamin Chilwell,Leicester,6.071428571428571,7.083333333333333,2.0,7.0,4.0,9.0,23.0,8.0,4.0,8.0,2.0,9.0,0.0,0.0,0.0,9.0
178,Frederico Rodrigues de Paula Santos,Man Utd,6.071428571428571,8.5,21.0,0.0,8.0,24.0,18.0,8.0,1.0,1.0,2.0,2.0,0.0,0.0,0.0,0.0
179,Angelo Ogbonna,West Ham,5.928571428571429,8.3,0.0,19.0,0.0,0.0,0.0,37.0,4.0,0.0,0.0,0.0,2.0,21.0,0.0,0.0
180,Federico Fernández,Newcastle,5.785714285714286,10.125,0.0,37.0,23.0,19.0,2.0,0.0,0.0,0.0,0.0,0.0,0.0,0.0,0.0,0.0
181,Kurt Zouma,Chelsea,5.714285714285714,6.153846153846154,24.0,0.0,0.0,0.0,0.0,17.0,4.0,0.0,0.0,4.0,4.0,0.0,19.0,8.0
182,Mark Noble,West Ham,5.714285714285714,6.666666666666667,0.0,0.0,0.0,2.0,4.0,0.0,5.0,6.0,7.0,31.0,4.0,21.0,0.0,0.0
183,Mateo Kovacic,Chelsea,5.642857142857143,5.642857142857143,7.0,0.0,10.0,18.0,8.0,0.0,0.0,0.0,8.0,0.0,8.0,20.0,0.0,0.0
184,Johann Berg Gudmundsson,Burnley,5.642857142857143,19.75,0.0,0.0,0.0,0.0,0.0,0.0,33.0,0.0,0.0,0.0,0.0,20.0,4.0,22.0
185,Fabian Schär,Newcastle,5.571428571428571,8.666666666666666,0.0,0.0,0.0,0.0,0.0,0.0,12.0,2.0,5.0,10.0,23.0,4.0,17.0,5.0
186,N'Golo Kanté,Chelsea,5.5,11.0,2.0,37.0,3.0,0.0,0.0,0.0,7.0,0.0,10.0,0.0,0.0,0.0,18.0,0.0
187,Maya Yoshida,Southampton,5.5,11.0,0.0,0.0,0.0,0.0,2.0,2.0,9.0,25.0,0.0,2.0,0.0,0.0,37.0,0.0
188,Mesut Özil,Arsenal,5.428571428571429,15.2,39.0,25.0,2.0,8.0,0.0,0.0,0.0,0.0,0.0,2.0,0.0,0.0,0.0,0.0
189,Tom Trybull,Norwich,5.214285714285714,8.11111111111111,3.0,21.0,18.0,22.0,0.0,1.0,0.0,0.0,0.0,0.0,0.0,0.0,4.0,4.0
190,Isaac Hayden,Newcastle,5.214285714285714,6.636363636363637,2.0,17.0,0.0,0.0,0.0,0.0,0.0,1.0,0.0,8.0,27.0,8.0,10.0,0.0
191,Danny Welbeck,Watford,5.142857142857143,14.4,0.0,0.0,0.0,0.0,0.0,0.0,21.0,49.0,0.0,0.0,0.0,2.0,0.0,0.0
192,Chris Mepham,Bournemouth,5.142857142857143,18.0,0.0,0.0,0.0,0.0,0.0,0.0,0.0,0.0,0.0,0.0,2.0,2.0,0.0,68.0
193,Dale Stephens,Brighton,5.142857142857143,5.142857142857143,0.0,0.0,0.0,1.0,0.0,10.0,8.0,7.0,9.0,18.0,4.0,0.0,15.0,0.0
194,Rodrigo Hernandez,Man City,5.071428571428571,5.916666666666667,0.0,0.0,2.0,0.0,0.0,2.0,4.0,0.0,8.0,26.0,4.0,18.0,7.0,0.0
195,Sokratis Papastathopoulos,Arsenal,5.071428571428571,5.916666666666667,0.0,36.0,0.0,4.0,19.0,2.0,0.0,0.0,8.0,0.0,0.0,0.0,2.0,0.0
196,Brandon Williams,Man Utd,5.0,8.0,4.0,17.0,19.0,0.0,0.0,0.0,0.0,0.0,0.0,0.0,0.0,0.0,0.0,0.0
197,Adam Smith,Bournemouth,4.928571428571429,7.666666666666667,0.0,0.0,0.0,4.0,0.0,2.0,0.0,0.0,0.0,0.0,22.0,33.0,4.0,4.0
198,Scott Dann,Crystal Palace,4.928571428571429,17.25,0.0,0.0,0.0,0.0,0.0,0.0,0.0,0.0,0.0,0.0,0.0,0.0,2.0,67.0
199,Serge Aurier,Spurs,4.928571428571429,7.666666666666667,6.0,0.0,11.0,0.0,0.0,20.0,0.0,0.0,10.0,22.0,0.0,0.0,0.0,0.0
200,Demarai Gray,Leicester,4.857142857142857,7.555555555555555,0.0,2.0,28.0,2.0,2.0,0.0,0.0,0.0,0.0,12.0,22.0,0.0,0.0,0.0
201,Andros Townsend,Crystal Palace,4.857142857142857,5.666666666666667,4.0,23.0,2.0,0.0,4.0,0.0,0.0,17.0,0.0,4.0,0.0,0.0,14.0,0.0
202,Paul Pogba,Man Utd,4.785714285714286,13.4,0.0,0.0,0.0,0.0,0.0,0.0,0.0,9.0,0.0,0.0,2.0,23.0,27.0,6.0
203,Reiss Nelson,Arsenal,4.785714285714286,16.75,0.0,0.0,0.0,0.0,0.0,0.0,0.0,7.0,0.0,19.0,0.0,0.0,37.0,4.0
204,Adam Webster,Brighton,4.714285714285714,6.6,1.0,2.0,0.0,0.0,0.0,49.0,2.0,6.0,4.0,0.0,2.0,0.0,0.0,0.0
205,Çaglar Söyüncü,Leicester,4.714285714285714,4.714285714285714,4.0,0.0,0.0,37.0,0.0,10.0,0.0,0.0,0.0,6.0,3.0,2.0,2.0,2.0
206,Jamaal Lascelles,Newcastle,4.642857142857143,5.416666666666667,0.0,0.0,0.0,0.0,37.0,0.0,0.0,0.0,2.0,0.0,4.0,4.0,18.0,0.0
207,Billy Sharp,Sheffield Utd,4.571428571428571,8.0,0.0,0.0,0.0,17.0,0.0,2.0,2.0,0.0,0.0,4.0,0.0,4.0,0.0,35.0
208,Juan Mata,Man Utd,4.571428571428571,8.0,12.0,0.0,0.0,0.0,0.0,0.0,4.0,0.0,17.0,23.0,8.0,0.0,0.0,0.0
209,Olivier Giroud,Chelsea,4.571428571428571,12.8,39.0,0.0,0.0,0.0,4.0,0.0,0.0,0.0,0.0,0.0,0.0,0.0,21.0,0.0
210,Michael Keane,Everton,4.5,5.25,17.0,0.0,0.0,0.0,0.0,21.0,11.0,2.0,2.0,0.0,4.0,6.0,0.0,0.0
211,César Azpilicueta,Chelsea,4.5,5.25,0.0,2.0,0.0,8.0,4.0,4.0,0.0,4.0,6.0,4.0,4.0,19.0,6.0,2.0
212,Dan Burn,Brighton,4.5,4.5,4.0,0.0,0.0,0.0,0.0,0.0,8.0,29.0,0.0,2.0,0.0,2.0,17.0,1.0
213,Sam Byram,Norwich,4.428571428571429,10.333333333333334,2.0,34.0,0.0,0.0,2.0,0.0,0.0,0.0,6.0,18.0,0.0,0.0,0.0,0.0
214,José Holebas,Watford,4.428571428571429,5.636363636363637,2.0,21.0,8.0,0.0,0.0,2.0,0.0,18.0,0.0,11.0,0.0,0.0,0.0,0.0
215,Shane Long,Southampton,4.357142857142857,10.166666666666666,55.0,4.0,0.0,0.0,0.0,0.0,2.0,0.0,0.0,0.0,0.0,0.0,0.0,0.0
216,João Pedro Cavaco Cancelo,Man City,4.357142857142857,10.166666666666666,0.0,6.0,0.0,0.0,9.0,29.0,17.0,0.0,0.0,0.0,0.0,0.0,0.0,0.0
217,Divock Origi,Liverpool,4.214285714285714,5.363636363636363,0.0,0.0,0.0,12.0,0.0,12.0,0.0,8.0,0.0,4.0,2.0,0.0,0.0,21.0
218,Max Meyer,Crystal Palace,4.071428571428571,14.25,0.0,0.0,0.0,0.0,0.0,0.0,0.0,0.0,0.0,0.0,0.0,0.0,2.0,55.0
219,Fikayo Tomori,Chelsea,4.0,5.090909090909091,17.0,4.0,0.0,0.0,0.0,6.0,0.0,0.0,22.0,7.0,0.0,0.0,0.0,0.0
220,Phil Foden,Man City,3.857142857142857,9.0,2.0,10.0,0.0,0.0,40.0,2.0,0.0,0.0,0.0,0.0,0.0,0.0,0.0,0.0
221,Shkodran Mustafi,Arsenal,3.857142857142857,54.0,54.0,0.0,0.0,0.0,0.0,0.0,0.0,0.0,0.0,0.0,0.0,0.0,0.0,0.0
222,Moritz Leitner,Norwich,3.7857142857142856,5.888888888888889,0.0,0.0,0.0,0.0,0.0,3.0,25.0,10.0,3.0,0.0,2.0,2.0,4.0,4.0
223,Shane Duffy,Brighton,3.7142857142857144,6.5,0.0,11.0,7.0,21.0,0.0,0.0,0.0,0.0,0.0,2.0,0.0,6.0,3.0,2.0
224,Aaron Wan-Bissaka,Man Utd,3.7142857142857144,4.333333333333333,23.0,0.0,6.0,0.0,0.0,2.0,0.0,0.0,2.0,0.0,10.0,2.0,5.0,2.0
225,Dejan Lovren,Liverpool,3.7142857142857144,8.666666666666666,2.0,4.0,11.0,10.0,19.0,0.0,6.0,0.0,0.0,0.0,0.0,0.0,0.0,0.0
226,Pedro Lomba Neto,Wolves,3.642857142857143,6.375,0.0,0.0,6.0,8.0,8.0,0.0,0.0,21.0,0.0,0.0,0.0,6.0,2.0,0.0
227,Adam Lallana,Liverpool,3.642857142857143,8.5,2.0,0.0,0.0,14.0,0.0,35.0,0.0,0.0,0.0,0.0,0.0,0.0,0.0,0.0
228,Oliver Norwood,Sheffield Utd,3.5714285714285716,3.5714285714285716,0.0,8.0,9.0,0.0,0.0,1.0,2.0,7.0,0.0,0.0,7.0,8.0,8.0,0.0
229,Jamal Lewis,Norwich,3.5,4.083333333333333,0.0,0.0,13.0,2.0,1.0,2.0,11.0,2.0,4.0,0.0,8.0,2.0,4.0,0.0
230,Yan Valery,Southampton,3.5,6.125,2.0,0.0,0.0,0.0,17.0,0.0,2.0,0.0,0.0,0.0,0.0,0.0,22.0,6.0
231,Antonio Rüdiger,Chelsea,3.5,49.0,0.0,0.0,0.0,0.0,0.0,0.0,0.0,0.0,0.0,49.0,0.0,0.0,0.0,0.0
232,Sead Kolasinac,Arsenal,3.5,4.454545454545454,4.0,0.0,12.0,0.0,0.0,10.0,0.0,0.0,10.0,0.0,13.0,0.0,0.0,0.0
233,Oleksandr Zinchenko,Man City,3.4285714285714284,6.857142857142857,0.0,0.0,0.0,0.0,0.0,0.0,16.0,0.0,0.0,16.0,1.0,0.0,14.0,1.0
234,Benjamin Mendy,Man City,3.4285714285714284,9.6,8.0,0.0,0.0,0.0,40.0,0.0,0.0,0.0,0.0,0.0,0.0,0.0,0.0,0.0
235,John Stones,Man City,3.4285714285714284,6.0,6.0,4.0,4.0,11.0,21.0,0.0,0.0,0.0,0.0,2.0,0.0,0.0,0.0,0.0
236,João Filipe Iria Santos Moutinho,Wolves,3.4285714285714284,3.4285714285714284,1.0,8.0,4.0,27.0,7.0,1.0,0.0,0.0,0.0,0.0,0.0,0.0,0.0,0.0
237,Ryan Fredericks,West Ham,3.4285714285714284,3.6923076923076925,2.0,2.0,2.0,0.0,0.0,0.0,2.0,14.0,6.0,4.0,10.0,4.0,2.0,0.0
238,Troy Deeney,Watford,3.4285714285714284,16.0,0.0,2.0,0.0,0.0,0.0,0.0,0.0,0.0,0.0,0.0,0.0,0.0,37.0,9.0
239,Diego Rico,Bournemouth,3.4285714285714284,4.363636363636363,11.0,0.0,0.0,0.0,23.0,3.0,0.0,0.0,8.0,0.0,0.0,0.0,0.0,3.0
240,Dennis Praet,Leicester,3.357142857142857,5.222222222222222,0.0,0.0,18.0,0.0,0.0,0.0,1.0,20.0,0.0,0.0,0.0,8.0,0.0,0.0
241,Glenn Murray,Brighton,3.357142857142857,4.7,0.0,2.0,0.0,0.0,0.0,0.0,0.0,1.0,0.0,28.0,0.0,4.0,8.0,4.0
242,Ashley Westwood,Burnley,3.357142857142857,3.6153846153846154,0.0,0.0,0.0,0.0,20.0,8.0,0.0,0.0,10.0,4.0,0.0,1.0,4.0,0.0
243,Daryl Janmaat,Watford,3.2857142857142856,5.75,0.0,0.0,7.0,4.0,4.0,20.0,0.0,0.0,0.0,1.0,10.0,0.0,0.0,0.0
244,Keinan Davis,Aston Villa,3.2857142857142856,7.666666666666667,0.0,0.0,0.0,0.0,25.0,17.0,0.0,0.0,0.0,4.0,0.0,0.0,0.0,0.0
245,Henrikh Mkhitaryan,Arsenal,3.2857142857142856,15.333333333333334,0.0,0.0,0.0,0.0,0.0,0.0,0.0,0.0,0.0,0.0,24.0,0.0,0.0,22.0
246,Granit Xhaka,Arsenal,3.2857142857142856,4.6,0.0,0.0,0.0,0.0,4.0,13.0,4.0,4.0,4.0,3.0,9.0,0.0,0.0,5.0
247,Paul Dummett,Newcastle,3.142857142857143,4.0,0.0,2.0,0.0,0.0,0.0,0.0,0.0,0.0,0.0,0.0,9.0,0.0,33.0,0.0
248,Hamza Choudhury,Leicester,3.0714285714285716,5.375,0.0,0.0,0.0,0.0,0.0,0.0,0.0,0.0,0.0,21.0,2.0,2.0,10.0,8.0
249,Christian Atsu,Newcastle,3.0714285714285716,3.5833333333333335,0.0,10.0,0.0,0.0,0.0,0.0,0.0,4.0,6.0,2.0,19.0,2.0,0.0,0.0
250,Jorge Luiz Frello Filho,Chelsea,3.0,3.230769230769231,0.0,0.0,0.0,0.0,0.0,0.0,0.0,18.0,1.0,0.0,4.0,10.0,1.0,8.0
251,Sean Longstaff,Newcastle,3.0,5.25,0.0,0.0,0.0,0.0,10.0,0.0,7.0,0.0,0.0,0.0,8.0,17.0,0.0,0.0
252,Davinson Sánchez,Spurs,3.0,4.2,2.0,17.0,0.0,0.0,0.0,0.0,0.0,0.0,0.0,0.0,2.0,0.0,0.0,21.0
253,Josip Drmic,Norwich,3.0,5.25,0.0,0.0,0.0,2.0,0.0,0.0,19.0,10.0,2.0,0.0,7.0,0.0,0.0,2.0
254,Kelechi Iheanacho,Leicester,3.0,42.0,42.0,0.0,0.0,0.0,0.0,0.0,0.0,0.0,0.0,0.0,0.0,0.0,0.0,0.0
255,Declan Rice,West Ham,2.9285714285714284,2.9285714285714284,2.0,0.0,0.0,1.0,9.0,2.0,0.0,7.0,0.0,18.0,1.0,0.0,1.0,0.0
256,Fabio Henrique Tavares,Liverpool,2.9285714285714284,3.4166666666666665,0.0,0.0,15.0,0.0,8.0,0.0,0.0,8.0,0.0,0.0,1.0,2.0,0.0,7.0
257,Oriol Romeu Vidal,Southampton,2.9285714285714284,3.4166666666666665,0.0,0.0,2.0,0.0,0.0,2.0,18.0,0.0,0.0,0.0,8.0,0.0,0.0,11.0
258,Etienne Capoue,Watford,2.9285714285714284,4.555555555555555,0.0,20.0,1.0,0.0,0.0,0.0,0.0,8.0,0.0,0.0,0.0,1.0,10.0,1.0
259,Chris Basham,Sheffield Utd,2.7857142857142856,2.7857142857142856,2.0,2.0,0.0,2.0,0.0,0.0,6.0,0.0,4.0,8.0,3.0,4.0,6.0,2.0
260,James Milner,Liverpool,2.7857142857142856,3.9,0.0,0.0,0.0,0.0,0.0,0.0,22.0,0.0,0.0,0.0,0.0,0.0,17.0,0.0
261,DeAndre Yedlin,Newcastle,2.7857142857142856,5.571428571428571,0.0,0.0,35.0,0.0,0.0,0.0,4.0,0.0,0.0,0.0,0.0,0.0,0.0,0.0
262,Javier Hernández Balcázar,West Ham,2.7857142857142856,19.5,0.0,0.0,0.0,0.0,0.0,0.0,0.0,0.0,0.0,0.0,0.0,0.0,21.0,18.0
263,John Egan,Sheffield Utd,2.7142857142857144,2.923076923076923,0.0,0.0,0.0,2.0,0.0,18.0,8.0,2.0,0.0,2.0,0.0,4.0,0.0,2.0
264,Mason Holgate,Everton,2.7142857142857144,5.428571428571429,26.0,1.0,11.0,0.0,0.0,0.0,0.0,0.0,0.0,0.0,0.0,0.0,0.0,0.0
265,Stuart Armstrong,Southampton,2.642857142857143,3.7,0.0,2.0,0.0,7.0,2.0,0.0,0.0,7.0,0.0,0.0,2.0,17.0,0.0,0.0
266,Victor Lindelöf,Man Utd,2.642857142857143,2.8461538461538463,33.0,0.0,0.0,2.0,2.0,0.0,0.0,0.0,0.0,0.0,0.0,0.0,0.0,0.0
267,Danny Rose,Spurs,2.5714285714285716,3.6,0.0,0.0,0.0,0.0,4.0,6.0,0.0,0.0,6.0,6.0,8.0,4.0,0.0,2.0
268,Joel Matip,Liverpool,2.5,5.0,0.0,0.0,0.0,0.0,0.0,0.0,0.0,0.0,4.0,8.0,0.0,19.0,4.0,0.0
269,Tyrone Mings,Aston Villa,2.5,2.5,17.0,0.0,4.0,0.0,0.0,0.0,2.0,0.0,4.0,2.0,0.0,4.0,2.0,0.0
270,Jefferson Lerma,Bournemouth,2.5,2.9166666666666665,5.0,0.0,0.0,9.0,9.0,0.0,2.0,0.0,0.0,0.0,1.0,0.0,0.0,9.0
271,Harry Winks,Spurs,2.4285714285714284,2.6153846153846154,0.0,0.0,7.0,0.0,0.0,0.0,0.0,8.0,0.0,16.0,0.0,2.0,0.0,1.0
272,Djibril Sidibé,Everton,2.357142857142857,4.714285714285714,5.0,0.0,22.0,2.0,0.0,2.0,2.0,0.0,0.0,0.0,0.0,0.0,0.0,0.0
273,Frédéric Guilbert,Aston Villa,2.357142857142857,2.75,0.0,2.0,0.0,0.0,0.0,2.0,0.0,0.0,0.0,17.0,9.0,3.0,0.0,0.0
274,Nemanja Matic,Man Utd,2.2857142857142856,10.666666666666666,0.0,0.0,0.0,0.0,0.0,0.0,0.0,0.0,11.0,0.0,21.0,0.0,0.0,0.0
275,Kieran Tierney,Arsenal,2.2142857142857144,10.333333333333334,0.0,22.0,0.0,4.0,5.0,0.0,0.0,0.0,0.0,0.0,0.0,0.0,0.0,0.0
276,Ainsley Maitland-Niles,Arsenal,2.2142857142857144,5.166666666666667,0.0,0.0,0.0,0.0,0.0,0.0,0.0,0.0,8.0,4.0,12.0,0.0,7.0,0.0
277,Francisco Femenía Far,Watford,2.2142857142857144,3.1,0.0,6.0,0.0,0.0,0.0,0.0,0.0,0.0,0.0,9.0,1.0,0.0,8.0,7.0
278,Emil Krafth,Newcastle,2.142857142857143,5.0,0.0,0.0,0.0,0.0,0.0,0.0,0.0,2.0,0.0,22.0,2.0,0.0,4.0,0.0
279,Michael Obafemi,Southampton,2.142857142857143,5.0,0.0,26.0,0.0,0.0,0.0,0.0,0.0,0.0,0.0,0.0,0.0,0.0,0.0,4.0
280,Jürgen Locadia,Brighton,2.142857142857143,15.0,0.0,0.0,0.0,0.0,0.0,0.0,0.0,0.0,0.0,0.0,0.0,11.0,0.0,19.0
281,Joel Ward,Crystal Palace,2.142857142857143,2.3076923076923075,0.0,0.0,0.0,7.0,0.0,0.0,2.0,0.0,1.0,18.0,2.0,0.0,0.0,0.0
282,Eric Dier,Spurs,2.0714285714285716,5.8,0.0,10.0,2.0,0.0,0.0,0.0,0.0,17.0,0.0,0.0,0.0,0.0,0.0,0.0
283,Andy Carroll,Newcastle,2.0714285714285716,4.142857142857143,0.0,17.0,0.0,2.0,0.0,0.0,4.0,2.0,4.0,0.0,0.0,0.0,0.0,0.0
284,Marc Albrighton,Leicester,2.0714285714285716,4.142857142857143,0.0,0.0,0.0,0.0,11.0,0.0,0.0,2.0,0.0,0.0,5.0,0.0,0.0,11.0
285,Ryan Bertrand,Southampton,2.0714285714285716,3.2222222222222223,4.0,4.0,0.0,0.0,0.0,6.0,0.0,2.0,4.0,0.0,0.0,0.0,2.0,7.0
286,Mario Vrancic,Norwich,2.0,9.333333333333334,0.0,0.0,8.0,0.0,0.0,0.0,0.0,0.0,0.0,0.0,0.0,2.0,18.0,0.0
287,Cédric Soares,Southampton,2.0,4.666666666666667,0.0,12.0,2.0,0.0,0.0,0.0,0.0,0.0,8.0,6.0,0.0,0.0,0.0,0.0
288,Neil Taylor,Aston Villa,1.9285714285714286,3.375,0.0,0.0,1.0,0.0,0.0,0.0,0.0,0.0,0.0,0.0,0.0,2.0,24.0,0.0
289,Matt Targett,Aston Villa,1.8571428571428572,3.25,0.0,2.0,0.0,0.0,0.0,20.0,2.0,2.0,0.0,0.0,0.0,0.0,0.0,0.0
290,José Ángel Esmorís Tasende,Man City,1.8571428571428572,6.5,0.0,0.0,24.0,0.0,0.0,0.0,0.0,0.0,2.0,0.0,0.0,0.0,0.0,0.0
291,Morgan Schneiderlin,Everton,1.7857142857142858,2.7777777777777777,0.0,20.0,1.0,0.0,0.0,0.0,0.0,0.0,3.0,0.0,0.0,1.0,0.0,0.0
292,Jack Stacey,Bournemouth,1.7857142857142858,5.0,6.0,0.0,0.0,0.0,0.0,0.0,17.0,2.0,0.0,0.0,0.0,0.0,0.0,0.0
293,Lewis Cook,Bournemouth,1.7857142857142858,3.125,7.0,8.0,10.0,0.0,0.0,0.0,0.0,0.0,0.0,0.0,0.0,0.0,0.0,0.0
294,Adrian Mariappa,Watford,1.7142857142857142,4.8,2.0,18.0,0.0,4.0,0.0,0.0,0.0,0.0,0.0,0.0,0.0,0.0,0.0,0.0
295,Craig Cathcart,Watford,1.7142857142857142,2.0,0.0,18.0,2.0,0.0,0.0,0.0,0.0,0.0,0.0,0.0,0.0,4.0,0.0,0.0
296,Ibrahim Amadou,Norwich,1.7142857142857142,2.6666666666666665,8.0,0.0,0.0,0.0,0.0,4.0,12.0,0.0,0.0,0.0,0.0,0.0,0.0,0.0
297,Dan Gosling,Bournemouth,1.5714285714285714,11.0,22.0,0.0,0.0,0.0,0.0,0.0,0.0,0.0,0.0,0.0,0.0,0.0,0.0,0.0
298,Grant Hanley,Norwich,1.5,7.0,0.0,0.0,0.0,0.0,0.0,0.0,0.0,0.0,0.0,0.0,0.0,17.0,4.0,0.0
299,Aaron Mooy,Brighton,1.5,2.625,9.0,2.0,0.0,0.0,0.0,0.0,1.0,0.0,9.0,0.0,0.0,0.0,0.0,0.0
300,Florin Andone,Brighton,1.5,7.0,0.0,0.0,0.0,0.0,0.0,0.0,0.0,0.0,0.0,0.0,0.0,2.0,2.0,17.0
301,José Ignacio Peleteiro Romallo,Aston Villa,1.5,4.2,0.0,0.0,0.0,0.0,0.0,0.0,0.0,0.0,0.0,8.0,4.0,2.0,7.0,0.0
302,Phil Bardsley,Burnley,1.4285714285714286,6.666666666666667,4.0,1.0,15.0,0.0,0.0,0.0,0.0,0.0,0.0,0.0,0.0,0.0,0.0,0.0
303,Gabriel Teodoro Martinelli Silva,Arsenal,1.4285714285714286,3.3333333333333335,0.0,2.0,0.0,4.0,0.0,0.0,14.0,0.0,0.0,0.0,0.0,0.0,0.0,0.0
304,Aymeric Laporte,Man City,1.3571428571428572,4.75,0.0,0.0,0.0,0.0,0.0,0.0,0.0,0.0,0.0,0.0,0.0,2.0,17.0,0.0
305,Dennis Srbeny,Norwich,1.3571428571428572,3.1666666666666665,0.0,17.0,0.0,2.0,0.0,0.0,0.0,0.0,0.0,0.0,0.0,0.0,0.0,0.0
306,Bjorn Engels,Aston Villa,1.3571428571428572,1.7272727272727273,0.0,0.0,0.0,0.0,0.0,4.0,4.0,0.0,0.0,0.0,0.0,2.0,9.0,0.0
307,Andreas Christensen,Chelsea,1.3571428571428572,3.1666666666666665,0.0,0.0,0.0,0.0,0.0,0.0,0.0,0.0,0.0,0.0,0.0,17.0,0.0,2.0
308,Erik Pieters,Burnley,1.3571428571428572,1.5833333333333333,8.0,0.0,0.0,0.0,7.0,0.0,1.0,0.0,0.0,0.0,0.0,1.0,1.0,1.0
309,Ashley Young,Man Utd,1.2857142857142858,2.0,0.0,0.0,0.0,2.0,0.0,0.0,4.0,2.0,0.0,0.0,3.0,7.0,0.0,0.0
310,Dean Henderson,Sheffield Utd,1.2857142857142858,1.3846153846153846,0.0,0.0,0.0,0.0,0.0,0.0,0.0,0.0,0.0,18.0,0.0,0.0,0.0,0.0
311,Simon Francis,Bournemouth,1.2857142857142858,4.5,0.0,0.0,18.0,0.0,0.0,0.0,0.0,0.0,0.0,0.0,0.0,0.0,0.0,0.0
312,Robbie Brady,Burnley,1.2857142857142858,2.5714285714285716,0.0,0.0,2.0,8.0,0.0,8.0,0.0,0.0,0.0,0.0,0.0,0.0,0.0,0.0
313,Kyle Walker-Peters,Spurs,1.2857142857142858,6.0,0.0,0.0,0.0,0.0,0.0,0.0,0.0,0.0,0.0,0.0,0.0,4.0,0.0,14.0
314,Marvelous Nakamba,Aston Villa,1.2857142857142858,2.25,0.0,0.0,9.0,0.0,2.0,0.0,0.0,0.0,7.0,0.0,0.0,0.0,0.0,0.0
315,Georges-Kévin Nkoudou,Spurs,1.2857142857142858,18.0,0.0,0.0,0.0,0.0,0.0,0.0,0.0,0.0,0.0,0.0,0.0,0.0,0.0,18.0
316,Luke Freeman,Sheffield Utd,1.2142857142857142,2.4285714285714284,0.0,0.0,0.0,0.0,0.0,0.0,0.0,0.0,0.0,0.0,3.0,4.0,10.0,0.0
317,Ben Foster,Watford,1.2142857142857142,1.2142857142857142,0.0,0.0,0.0,17.0,0.0,0.0,0.0,0.0,0.0,0.0,0.0,0.0,0.0,0.0
318,Isaac Success Ajayi,Watford,1.2142857142857142,8.5,0.0,0.0,0.0,0.0,0.0,0.0,0.0,0.0,0.0,0.0,17.0,0.0,0.0,0.0
319,Ezri Konsa Ngoyo,Aston Villa,1.2142857142857142,4.25,0.0,17.0,0.0,0.0,0.0,0.0,0.0,0.0,0.0,0.0,0.0,0.0,0.0,0.0
320,Nathaniel Chalobah,Watford,1.1428571428571428,3.2,0.0,0.0,0.0,10.0,0.0,0.0,0.0,0.0,0.0,0.0,6.0,0.0,0.0,0.0
321,James Tomkins,Crystal Palace,1.1428571428571428,2.6666666666666665,4.0,4.0,4.0,0.0,4.0,0.0,0.0,0.0,0.0,0.0,0.0,0.0,0.0,0.0
322,Ben Godfrey,Norwich,1.1428571428571428,1.1428571428571428,0.0,0.0,2.0,0.0,0.0,0.0,1.0,0.0,0.0,0.0,0.0,6.0,0.0,7.0
323,Giovani Lo Celso,Spurs,1.1428571428571428,2.2857142857142856,0.0,0.0,13.0,0.0,2.0,0.0,0.0,0.0,0.0,0.0,0.0,1.0,0.0,0.0
324,Matthew Lowton,Burnley,1.0714285714285714,1.3636363636363635,0.0,0.0,0.0,0.0,2.0,2.0,2.0,2.0,2.0,2.0,0.0,0.0,1.0,2.0
325,Matej Vydra,Burnley,1.0714285714285714,3.75,0.0,0.0,0.0,0.0,11.0,2.0,0.0,0.0,0.0,2.0,0.0,0.0,0.0,0.0
326,Luke Shaw,Man Utd,1.0,3.5,4.0,0.0,0.0,0.0,0.0,0.0,0.0,0.0,0.0,0.0,0.0,6.0,2.0,2.0
327,Willy Boly,Wolves,1.0,1.75,0.0,0.0,0.0,0.0,0.0,0.0,0.0,0.0,0.0,0.0,8.0,0.0,2.0,4.0
328,Arthur Masuaku,West Ham,1.0,2.3333333333333335,0.0,0.0,0.0,0.0,0.0,2.0,0.0,0.0,0.0,9.0,2.0,1.0,0.0,0.0
329,Ryan Bennett,Wolves,1.0,2.0,0.0,0.0,0.0,0.0,0.0,0.0,0.0,0.0,0.0,0.0,0.0,4.0,2.0,8.0
330,James McCarthy,Crystal Palace,1.0,1.5555555555555556,0.0,0.0,7.0,0.0,0.0,0.0,7.0,0.0,0.0,0.0,0.0,0.0,0.0,0.0
331,Matthew Longstaff,Newcastle,1.0,3.3333333333333335,0.0,0.0,0.0,0.0,2.0,0.0,8.0,0.0,0.0,0.0,0.0,0.0,0.0,0.0
332,André Filipe Tavares Gomes,Everton,0.9285714285714286,1.625,0.0,0.0,0.0,6.0,0.0,2.0,0.0,0.0,0.0,0.0,2.0,3.0,0.0,0.0
333,Nacho Monreal,Arsenal,0.8571428571428571,4.0,0.0,0.0,0.0,0.0,0.0,0.0,0.0,0.0,0.0,0.0,0.0,4.0,4.0,4.0
334,Yoshinori Muto,Newcastle,0.8571428571428571,2.4,0.0,0.0,0.0,0.0,0.0,0.0,0.0,0.0,0.0,0.0,10.0,0.0,2.0,0.0
335,Matt Ritchie,Newcastle,0.8571428571428571,4.0,0.0,0.0,0.0,0.0,0.0,0.0,0.0,0.0,0.0,0.0,0.0,0.0,12.0,0.0
336,Ben Davies,Spurs,0.8571428571428571,2.0,0.0,0.0,2.0,2.0,0.0,0.0,2.0,0.0,0.0,2.0,0.0,4.0,0.0,0.0
337,Morgan Gibbs-White,Wolves,0.8571428571428571,4.0,0.0,0.0,0.0,0.0,0.0,0.0,0.0,4.0,0.0,0.0,0.0,8.0,0.0,0.0
338,Rúben Gonçalo Silva Nascimento Vinagre,Wolves,0.8571428571428571,2.4,0.0,0.0,0.0,2.0,0.0,0.0,6.0,0.0,0.0,0.0,4.0,0.0,0.0,0.0
339,Reece James,Chelsea,0.7857142857142857,1.8333333333333333,3.0,0.0,0.0,0.0,8.0,0.0,0.0,0.0,0.0,0.0,0.0,0.0,0.0,0.0
340,Christian Kabasele,Watford,0.7142857142857143,1.4285714285714286,0.0,0.0,0.0,0.0,0.0,0.0,2.0,0.0,0.0,8.0,0.0,0.0,0.0,0.0
341,Aaron Lennon,Burnley,0.7142857142857143,1.1111111111111112,2.0,0.0,0.0,0.0,0.0,2.0,0.0,0.0,0.0,4.0,0.0,0.0,2.0,0.0
342,Jan Bednarek,Southampton,0.7142857142857143,0.7142857142857143,0.0,0.0,0.0,0.0,0.0,0.0,0.0,0.0,0.0,0.0,0.0,0.0,0.0,10.0
343,Héctor Bellerín,Arsenal,0.6428571428571429,4.5,0.0,4.0,5.0,0.0,0.0,0.0,0.0,0.0,0.0,0.0,0.0,0.0,0.0,0.0
344,Martin Kelly,Crystal Palace,0.5714285714285714,0.8888888888888888,0.0,0.0,0.0,0.0,0.0,0.0,4.0,0.0,0.0,0.0,0.0,2.0,2.0,0.0
345,Sebastian Prödl,Watford,0.5714285714285714,8.0,0.0,0.0,0.0,0.0,0.0,0.0,8.0,0.0,0.0,0.0,0.0,0.0,0.0,0.0
346,Pablo Zabaleta,West Ham,0.5714285714285714,1.6,0.0,0.0,0.0,2.0,6.0,0.0,0.0,0.0,0.0,0.0,0.0,0.0,0.0,0.0
347,Fabian Delph,Everton,0.5714285714285714,1.1428571428571428,0.0,0.0,0.0,0.0,0.0,0.0,8.0,0.0,0.0,0.0,0.0,0.0,0.0,0.0
348,Xherdan Shaqiri,Liverpool,0.5714285714285714,4.0,0.0,0.0,0.0,0.0,0.0,0.0,0.0,0.0,0.0,0.0,8.0,0.0,0.0,0.0
349,Adam Masina,Watford,0.5,1.4,2.0,0.0,0.0,5.0,0.0,0.0,0.0,0.0,0.0,0.0,0.0,0.0,0.0,0.0
350,Yves Bissouma,Brighton,0.5,1.4,0.0,0.0,0.0,0.0,0.0,0.0,0.0,0.0,7.0,0.0,0.0,0.0,0.0,0.0
351,Leon Clarke,Sheffield Utd,0.5,4.0,0.0,0.0,0.0,0.0,0.0,0.0,0.0,4.0,0.0,0.0,0.0,0.0,0.0,0.0
352,Ezequiel Schelotto,Brighton,0.5,1.3333333333333333,0.0,0.0,0.0,4.0,0.0,0.0,0.0,0.0,0.0,0.0,0.0,0.0,0.0,0.0
353,Kevin Danso,Southampton,0.46153846153846156,1.0,0.0,0.0,0.0,0.0,2.0,4.0,0.0,0.0,0.0,0.0,0.0,0.0,0.0,0.0
354,Javier Manquillo,Newcastle,0.42857142857142855,1.2,0.0,0.0,0.0,0.0,0.0,0.0,0.0,0.0,2.0,0.0,2.0,0.0,0.0,2.0
355,Albian Ajeti,West Ham,0.42857142857142855,1.5,0.0,0.0,2.0,4.0,0.0,0.0,0.0,0.0,0.0,0.0,0.0,0.0,0.0,0.0
356,Mamadou Sakho,Crystal Palace,0.42857142857142855,1.5,2.0,0.0,0.0,0.0,0.0,0.0,0.0,0.0,4.0,0.0,0.0,0.0,0.0,0.0
357,Marcos Rojo,Man Utd,0.42857142857142855,2.0,0.0,0.0,0.0,0.0,0.0,2.0,4.0,0.0,0.0,0.0,0.0,0.0,0.0,0.0
358,Alexander Tettey,Norwich,0.42857142857142855,0.75,0.0,0.0,6.0,0.0,0.0,0.0,0.0,0.0,0.0,0.0,0.0,0.0,0.0,0.0
359,Gaëtan Bong,Brighton,0.42857142857142855,1.5,0.0,0.0,0.0,0.0,0.0,0.0,0.0,6.0,0.0,0.0,0.0,0.0,0.0,0.0
360,Henri Lansbury,Aston Villa,0.35714285714285715,1.0,1.0,0.0,0.0,0.0,0.0,0.0,0.0,0.0,2.0,0.0,2.0,0.0,0.0,0.0
361,Jan Vertonghen,Spurs,0.2857142857142857,0.5714285714285714,0.0,0.0,0.0,0.0,0.0,2.0,0.0,2.0,0.0,0.0,0.0,0.0,0.0,0.0
362,Christoph Zimmermann,Norwich,0.2857142857142857,1.3333333333333333,0.0,2.0,0.0,0.0,0.0,0.0,0.0,0.0,0.0,0.0,2.0,0.0,0.0,0.0
363,Jack Wilshere,West Ham,0.2857142857142857,0.6666666666666666,0.0,0.0,0.0,0.0,0.0,2.0,2.0,0.0,0.0,0.0,0.0,0.0,0.0,0.0
364,Ravel Morrison,Sheffield Utd,0.2857142857142857,4.0,0.0,0.0,0.0,0.0,0.0,0.0,0.0,0.0,0.0,0.0,0.0,4.0,0.0,0.0
365,Jack Stephens,Southampton,0.2857142857142857,0.6666666666666666,0.0,0.0,0.0,2.0,0.0,0.0,0.0,0.0,0.0,0.0,0.0,0.0,0.0,2.0
366,Jonathan Kodjia,Aston Villa,0.14285714285714285,1.0,0.0,0.0,0.0,0.0,0.0,0.0,0.0,0.0,0.0,0.0,0.0,0.0,0.0,2.0
367,Charlie Taylor,Burnley,0.14285714285714285,0.4,0.0,0.0,0.0,0.0,0.0,0.0,2.0,0.0,0.0,0.0,0.0,0.0,0.0,0.0
368,Christian Fuchs,Leicester,0.14285714285714285,0.6666666666666666,0.0,0.0,0.0,0.0,0.0,0.0,0.0,0.0,0.0,0.0,0.0,1.0,1.0,0.0
369,Connor Wickham,Crystal Palace,0.14285714285714285,1.0,0.0,0.0,0.0,0.0,0.0,0.0,0.0,0.0,0.0,0.0,0.0,0.0,0.0,2.0
370,Bernardo Fernandes da Silva Junior,Brighton,0.14285714285714285,1.0,0.0,0.0,0.0,0.0,0.0,0.0,0.0,0.0,0.0,0.0,2.0,0.0,0.0,0.0
371,Ben Osborn,Sheffield Utd,0.14285714285714285,1.0,0.0,0.0,0.0,0.0,0.0,0.0,0.0,0.0,0.0,0.0,2.0,0.0,0.0,0.0
372,Phil Jagielka,Sheffield Utd,0.14285714285714285,0.5,0.0,2.0,0.0,0.0,0.0,0.0,0.0,0.0,0.0,0.0,0.0,0.0,0.0,0.0
373,Nick Pope,Burnley,0.14285714285714285,0.14285714285714285,0.0,0.0,0.0,0.0,0.0,0.0,0.0,0.0,0.0,0.0,0.0,0.0,2.0,0.0
374,Rob Holding,Arsenal,0.14285714285714285,2.0,0.0,0.0,2.0,0.0,0.0,0.0,0.0,0.0,0.0,0.0,0.0,0.0,0.0,0.0
375,Ahmed El Mohamady,Aston Villa,0.14285714285714285,0.3333333333333333,0.0,0.0,0.0,0.0,0.0,0.0,0.0,0.0,0.0,0.0,0.0,0.0,2.0,0.0
376,Hugo Lloris,Spurs,0.0,0.0,0.0,0.0,0.0,0.0,0.0,0.0,0.0,0.0,0.0,0.0,0.0,0.0,0.0,0.0
377,Carl Jenkinson,Arsenal,0.0,0.0,0.0,0.0,0.0,0.0,0.0,0.0,0.0,0.0,0.0,0.0,0.0,0.0,0.0,0.0
378,Max Kilman,Wolves,0.0,0.0,0.0,0.0,0.0,0.0,0.0,0.0,0.0,0.0,0.0,0.0,0.0,0.0,0.0,0.0
379,Conor Coady,Wolves,0.0,0.0,0.0,0.0,0.0,0.0,0.0,0.0,0.0,0.0,0.0,0.0,0.0,0.0,0.0,0.0
380,Bernd Leno,Arsenal,0.0,0.0,0.0,0.0,0.0,0.0,0.0,0.0,0.0,0.0,0.0,0.0,0.0,0.0,0.0,0.0
381,Edward Nketiah,Arsenal,0.0,0.0,0.0,0.0,0.0,0.0,0.0,0.0,0.0,0.0,0.0,0.0,0.0,0.0,0.0,0.0
382,Vincent Janssen,Spurs,0.0,0.0,0.0,0.0,0.0,0.0,0.0,0.0,0.0,0.0,0.0,0.0,0.0,0.0,0.0,0.0
383,Konstantinos Mavropanos,Arsenal,0.0,0.0,0.0,0.0,0.0,0.0,0.0,0.0,0.0,0.0,0.0,0.0,0.0,0.0,0.0,0.0
384,David Martin,West Ham,0.0,0.0,0.0,0.0,0.0,0.0,0.0,0.0,0.0,0.0,0.0,0.0,0.0,0.0,0.0,0.0
385,Marc Navarro,Watford,0.0,0.0,0.0,0.0,0.0,0.0,0.0,0.0,0.0,0.0,0.0,0.0,0.0,0.0,0.0,0.0
386,John Ruddy,Wolves,0.0,0.0,0.0,0.0,0.0,0.0,0.0,0.0,0.0,0.0,0.0,0.0,0.0,0.0,0.0,0.0
387,Rui Pedro dos Santos Patrício,Wolves,0.0,0.0,0.0,0.0,0.0,0.0,0.0,0.0,0.0,0.0,0.0,0.0,0.0,0.0,0.0,0.0
388,Paulo Gazzaniga,Spurs,0.0,0.0,0.0,0.0,0.0,0.0,0.0,0.0,0.0,0.0,0.0,0.0,0.0,0.0,0.0,0.0
389,Owen Otasowie,Wolves,0.0,0.0,0.0,0.0,0.0,0.0,0.0,0.0,0.0,0.0,0.0,0.0,0.0,0.0,0.0,0.0
390,Asmir Begovic,Bournemouth,0.0,0.0,0.0,0.0,0.0,0.0,0.0,0.0,0.0,0.0,0.0,0.0,0.0,0.0,0.0,0.0
391,Taylor Perry,Wolves,0.0,0.0,0.0,0.0,0.0,0.0,0.0,0.0,0.0,0.0,0.0,0.0,0.0,0.0,0.0,0.0
392,Daniel N'Lundulu,Southampton,0.0,0.0,0.0,0.0,0.0,0.0,0.0,0.0,0.0,0.0,0.0,0.0,0.0,0.0,0.0,0.0
393,Bernard Ashley-Seal,Wolves,0.0,0.0,0.0,0.0,0.0,0.0,0.0,0.0,0.0,0.0,0.0,0.0,0.0,0.0,0.0,0.0
394,Harry Lewis,Southampton,0.0,0.0,0.0,0.0,0.0,0.0,0.0,0.0,0.0,0.0,0.0,0.0,0.0,0.0,0.0,0.0
395,Jesús Vallejo Lázaro,Wolves,0.0,0.0,0.0,0.0,0.0,0.0,0.0,0.0,0.0,0.0,0.0,0.0,0.0,0.0,0.0,0.0
396,Sam Surridge,Bournemouth,0.0,0.0,0.0,0.0,0.0,0.0,0.0,0.0,0.0,0.0,0.0,0.0,0.0,0.0,0.0,0.0
397,Ivan Cavaleiro,Wolves,0.0,0.0,0.0,0.0,0.0,0.0,0.0,0.0,0.0,0.0,0.0,0.0,0.0,0.0,0.0,0.0
398,Hélder Costa,Wolves,0.0,0.0,0.0,0.0,0.0,0.0,0.0,0.0,0.0,0.0,0.0,0.0,0.0,0.0,0.0,0.0
399,Kieran Trippier,Spurs,0.0,0.0,0.0,0.0,0.0,0.0,0.0,0.0,0.0,0.0,0.0,0.0,0.0,0.0,0.0,0.0
400,Laurent Koscielny,Arsenal,0.0,0.0,0.0,0.0,0.0,0.0,0.0,0.0,0.0,0.0,0.0,0.0,0.0,0.0,0.0,0.0
401,Will Norris,Wolves,0.0,0.0,0.0,0.0,0.0,0.0,0.0,0.0,0.0,0.0,0.0,0.0,0.0,0.0,0.0,0.0
402,Juan Foyth,Spurs,0.0,0.0,0.0,0.0,0.0,0.0,0.0,0.0,0.0,0.0,0.0,0.0,0.0,0.0,0.0,0.0
403,Jack Simpson,Bournemouth,0.0,0.0,0.0,0.0,0.0,0.0,0.0,0.0,0.0,0.0,0.0,0.0,0.0,0.0,0.0,0.0
404,Roberto Jimenez Gago,West Ham,0.0,0.0,0.0,0.0,0.0,0.0,0.0,0.0,0.0,0.0,0.0,0.0,0.0,0.0,0.0,0.0
405,Carlos Sánchez,West Ham,0.0,0.0,0.0,0.0,0.0,0.0,0.0,0.0,0.0,0.0,0.0,0.0,0.0,0.0,0.0,0.0
406,Pedro Obiang,West Ham,0.0,0.0,0.0,0.0,0.0,0.0,0.0,0.0,0.0,0.0,0.0,0.0,0.0,0.0,0.0,0.0
407,Heurelho da Silva Gomes,Watford,0.0,0.0,0.0,0.0,0.0,0.0,0.0,0.0,0.0,0.0,0.0,0.0,0.0,0.0,0.0,0.0
408,Ayotomiwa Dele-Bashiru,Watford,0.0,0.0,0.0,0.0,0.0,0.0,0.0,0.0,0.0,0.0,0.0,0.0,0.0,0.0,0.0,0.0
409,Dimitri Foulquier,Watford,0.0,0.0,0.0,0.0,0.0,0.0,0.0,0.0,0.0,0.0,0.0,0.0,0.0,0.0,0.0,0.0
410,Alfie Whiteman,Spurs,0.0,0.0,0.0,0.0,0.0,0.0,0.0,0.0,0.0,0.0,0.0,0.0,0.0,0.0,0.0,0.0
411,Michel Vorm,Spurs,0.0,0.0,0.0,0.0,0.0,0.0,0.0,0.0,0.0,0.0,0.0,0.0,0.0,0.0,0.0,0.0
412,Brandon Austin,Spurs,0.0,0.0,0.0,0.0,0.0,0.0,0.0,0.0,0.0,0.0,0.0,0.0,0.0,0.0,0.0,0.0
413,Andre Green,Aston Villa,0.0,0.0,0.0,0.0,0.0,0.0,0.0,0.0,0.0,0.0,0.0,0.0,0.0,0.0,0.0,0.0
414,Birkir Bjarnason,Aston Villa,0.0,0.0,0.0,0.0,0.0,0.0,0.0,0.0,0.0,0.0,0.0,0.0,0.0,0.0,0.0,0.0
415,Kortney Hause,Aston Villa,0.0,0.0,0.0,0.0,0.0,0.0,0.0,0.0,0.0,0.0,0.0,0.0,0.0,0.0,0.0,0.0
416,Domingos Quina,Watford,0.0,0.0,0.0,0.0,0.0,0.0,0.0,0.0,0.0,0.0,0.0,0.0,0.0,0.0,0.0,0.0
417,Ken Sema,Watford,0.0,0.0,0.0,0.0,0.0,0.0,0.0,0.0,0.0,0.0,0.0,0.0,0.0,0.0,0.0,0.0
418,Artur Boruc,Bournemouth,0.0,0.0,0.0,0.0,0.0,0.0,0.0,0.0,0.0,0.0,0.0,0.0,0.0,0.0,0.0,0.0
419,Tom Heaton,Aston Villa,0.0,0.0,0.0,0.0,0.0,0.0,0.0,0.0,0.0,0.0,0.0,0.0,0.0,0.0,0.0,0.0
420,Pontus Dahlberg,Watford,0.0,0.0,0.0,0.0,0.0,0.0,0.0,0.0,0.0,0.0,0.0,0.0,0.0,0.0,0.0,0.0
421,Jed Steer,Aston Villa,0.0,0.0,0.0,0.0,0.0,0.0,0.0,0.0,0.0,0.0,0.0,0.0,0.0,0.0,0.0,0.0
422,Ørjan Nyland,Aston Villa,0.0,0.0,0.0,0.0,0.0,0.0,0.0,0.0,0.0,0.0,0.0,0.0,0.0,0.0,0.0,0.0
423,Ryan Sessegnon,Spurs,0.0,0.0,0.0,0.0,0.0,0.0,0.0,0.0,0.0,0.0,0.0,0.0,0.0,0.0,0.0,0.0
424,Lloyd Kelly,Bournemouth,0.0,0.0,0.0,0.0,0.0,0.0,0.0,0.0,0.0,0.0,0.0,0.0,0.0,0.0,0.0,0.0
425,James Chester,Aston Villa,0.0,0.0,0.0,0.0,0.0,0.0,0.0,0.0,0.0,0.0,0.0,0.0,0.0,0.0,0.0,0.0
426,Grady Diangana,West Ham,0.0,0.0,0.0,0.0,0.0,0.0,0.0,0.0,0.0,0.0,0.0,0.0,0.0,0.0,0.0,0.0
427,Charlie Daniels,Bournemouth,0.0,0.0,0.0,0.0,0.0,0.0,0.0,0.0,0.0,0.0,0.0,0.0,0.0,0.0,0.0,0.0
428,Mohamed Elneny,Arsenal,0.0,0.0,0.0,0.0,0.0,0.0,0.0,0.0,0.0,0.0,0.0,0.0,0.0,0.0,0.0,0.0
429,Lovre Kalinic,Aston Villa,0.0,0.0,0.0,0.0,0.0,0.0,0.0,0.0,0.0,0.0,0.0,0.0,0.0,0.0,0.0,0.0
430,Emiliano Martínez,Arsenal,0.0,0.0,0.0,0.0,0.0,0.0,0.0,0.0,0.0,0.0,0.0,0.0,0.0,0.0,0.0,0.0
431,Victor Wanyama,Spurs,0.0,0.0,0.0,0.0,0.0,0.0,0.0,0.0,0.0,0.0,0.0,0.0,0.0,0.0,0.0,0.0
432,Lukasz Fabianski,West Ham,0.0,0.0,0.0,0.0,0.0,0.0,0.0,0.0,0.0,0.0,0.0,0.0,0.0,0.0,0.0,0.0
433,Winston Reid,West Ham,0.0,0.0,0.0,0.0,0.0,0.0,0.0,0.0,0.0,0.0,0.0,0.0,0.0,0.0,0.0,0.0
434,Luke Amos,Spurs,0.0,0.0,0.0,0.0,0.0,0.0,0.0,0.0,0.0,0.0,0.0,0.0,0.0,0.0,0.0,0.0
435,Oliver Skipp,Spurs,0.0,0.0,0.0,0.0,0.0,0.0,0.0,0.0,0.0,0.0,0.0,0.0,0.0,0.0,0.0,0.0
436,Alexandre Nascimento Costa Silva,West Ham,0.0,0.0,0.0,0.0,0.0,0.0,0.0,0.0,0.0,0.0,0.0,0.0,0.0,0.0,0.0,0.0
437,Marko Arnautovic,West Ham,0.0,0.0,0.0,0.0,0.0,0.0,0.0,0.0,0.0,0.0,0.0,0.0,0.0,0.0,0.0,0.0
438,Troy Parrott,Spurs,0.0,0.0,0.0,0.0,0.0,0.0,0.0,0.0,0.0,0.0,0.0,0.0,0.0,0.0,0.0,0.0
439,Ben Johnson,West Ham,0.0,0.0,0.0,0.0,0.0,0.0,0.0,0.0,0.0,0.0,0.0,0.0,0.0,0.0,0.0,0.0
440,Wesley Hoedt,Southampton,0.0,0.0,0.0,0.0,0.0,0.0,0.0,0.0,0.0,0.0,0.0,0.0,0.0,0.0,0.0,0.0
441,Anthony Gordon,Everton,0.0,0.0,0.0,0.0,0.0,0.0,0.0,0.0,0.0,0.0,0.0,0.0,0.0,0.0,0.0,0.0
442,Mark Travers,Bournemouth,0.0,0.0,0.0,0.0,0.0,0.0,0.0,0.0,0.0,0.0,0.0,0.0,0.0,0.0,0.0,0.0
443,Rhian Brewster,Liverpool,0.0,0.0,0.0,0.0,0.0,0.0,0.0,0.0,0.0,0.0,0.0,0.0,0.0,0.0,0.0,0.0
444,Andy Lonergan,Liverpool,0.0,0.0,0.0,0.0,0.0,0.0,0.0,0.0,0.0,0.0,0.0,0.0,0.0,0.0,0.0,0.0
445,Caoimhin Kelleher,Liverpool,0.0,0.0,0.0,0.0,0.0,0.0,0.0,0.0,0.0,0.0,0.0,0.0,0.0,0.0,0.0,0.0
446,Harvey Elliott,Liverpool,0.0,0.0,0.0,0.0,0.0,0.0,0.0,0.0,0.0,0.0,0.0,0.0,0.0,0.0,0.0,0.0
447,Danilo Luiz da Silva,Man City,0.0,0.0,0.0,0.0,0.0,0.0,0.0,0.0,0.0,0.0,0.0,0.0,0.0,0.0,0.0,0.0
448,Ederson Santana de Moraes,Man City,0.0,0.0,0.0,0.0,0.0,0.0,0.0,0.0,0.0,0.0,0.0,0.0,0.0,0.0,0.0,0.0
449,Claudio Bravo,Man City,0.0,0.0,0.0,0.0,0.0,0.0,0.0,0.0,0.0,0.0,0.0,0.0,0.0,0.0,0.0,0.0
450,Leroy Sané,Man City,0.0,0.0,0.0,0.0,0.0,0.0,0.0,0.0,0.0,0.0,0.0,0.0,0.0,0.0,0.0,0.0
451,Addji Keaninkin Marc-Israel Guehi,Chelsea,0.0,0.0,0.0,0.0,0.0,0.0,0.0,0.0,0.0,0.0,0.0,0.0,0.0,0.0,0.0,0.0
452,Billy Gilmour,Chelsea,0.0,0.0,0.0,0.0,0.0,0.0,0.0,0.0,0.0,0.0,0.0,0.0,0.0,0.0,0.0,0.0
453,Robert Kenedy Nunes do Nascimento,Chelsea,0.0,0.0,0.0,0.0,0.0,0.0,0.0,0.0,0.0,0.0,0.0,0.0,0.0,0.0,0.0,0.0
454,Ethan Ampadu,Chelsea,0.0,0.0,0.0,0.0,0.0,0.0,0.0,0.0,0.0,0.0,0.0,0.0,0.0,0.0,0.0,0.0
455,Ruben Loftus-Cheek,Chelsea,0.0,0.0,0.0,0.0,0.0,0.0,0.0,0.0,0.0,0.0,0.0,0.0,0.0,0.0,0.0,0.0
456,Willy Caballero,Chelsea,0.0,0.0,0.0,0.0,0.0,0.0,0.0,0.0,0.0,0.0,0.0,0.0,0.0,0.0,0.0,0.0
457,Eric Garcia,Man City,0.0,0.0,0.0,0.0,0.0,0.0,0.0,0.0,0.0,0.0,0.0,0.0,0.0,0.0,0.0,0.0
458,Scott Carson,Man City,0.0,0.0,0.0,0.0,0.0,0.0,0.0,0.0,0.0,0.0,0.0,0.0,0.0,0.0,0.0,0.0
459,Kepa Arrizabalaga,Chelsea,0.0,0.0,0.0,0.0,0.0,0.0,0.0,0.0,0.0,0.0,0.0,0.0,0.0,0.0,0.0,0.0
460,Chris Smalling,Man Utd,0.0,0.0,0.0,0.0,0.0,0.0,0.0,0.0,0.0,0.0,0.0,0.0,0.0,0.0,0.0,0.0
461,Eric Bailly,Man Utd,0.0,0.0,0.0,0.0,0.0,0.0,0.0,0.0,0.0,0.0,0.0,0.0,0.0,0.0,0.0,0.0
462,José Diogo Dalot Teixeira,Man Utd,0.0,0.0,0.0,0.0,0.0,0.0,0.0,0.0,0.0,0.0,0.0,0.0,0.0,0.0,0.0,0.0
463,Matteo Darmian,Man Utd,0.0,0.0,0.0,0.0,0.0,0.0,0.0,0.0,0.0,0.0,0.0,0.0,0.0,0.0,0.0,0.0
464,Phil Jones,Man Utd,0.0,0.0,0.0,0.0,0.0,0.0,0.0,0.0,0.0,0.0,0.0,0.0,0.0,0.0,0.0,0.0
465,Romelu Lukaku,Man Utd,0.0,0.0,0.0,0.0,0.0,0.0,0.0,0.0,0.0,0.0,0.0,0.0,0.0,0.0,0.0,0.0
466,Davide Zappacosta,Chelsea,0.0,0.0,0.0,0.0,0.0,0.0,0.0,0.0,0.0,0.0,0.0,0.0,0.0,0.0,0.0,0.0
467,David de Gea,Man Utd,0.0,0.0,0.0,0.0,0.0,0.0,0.0,0.0,0.0,0.0,0.0,0.0,0.0,0.0,0.0,0.0
468,Sergio Romero,Man Utd,0.0,0.0,0.0,0.0,0.0,0.0,0.0,0.0,0.0,0.0,0.0,0.0,0.0,0.0,0.0,0.0
469,Lee Grant,Man Utd,0.0,0.0,0.0,0.0,0.0,0.0,0.0,0.0,0.0,0.0,0.0,0.0,0.0,0.0,0.0,0.0
470,Bailey Peacock-Farrell,Burnley,0.0,0.0,0.0,0.0,0.0,0.0,0.0,0.0,0.0,0.0,0.0,0.0,0.0,0.0,0.0,0.0
471,Adrián San Miguel del Castillo,Liverpool,0.0,0.0,0.0,0.0,0.0,0.0,0.0,0.0,0.0,0.0,0.0,0.0,0.0,0.0,0.0,0.0
472,Rafael Camacho,Liverpool,0.0,0.0,0.0,0.0,0.0,0.0,0.0,0.0,0.0,0.0,0.0,0.0,0.0,0.0,0.0,0.0
473,Daniel Drinkwater,Burnley,0.0,0.0,0.0,0.0,0.0,0.0,0.0,0.0,0.0,0.0,0.0,0.0,0.0,0.0,0.0,0.0
474,Vicente Guaita,Crystal Palace,0.0,0.0,0.0,0.0,0.0,0.0,0.0,0.0,0.0,0.0,0.0,0.0,0.0,0.0,0.0,0.0
475,Jean-Philippe Gbamin,Everton,0.0,0.0,0.0,0.0,0.0,0.0,0.0,0.0,0.0,0.0,0.0,0.0,0.0,0.0,0.0,0.0
476,Jonas Lössl,Everton,0.0,0.0,0.0,0.0,0.0,0.0,0.0,0.0,0.0,0.0,0.0,0.0,0.0,0.0,0.0,0.0
477,Wes Morgan,Leicester,0.0,0.0,0.0,0.0,0.0,0.0,0.0,0.0,0.0,0.0,0.0,0.0,0.0,0.0,0.0,0.0
478,Kasper Schmeichel,Leicester,0.0,0.0,0.0,0.0,0.0,0.0,0.0,0.0,0.0,0.0,0.0,0.0,0.0,0.0,0.0,0.0
479,Eldin Jakupovic,Leicester,0.0,0.0,0.0,0.0,0.0,0.0,0.0,0.0,0.0,0.0,0.0,0.0,0.0,0.0,0.0,0.0
480,Danny Ward,Leicester,0.0,0.0,0.0,0.0,0.0,0.0,0.0,0.0,0.0,0.0,0.0,0.0,0.0,0.0,0.0,0.0
481,Lewis Gibson,Everton,0.0,0.0,0.0,0.0,0.0,0.0,0.0,0.0,0.0,0.0,0.0,0.0,0.0,0.0,0.0,0.0
482,Rachid Ghezzal,Leicester,0.0,0.0,0.0,0.0,0.0,0.0,0.0,0.0,0.0,0.0,0.0,0.0,0.0,0.0,0.0,0.0
483,Matty James,Leicester,0.0,0.0,0.0,0.0,0.0,0.0,0.0,0.0,0.0,0.0,0.0,0.0,0.0,0.0,0.0,0.0
484,Daniel Amartey,Leicester,0.0,0.0,0.0,0.0,0.0,0.0,0.0,0.0,0.0,0.0,0.0,0.0,0.0,0.0,0.0,0.0
485,Nampalys Mendy,Leicester,0.0,0.0,0.0,0.0,0.0,0.0,0.0,0.0,0.0,0.0,0.0,0.0,0.0,0.0,0.0,0.0
486,Idrissa Gueye,Everton,0.0,0.0,0.0,0.0,0.0,0.0,0.0,0.0,0.0,0.0,0.0,0.0,0.0,0.0,0.0,0.0
487,James Justin,Leicester,0.0,0.0,0.0,0.0,0.0,0.0,0.0,0.0,0.0,0.0,0.0,0.0,0.0,0.0,0.0,0.0
488,Ademola Lookman,Everton,0.0,0.0,0.0,0.0,0.0,0.0,0.0,0.0,0.0,0.0,0.0,0.0,0.0,0.0,0.0,0.0
489,Andy King,Leicester,0.0,0.0,0.0,0.0,0.0,0.0,0.0,0.0,0.0,0.0,0.0,0.0,0.0,0.0,0.0,0.0
490,Maarten Stekelenburg,Everton,0.0,0.0,0.0,0.0,0.0,0.0,0.0,0.0,0.0,0.0,0.0,0.0,0.0,0.0,0.0,0.0
491,Jordan Pickford,Everton,0.0,0.0,0.0,0.0,0.0,0.0,0.0,0.0,0.0,0.0,0.0,0.0,0.0,0.0,0.0,0.0
492,Leighton Baines,Everton,0.0,0.0,0.0,0.0,0.0,0.0,0.0,0.0,0.0,0.0,0.0,0.0,0.0,0.0,0.0,0.0
493,Joseph Gomez,Liverpool,0.0,0.0,0.0,0.0,0.0,0.0,0.0,0.0,0.0,0.0,0.0,0.0,0.0,0.0,0.0,0.0
494,Stephen Henderson,Crystal Palace,0.0,0.0,0.0,0.0,0.0,0.0,0.0,0.0,0.0,0.0,0.0,0.0,0.0,0.0,0.0,0.0
495,Jairo Riedewald,Crystal Palace,0.0,0.0,0.0,0.0,0.0,0.0,0.0,0.0,0.0,0.0,0.0,0.0,0.0,0.0,0.0,0.0
496,Alisson Ramses Becker,Liverpool,0.0,0.0,0.0,0.0,0.0,0.0,0.0,0.0,0.0,0.0,0.0,0.0,0.0,0.0,0.0,0.0
497,Simon Mignolet,Liverpool,0.0,0.0,0.0,0.0,0.0,0.0,0.0,0.0,0.0,0.0,0.0,0.0,0.0,0.0,0.0,0.0
498,Víctor Camarasa,Crystal Palace,0.0,0.0,0.0,0.0,0.0,0.0,0.0,0.0,0.0,0.0,0.0,0.0,0.0,0.0,0.0,0.0
499,Luke Dreher,Crystal Palace,0.0,0.0,0.0,0.0,0.0,0.0,0.0,0.0,0.0,0.0,0.0,0.0,0.0,0.0,0.0,0.0
500,Naby Keita,Liverpool,0.0,0.0,0.0,0.0,0.0,0.0,0.0,0.0,0.0,0.0,0.0,0.0,0.0,0.0,0.0,0.0
501,Wayne Hennessey,Crystal Palace,0.0,0.0,0.0,0.0,0.0,0.0,0.0,0.0,0.0,0.0,0.0,0.0,0.0,0.0,0.0,0.0
502,Alexis Sánchez,Man Utd,0.0,0.0,0.0,0.0,0.0,0.0,0.0,0.0,0.0,0.0,0.0,0.0,0.0,0.0,0.0,0.0
503,Angel Gomes,Man Utd,0.0,0.0,0.0,0.0,0.0,0.0,0.0,0.0,0.0,0.0,0.0,0.0,0.0,0.0,0.0,0.0
504,Callum Slattery,Southampton,0.0,0.0,0.0,0.0,0.0,0.0,0.0,0.0,0.0,0.0,0.0,0.0,0.0,0.0,0.0,0.0
505,Adam Idah,Norwich,0.0,0.0,0.0,0.0,0.0,0.0,0.0,0.0,0.0,0.0,0.0,0.0,0.0,0.0,0.0,0.0
506,Akin Famewo,Norwich,0.0,0.0,0.0,0.0,0.0,0.0,0.0,0.0,0.0,0.0,0.0,0.0,0.0,0.0,0.0,0.0
507,Matthew Clarke,Brighton,0.0,0.0,0.0,0.0,0.0,0.0,0.0,0.0,0.0,0.0,0.0,0.0,0.0,0.0,0.0,0.0
508,Kieron Freeman,Sheffield Utd,0.0,0.0,0.0,0.0,0.0,0.0,0.0,0.0,0.0,0.0,0.0,0.0,0.0,0.0,0.0,0.0
509,Beni Baningime,Everton,0.0,0.0,0.0,0.0,0.0,0.0,0.0,0.0,0.0,0.0,0.0,0.0,0.0,0.0,0.0,0.0
510,Leon Balogun,Brighton,0.0,0.0,0.0,0.0,0.0,0.0,0.0,0.0,0.0,0.0,0.0,0.0,0.0,0.0,0.0,0.0
511,Richard Stearman,Sheffield Utd,0.0,0.0,0.0,0.0,0.0,0.0,0.0,0.0,0.0,0.0,0.0,0.0,0.0,0.0,0.0,0.0
512,Jake Eastwood,Sheffield Utd,0.0,0.0,0.0,0.0,0.0,0.0,0.0,0.0,0.0,0.0,0.0,0.0,0.0,0.0,0.0,0.0
513,Mark Duffy,Sheffield Utd,0.0,0.0,0.0,0.0,0.0,0.0,0.0,0.0,0.0,0.0,0.0,0.0,0.0,0.0,0.0,0.0
514,Gavin Kilkenny,Bournemouth,0.0,0.0,0.0,0.0,0.0,0.0,0.0,0.0,0.0,0.0,0.0,0.0,0.0,0.0,0.0,0.0
515,Christian Saydee,Bournemouth,0.0,0.0,0.0,0.0,0.0,0.0,0.0,0.0,0.0,0.0,0.0,0.0,0.0,0.0,0.0,0.0
516,Simon Moore,Sheffield Utd,0.0,0.0,0.0,0.0,0.0,0.0,0.0,0.0,0.0,0.0,0.0,0.0,0.0,0.0,0.0,0.0
517,Aaron Ramsdale,Bournemouth,0.0,0.0,0.0,0.0,0.0,0.0,0.0,0.0,0.0,0.0,0.0,0.0,0.0,0.0,0.0,0.0
518,Michael Verrips,Sheffield Utd,0.0,0.0,0.0,0.0,0.0,0.0,0.0,0.0,0.0,0.0,0.0,0.0,0.0,0.0,0.0,0.0
519,Muhamed Bešić,Sheffield Utd,0.0,0.0,0.0,0.0,0.0,0.0,0.0,0.0,0.0,0.0,0.0,0.0,0.0,0.0,0.0,0.0
520,Kayne Ramsay,Southampton,0.0,0.0,0.0,0.0,0.0,0.0,0.0,0.0,0.0,0.0,0.0,0.0,0.0,0.0,0.0,0.0
521,Charlie Austin,Southampton,0.0,0.0,0.0,0.0,0.0,0.0,0.0,0.0,0.0,0.0,0.0,0.0,0.0,0.0,0.0,0.0
522,Andrew Surman,Bournemouth,0.0,0.0,0.0,0.0,0.0,0.0,0.0,0.0,0.0,0.0,0.0,0.0,0.0,0.0,0.0,0.0
523,Sam Gallagher,Southampton,0.0,0.0,0.0,0.0,0.0,0.0,0.0,0.0,0.0,0.0,0.0,0.0,0.0,0.0,0.0,0.0
524,Fraser Forster,Southampton,0.0,0.0,0.0,0.0,0.0,0.0,0.0,0.0,0.0,0.0,0.0,0.0,0.0,0.0,0.0,0.0
525,Alex McCarthy,Southampton,0.0,0.0,0.0,0.0,0.0,0.0,0.0,0.0,0.0,0.0,0.0,0.0,0.0,0.0,0.0,0.0
526,Angus Gunn,Southampton,0.0,0.0,0.0,0.0,0.0,0.0,0.0,0.0,0.0,0.0,0.0,0.0,0.0,0.0,0.0,0.0
527,Jordon Ibe,Bournemouth,0.0,0.0,0.0,0.0,0.0,0.0,0.0,0.0,0.0,0.0,0.0,0.0,0.0,0.0,0.0,0.0
528,Junior Stanislas,Bournemouth,0.0,0.0,0.0,0.0,0.0,0.0,0.0,0.0,0.0,0.0,0.0,0.0,0.0,0.0,0.0,0.0
529,Mohamed Elyounoussi,Southampton,0.0,0.0,0.0,0.0,0.0,0.0,0.0,0.0,0.0,0.0,0.0,0.0,0.0,0.0,0.0,0.0
530,Mario Lemina,Southampton,0.0,0.0,0.0,0.0,0.0,0.0,0.0,0.0,0.0,0.0,0.0,0.0,0.0,0.0,0.0,0.0
531,David Brooks,Bournemouth,0.0,0.0,0.0,0.0,0.0,0.0,0.0,0.0,0.0,0.0,0.0,0.0,0.0,0.0,0.0,0.0
532,Tyreke Johnson,Southampton,0.0,0.0,0.0,0.0,0.0,0.0,0.0,0.0,0.0,0.0,0.0,0.0,0.0,0.0,0.0,0.0
533,Archie Mair,Norwich,0.0,0.0,0.0,0.0,0.0,0.0,0.0,0.0,0.0,0.0,0.0,0.0,0.0,0.0,0.0,0.0
534,Philip Heise,Norwich,0.0,0.0,0.0,0.0,0.0,0.0,0.0,0.0,0.0,0.0,0.0,0.0,0.0,0.0,0.0,0.0
535,Steven Defour,Burnley,0.0,0.0,0.0,0.0,0.0,0.0,0.0,0.0,0.0,0.0,0.0,0.0,0.0,0.0,0.0,0.0
536,Ralf Fahrmann,Norwich,0.0,0.0,0.0,0.0,0.0,0.0,0.0,0.0,0.0,0.0,0.0,0.0,0.0,0.0,0.0,0.0
537,Tahith Chong,Man Utd,0.0,0.0,0.0,0.0,0.0,0.0,0.0,0.0,0.0,0.0,0.0,0.0,0.0,0.0,0.0,0.0
538,James Garner,Man Utd,0.0,0.0,0.0,0.0,0.0,0.0,0.0,0.0,0.0,0.0,0.0,0.0,0.0,0.0,0.0,0.0
539,Axel Tuanzebe,Man Utd,0.0,0.0,0.0,0.0,0.0,0.0,0.0,0.0,0.0,0.0,0.0,0.0,0.0,0.0,0.0,0.0
540,Joe Hart,Burnley,0.0,0.0,0.0,0.0,0.0,0.0,0.0,0.0,0.0,0.0,0.0,0.0,0.0,0.0,0.0,0.0
541,Florian Lejeune,Newcastle,0.0,0.0,0.0,0.0,0.0,0.0,0.0,0.0,0.0,0.0,0.0,0.0,0.0,0.0,0.0,0.0
542,Ben Gibson,Burnley,0.0,0.0,0.0,0.0,0.0,0.0,0.0,0.0,0.0,0.0,0.0,0.0,0.0,0.0,0.0,0.0
543,Kevin Long,Burnley,0.0,0.0,0.0,0.0,0.0,0.0,0.0,0.0,0.0,0.0,0.0,0.0,0.0,0.0,0.0,0.0
544,Jose Luis Mato Sanmartín,Newcastle,0.0,0.0,0.0,0.0,0.0,0.0,0.0,0.0,0.0,0.0,0.0,0.0,0.0,0.0,0.0,0.0
545,Martin Dubravka,Newcastle,0.0,0.0,0.0,0.0,0.0,0.0,0.0,0.0,0.0,0.0,0.0,0.0,0.0,0.0,0.0,0.0
546,Karl Darlow,Newcastle,0.0,0.0,0.0,0.0,0.0,0.0,0.0,0.0,0.0,0.0,0.0,0.0,0.0,0.0,0.0,0.0
547,Frederick Woodman,Newcastle,0.0,0.0,0.0,0.0,0.0,0.0,0.0,0.0,0.0,0.0,0.0,0.0,0.0,0.0,0.0,0.0
548,Sung-yueng Ki,Newcastle,0.0,0.0,0.0,0.0,0.0,0.0,0.0,0.0,0.0,0.0,0.0,0.0,0.0,0.0,0.0,0.0
549,Jack Colback,Newcastle,0.0,0.0,0.0,0.0,0.0,0.0,0.0,0.0,0.0,0.0,0.0,0.0,0.0,0.0,0.0,0.0
550,Jacob Murphy,Newcastle,0.0,0.0,0.0,0.0,0.0,0.0,0.0,0.0,0.0,0.0,0.0,0.0,0.0,0.0,0.0,0.0
551,Tudor Baluta,Brighton,0.0,0.0,0.0,0.0,0.0,0.0,0.0,0.0,0.0,0.0,0.0,0.0,0.0,0.0,0.0,0.0
552,Rolando Aarons,Newcastle,0.0,0.0,0.0,0.0,0.0,0.0,0.0,0.0,0.0,0.0,0.0,0.0,0.0,0.0,0.0,0.0
553,Dwight Gayle,Newcastle,0.0,0.0,0.0,0.0,0.0,0.0,0.0,0.0,0.0,0.0,0.0,0.0,0.0,0.0,0.0,0.0
554,Timm Klose,Norwich,0.0,0.0,0.0,0.0,0.0,0.0,0.0,0.0,0.0,0.0,0.0,0.0,0.0,0.0,0.0,0.0
555,Beram Kayal,Brighton,0.0,0.0,0.0,0.0,0.0,0.0,0.0,0.0,0.0,0.0,0.0,0.0,0.0,0.0,0.0,0.0
556,Tim Krul,Norwich,0.0,0.0,0.0,0.0,0.0,0.0,0.0,0.0,0.0,0.0,0.0,0.0,0.0,0.0,0.0,0.0
557,Michael McGovern,Norwich,0.0,0.0,0.0,0.0,0.0,0.0,0.0,0.0,0.0,0.0,0.0,0.0,0.0,0.0,0.0,0.0
558,Anthony Knockaert,Brighton,0.0,0.0,0.0,0.0,0.0,0.0,0.0,0.0,0.0,0.0,0.0,0.0,0.0,0.0,0.0,0.0
559,José Heriberto Izquierdo Mena,Brighton,0.0,0.0,0.0,0.0,0.0,0.0,0.0,0.0,0.0,0.0,0.0,0.0,0.0,0.0,0.0,0.0
560,Alireza Jahanbakhsh,Brighton,0.0,0.0,0.0,0.0,0.0,0.0,0.0,0.0,0.0,0.0,0.0,0.0,0.0,0.0,0.0,0.0
561,David Button,Brighton,0.0,0.0,0.0,0.0,0.0,0.0,0.0,0.0,0.0,0.0,0.0,0.0,0.0,0.0,0.0,0.0
562,Mathew Ryan,Brighton,0.0,0.0,0.0,0.0,0.0,0.0,0.0,0.0,0.0,0.0,0.0,0.0,0.0,0.0,0.0,0.0
563,Patrick Roberts,Norwich,0.0,0.0,0.0,0.0,0.0,0.0,0.0,0.0,0.0,0.0,0.0,0.0,0.0,0.0,0.0,0.0
564,Luke Cundle,Wolves,0.0,0.0,0.0,0.0,0.0,0.0,0.0,0.0,0.0,0.0,0.0,0.0,0.0,0.0,0.0,0.0
