,Name,Team,Creativity per fixture,Creativity per game,Creativity GW13,Creativity GW12,Creativity GW11,Creativity GW10,Creativity GW9,Creativity GW8,Creativity GW7,Creativity GW6,Creativity GW5,Creativity GW4,Creativity GW3,Creativity GW2,Creativity GW1
1,Kevin De Bruyne,Man City,53.223076923076924,57.65833333333333,38.1,52.1,61.9,91.1,34.8,0.0,33.6,109.4,36.8,26.7,42.3,127.7,37.4
2,Trent Alexander-Arnold,Liverpool,51.361538461538444,51.361538461538444,61.9,30.3,53.4,100.3,33.2,69.1,7.7,29.8,102.6,33.3,80.3,29.5,36.3
3,Lucas Digne,Everton,39.49230769230769,39.49230769230769,55.8,58.8,57.3,42.5,49.6,26.8,26.4,19.3,40.8,36.5,53.4,29.8,16.4
4,James Maddison,Leicester,36.61538461538461,39.666666666666664,51.0,48.3,110.8,20.4,32.6,14.3,0.0,30.9,9.3,19.7,37.0,52.5,49.2
5,Pascal Groß,Brighton,33.23076923076923,36.0,0.0,16.8,41.8,2.5,69.7,58.0,33.5,41.3,69.1,0.8,14.9,72.7,10.9
6,Emiliano Buendía,Norwich,32.56153846153847,32.56153846153847,0.1,5.6,44.8,25.6,56.8,38.8,45.8,15.3,40.1,5.3,41.8,62.8,40.5
7,Jack Grealish,Aston Villa,30.77692307692308,36.372727272727275,75.4,0.0,0.0,2.5,69.2,27.5,36.1,46.3,33.7,3.8,13.5,70.0,22.1
8,João Filipe Iria Santos Moutinho,Wolves,28.5,28.5,43.8,30.3,56.1,31.4,4.6,16.0,7.3,17.3,58.0,0.9,36.2,38.8,29.8
9,Gylfi Sigurdsson,Everton,28.43846153846154,28.43846153846154,21.8,42.8,1.2,1.4,0.8,28.2,67.3,58.0,14.7,71.6,23.0,25.8,13.1
10,Raheem Sterling,Man City,25.907692307692308,28.066666666666666,4.4,4.9,49.6,37.3,41.8,18.1,52.3,0.0,57.8,14.5,12.8,30.6,12.7
11,Sadio Mané,Liverpool,25.861538461538466,25.861538461538466,24.7,22.3,45.7,32.6,36.3,16.5,3.6,3.4,26.0,16.6,51.2,56.0,1.3
12,Youri Tielemans,Leicester,25.53076923076923,25.53076923076923,13.9,44.6,17.5,47.5,37.2,4.3,25.3,29.3,9.7,31.9,35.2,4.8,30.7
13,James Ward-Prowse,Southampton,25.492307692307694,25.492307692307694,41.3,27.8,1.3,6.1,45.3,25.9,19.8,38.3,30.5,18.6,31.9,29.5,15.1
14,Mason Mount,Chelsea,25.200000000000003,25.200000000000003,0.6,33.8,14.4,23.7,19.4,23.4,27.6,16.8,44.8,18.0,30.2,23.1,51.8
15,Andrew Robertson,Liverpool,24.953846153846158,24.953846153846158,23.3,29.7,24.1,32.0,33.2,16.9,17.0,16.7,33.7,5.0,49.8,18.3,24.7
16,Oliver Norwood,Sheffield Utd,24.215384615384615,24.215384615384615,23.0,18.2,2.8,4.9,15.7,43.0,19.4,0.8,54.8,17.3,31.8,61.8,21.3
17,John Fleck,Sheffield Utd,23.853846153846153,28.190909090909088,33.5,25.7,16.8,43.3,46.8,11.2,33.0,16.6,39.2,0.0,0.0,15.5,28.5
18,Manuel Lanzini,West Ham,23.523076923076925,27.8,0.0,11.1,27.0,15.2,9.3,7.3,22.0,0.0,16.8,59.4,82.1,48.8,6.8
19,Gerard Deulofeu,Watford,23.33846153846154,23.33846153846154,59.3,13.3,26.5,7.6,12.1,11.3,12.9,0.3,92.0,1.0,32.3,29.3,5.5
20,Ashley Young,Man Utd,23.299999999999997,33.65555555555555,0.0,0.0,17.2,16.8,5.1,88.1,39.3,10.0,29.7,14.4,82.3,0.0,0.0
21,Ilkay Gündogan,Man City,23.223076923076924,25.158333333333335,10.3,36.0,42.4,31.8,42.3,41.2,14.8,0.0,23.3,2.3,13.4,40.3,3.8
22,Ashley Westwood,Burnley,23.207692307692312,23.207692307692312,9.6,16.8,18.8,3.2,31.9,39.4,19.6,50.3,32.4,15.3,30.3,22.6,11.5
23,Dwight McNeil,Burnley,22.47692307692308,22.47692307692308,25.8,66.0,1.3,26.3,17.2,2.3,30.2,35.0,6.3,19.3,30.4,26.8,5.3
24,Riyad Mahrez,Man City,21.861538461538466,31.577777777777783,16.9,0.0,0.0,0.0,0.0,4.9,59.7,51.8,18.8,66.3,13.6,1.0,51.2
25,Nicolas Pépé,Arsenal,21.692307692307693,23.5,1.7,1.1,0.0,67.0,35.8,19.6,6.0,61.8,14.2,29.2,17.7,26.3,1.6
26,Willian Borges Da Silva,Chelsea,21.6,23.400000000000002,14.2,56.3,54.1,35.3,44.8,41.8,14.2,9.6,6.4,2.8,0.3,1.0,0.0
27,Luka Milivojevic,Crystal Palace,20.861538461538462,22.599999999999998,11.7,15.5,15.1,3.4,1.6,0.0,22.2,20.1,32.8,101.3,10.9,21.8,14.8
28,Felipe Anderson Pereira Gomes,West Ham,20.10769230769231,21.783333333333335,1.1,9.6,53.8,8.3,4.3,16.4,27.8,27.0,33.9,37.3,40.3,0.0,1.6
29,Marcus Rashford,Man Utd,20.023076923076925,20.023076923076925,20.1,28.0,24.9,29.3,12.0,24.2,23.1,12.5,16.0,21.8,18.3,25.2,4.9
30,Bernardo Mota Veiga de Carvalho e Silva,Man City,19.646153846153847,23.218181818181822,0.0,24.3,25.1,47.8,42.5,4.9,0.3,33.0,33.2,1.1,21.8,21.4,0.0
31,Raúl Jiménez,Wolves,19.430769230769233,19.430769230769233,24.2,46.3,14.4,32.3,3.6,31.0,12.0,41.6,5.3,2.8,24.4,2.5,12.2
32,Diego Rico,Bournemouth,19.384615384615383,25.2,15.6,1.8,9.9,16.5,39.3,19.2,86.3,15.0,31.8,0.0,0.0,0.0,16.6
33,John McGinn,Aston Villa,19.161538461538463,19.161538461538463,14.8,17.2,17.9,2.1,37.8,18.2,23.8,12.0,14.1,30.6,16.8,30.4,13.4
34,Benjamin Chilwell,Leicester,18.9,22.336363636363632,31.7,27.3,13.0,76.8,5.6,4.7,27.2,12.6,4.5,25.6,0.0,0.0,16.7
35,Roberto Firmino,Liverpool,18.415384615384617,18.415384615384617,4.0,11.0,45.5,14.8,5.8,26.5,14.9,12.6,49.6,26.9,5.8,7.2,14.8
36,Ryan Fraser,Bournemouth,18.246153846153845,19.766666666666666,16.8,31.3,24.3,37.1,7.6,16.0,0.0,0.1,3.3,42.6,2.0,31.4,24.7
37,David Silva,Man City,18.215384615384615,19.733333333333334,17.7,0.0,5.7,31.8,27.9,17.2,0.3,21.9,9.6,42.4,29.4,0.6,32.3
38,Adama Traoré,Wolves,18.161538461538466,19.675000000000004,34.3,18.8,27.3,33.6,3.7,14.3,20.5,49.8,15.8,1.3,0.8,15.9,0.0
39,Heung-Min Son,Spurs,18.092307692307692,21.38181818181818,37.0,29.5,12.8,2.5,4.7,2.4,34.8,36.2,15.4,24.7,35.2,0.0,0.0
40,Mohamed Salah,Liverpool,18.03076923076923,21.30909090909091,0.0,3.3,1.2,15.3,0.0,37.7,13.3,15.3,41.8,38.4,16.6,11.8,39.7
41,Robert Snodgrass,West Ham,17.615384615384617,28.625,67.7,14.0,73.3,36.5,0.0,0.0,0.0,0.0,0.0,16.2,0.0,5.5,15.8
42,César Azpilicueta,Chelsea,17.107692307692307,18.533333333333335,13.3,0.0,8.0,13.2,5.3,2.2,12.1,54.9,12.5,31.6,22.0,30.5,16.8
43,Abdoulaye Doucouré,Watford,17.007692307692306,17.007692307692306,25.0,2.8,29.2,13.3,11.7,7.5,5.3,1.0,39.8,3.7,46.5,12.2,23.1
44,Todd Cantwell,Norwich,16.776923076923076,16.776923076923076,11.9,14.2,1.3,11.3,13.8,37.3,2.5,15.5,12.8,3.1,2.2,58.3,33.9
45,Joshua King,Bournemouth,16.546153846153846,17.925,0.0,19.9,21.1,25.6,20.8,13.0,17.0,3.2,42.9,22.5,13.2,3.5,12.4
46,Jorge Luiz Frello Filho,Chelsea,16.26923076923077,17.625,3.2,0.0,36.3,3.9,20.2,3.6,42.4,17.8,38.8,22.4,13.6,5.0,4.3
47,Andreas Pereira,Man Utd,16.192307692307693,17.541666666666668,3.3,36.1,11.7,45.5,31.9,5.0,22.3,17.8,13.3,3.2,0.0,0.3,20.1
48,Harvey Barnes,Leicester,16.115384615384617,17.458333333333332,28.3,19.0,1.3,50.3,38.4,0.8,23.9,23.3,1.3,15.7,5.1,0.0,2.1
49,Anwar El Ghazi,Aston Villa,15.96923076923077,17.3,24.5,31.1,26.2,0.3,3.3,36.0,2.0,30.1,37.2,0.0,0.5,11.1,5.3
50,Andriy Yarmolenko,West Ham,15.892307692307698,17.216666666666672,1.2,17.5,0.6,48.6,14.8,18.6,29.3,14.8,12.8,24.3,22.8,1.3,0.0
51,Christian Eriksen,Spurs,15.646153846153844,18.49090909090909,0.1,0.0,9.1,6.4,0.0,5.3,37.6,5.4,29.7,28.7,26.6,13.7,40.8
52,Erik Lamela,Spurs,15.576923076923077,22.5,0.0,0.0,0.0,0.0,27.2,24.9,11.8,39.6,19.2,11.9,14.5,15.1,38.3
53,Teemu Pukki,Norwich,15.561538461538463,15.561538461538463,11.3,38.1,14.0,2.3,13.8,31.1,33.0,2.4,10.8,0.9,10.8,12.6,21.2
54,Daniel James,Man Utd,15.538461538461538,15.538461538461538,17.7,23.0,37.5,28.4,26.2,3.7,3.4,16.5,1.4,33.0,4.3,6.4,0.5
55,Fabio Henrique Tavares,Liverpool,15.292307692307693,16.566666666666666,6.3,1.1,0.0,33.0,24.6,6.7,16.5,16.4,18.3,12.8,51.0,0.3,11.8
56,Matteo Guendouzi,Arsenal,15.246153846153847,15.246153846153847,19.8,12.6,12.8,22.5,15.1,20.4,4.5,37.8,14.9,18.1,1.4,3.9,14.4
57,Leandro Trossard,Brighton,15.246153846153847,28.314285714285717,14.3,28.8,53.7,14.3,0.0,0.0,0.0,0.0,0.0,3.8,81.0,2.3,0.0
58,Pierre-Emile Højbjerg,Southampton,15.184615384615386,16.45,22.6,0.0,1.3,33.8,31.8,30.2,8.0,6.8,39.3,14.5,2.8,5.2,1.1
59,Oleksandr Zinchenko,Man City,15.176923076923078,28.185714285714287,0.0,0.0,0.0,0.0,0.0,49.0,18.4,0.0,14.6,7.2,65.3,17.8,25.0
60,Rodrigo Hernandez,Man City,15.138461538461538,17.89090909090909,12.2,4.7,0.0,0.0,14.8,50.2,24.9,14.3,27.7,18.7,2.0,24.2,3.1
61,John Lundstram,Sheffield Utd,15.046153846153846,15.046153846153846,7.3,15.8,15.9,12.8,13.4,27.5,16.3,15.4,14.0,2.4,9.1,18.5,27.2
62,Callum Wilson,Bournemouth,14.792307692307693,14.792307692307693,13.4,2.5,22.3,4.4,14.6,22.7,12.3,0.8,1.0,23.4,20.5,52.1,2.3
63,Enda Stevens,Sheffield Utd,14.746153846153845,14.746153846153845,18.6,17.4,26.2,13.8,2.8,7.7,47.4,1.7,23.7,12.3,3.8,13.2,3.1
64,Christian Pulisic,Chelsea,14.569230769230769,18.94,16.6,38.1,10.3,40.8,14.3,13.5,0.0,0.0,0.0,4.1,36.4,3.5,11.8
65,Pierre-Emerick Aubameyang,Arsenal,14.515384615384617,14.515384615384617,11.1,30.3,10.6,12.4,4.7,12.8,25.7,1.6,2.2,26.6,25.3,18.9,6.5
66,Ricardo Domingos Barbosa Pereira,Leicester,14.346153846153847,14.346153846153847,5.1,16.8,2.2,7.4,67.7,3.3,18.4,12.3,2.9,13.7,3.3,7.2,26.2
67,Joelinton Cássio Apolinário de Lira,Newcastle,14.315384615384618,14.315384615384618,25.7,12.8,14.2,13.2,5.2,12.3,1.3,23.8,24.4,14.1,24.3,12.3,2.5
68,Daniel Ceballos Fernández,Arsenal,14.076923076923075,16.636363636363633,0.0,0.0,18.2,17.4,5.0,41.3,2.2,15.8,7.8,22.7,1.4,48.3,2.9
69,Alex Iwobi,Everton,14.053846153846155,16.60909090909091,22.4,13.9,13.8,4.5,27.3,18.9,31.8,13.3,14.3,15.7,6.8,0.0,0.0
70,Wilfried Zaha,Crystal Palace,13.853846153846156,13.853846153846156,9.7,11.9,22.2,6.6,14.8,14.9,58.7,6.5,2.2,15.0,2.0,14.8,0.8
71,Tom Cleverley,Watford,13.753846153846155,19.866666666666667,0.0,0.0,0.0,0.2,1.8,28.7,25.9,11.8,37.4,37.4,35.3,0.3,0.0
72,Diogo Jota,Wolves,13.71538461538462,16.209090909090914,41.6,8.0,48.3,5.5,11.2,0.0,0.0,18.0,4.8,0.8,14.5,13.3,12.3
73,Mateo Kovacic,Chelsea,13.400000000000002,13.400000000000002,22.8,16.6,24.4,16.3,3.0,0.6,21.2,4.3,4.3,4.8,26.5,0.4,29.0
74,José Holebas,Watford,13.376923076923077,17.39,11.2,27.6,0.0,0.0,4.3,1.6,21.4,10.5,20.8,0.0,44.8,27.9,3.8
75,Davy Pröpper,Brighton,13.353846153846153,15.781818181818181,4.3,2.6,29.0,16.9,29.6,0.0,0.0,44.8,12.9,1.4,2.7,13.1,16.3
76,Sébastien Haller,West Ham,13.3,14.408333333333333,3.3,3.7,16.7,27.8,14.6,3.9,44.1,4.7,37.4,6.6,2.3,0.0,7.8
77,Danny Rose,Spurs,13.253846153846155,17.23,0.0,0.0,0.0,28.9,9.7,0.0,12.4,16.3,24.5,0.3,26.9,0.3,53.0
78,Kenny McLean,Norwich,13.161538461538461,14.258333333333333,73.9,26.4,3.3,3.6,12.9,13.9,2.0,3.0,1.1,28.8,1.6,0.0,0.6
79,Matthew Lowton,Burnley,13.115384615384615,15.5,0.0,0.0,3.8,13.0,17.3,4.9,15.3,40.0,1.8,14.1,29.6,15.4,15.3
80,Richarlison de Andrade,Everton,13.00769230769231,13.00769230769231,1.8,12.8,4.2,23.8,18.3,11.4,1.6,17.3,40.9,13.3,3.0,0.4,20.3
81,Nathan Redmond,Southampton,12.984615384615385,15.345454545454546,23.3,3.4,23.5,2.6,5.0,2.3,18.8,40.4,0.0,0.0,23.5,22.9,3.1
82,Paul Pogba,Man Utd,12.923076923076923,33.6,0.0,0.0,0.0,0.0,0.0,0.0,27.8,0.0,0.0,47.5,27.6,17.3,47.8
83,Tammy Abraham,Chelsea,12.738461538461538,12.738461538461538,22.7,1.8,13.2,12.3,2.6,10.3,28.3,0.8,1.9,46.8,12.5,11.6,0.8
84,Roberto Pereyra,Watford,12.576923076923078,14.863636363636367,0.0,12.4,14.6,4.4,12.3,13.0,37.5,1.4,21.9,35.4,0.0,7.3,3.3
85,Ryan Fredericks,West Ham,12.507692307692308,13.549999999999999,21.3,12.7,2.1,0.0,1.4,57.3,13.3,3.8,22.4,12.0,2.9,11.6,1.8
86,Dan Burn,Brighton,12.484615384615385,12.484615384615385,17.3,1.5,13.8,1.9,21.8,25.8,1.1,22.4,16.0,1.5,12.6,25.3,1.3
87,James McArthur,Crystal Palace,12.399999999999999,13.433333333333332,20.9,0.8,3.5,25.8,22.5,2.1,24.9,23.1,0.0,22.1,0.8,3.1,11.6
88,Sergio Agüero,Man City,12.392307692307694,13.425000000000002,22.3,1.7,1.1,0.3,0.0,12.6,2.8,38.1,13.3,23.1,34.6,10.9,0.3
89,Conor Hourihane,Aston Villa,12.346153846153847,20.0625,41.7,0.0,0.6,0.0,30.4,36.3,14.6,1.0,0.0,25.1,0.0,0.0,10.8
90,Serge Aurier,Spurs,12.307692307692308,20.0,26.3,28.0,11.7,14.1,23.9,0.0,1.0,26.2,28.8,0.0,0.0,0.0,0.0
91,Jonjo Shelvey,Newcastle,12.123076923076923,19.7,16.8,39.8,5.7,0.0,0.0,0.0,0.0,48.4,1.6,0.0,0.0,40.5,4.8
92,Patrick van Aanholt,Crystal Palace,11.900000000000002,11.900000000000002,15.9,12.2,1.8,26.8,17.1,24.3,18.7,3.2,1.3,17.4,1.1,14.4,0.5
93,Mesut Özil,Arsenal,11.76923076923077,38.25,60.7,18.7,54.8,0.0,0.0,0.0,0.0,0.0,18.8,0.0,0.0,0.0,0.0
94,Harry Winks,Spurs,11.715384615384616,12.691666666666668,17.3,14.9,0.0,0.8,15.2,3.5,4.0,16.0,3.6,22.1,24.5,0.8,29.6
95,Sean Longstaff,Newcastle,11.592307692307694,18.837500000000002,0.0,0.0,0.0,34.7,1.3,48.0,11.2,0.0,0.0,41.7,0.5,11.5,1.8
96,Christian Atsu,Newcastle,11.453846153846154,13.536363636363637,0.6,0.0,1.6,0.2,14.5,0.0,7.1,4.5,40.9,48.2,31.3,0.0,0.0
97,Francisco Femenía Far,Watford,11.3,16.322222222222223,8.0,0.0,14.8,0.0,0.1,0.0,0.0,1.7,38.7,16.3,30.5,1.9,34.9
98,Ryan Bertrand,Southampton,11.246153846153844,18.274999999999995,22.2,0.0,0.0,0.0,25.8,10.9,52.8,26.7,0.0,0.0,0.0,1.1,6.7
99,Emerson Palmieri dos Santos,Chelsea,11.207692307692307,18.2125,7.1,13.3,26.4,0.0,0.0,0.0,0.0,0.1,0.0,3.4,53.7,22.0,19.7
100,Martín Montoya,Brighton,11.146153846153847,12.075000000000001,2.7,0.5,29.1,2.5,18.8,4.1,25.3,4.1,0.0,17.4,1.8,26.0,12.6
101,Matt Targett,Aston Villa,11.007692307692308,20.442857142857143,13.3,1.0,14.6,19.0,44.7,33.3,17.2,0.0,0.0,0.0,0.0,0.0,0.0
102,Ayoze Pérez,Leicester,10.907692307692306,11.816666666666665,21.6,7.3,5.8,15.6,5.9,10.3,21.7,12.4,2.8,0.0,24.7,10.1,3.6
103,Solomon March,Brighton,10.892307692307693,17.7,9.7,6.1,0.0,0.0,11.7,0.0,0.0,0.0,39.8,16.8,24.4,31.4,1.7
104,Neal Maupay,Brighton,10.661538461538463,10.661538461538463,12.1,2.8,4.1,26.1,26.9,24.0,4.1,4.2,2.9,12.0,10.8,5.8,2.8
105,Callum Hudson-Odoi,Chelsea,10.623076923076923,23.016666666666666,0.0,0.3,1.3,15.8,72.0,34.8,13.9,0.0,0.0,0.0,0.0,0.0,0.0
106,Jordan Henderson,Liverpool,10.623076923076923,11.508333333333333,18.2,16.2,32.5,17.7,7.6,1.6,8.7,2.6,0.0,16.8,6.7,3.3,6.2
107,Scott McTominay,Man Utd,10.607692307692307,11.491666666666667,0.0,21.8,14.2,5.7,1.7,13.6,12.0,14.6,2.4,32.2,14.6,3.9,1.2
108,Allan Saint-Maximin,Newcastle,10.607692307692306,15.32222222222222,2.0,31.2,15.2,15.7,39.4,22.0,0.0,10.2,0.0,0.0,1.0,0.0,1.2
109,Jesse Lingard,Man Utd,10.592307692307692,13.77,43.6,2.6,22.7,11.1,0.0,0.0,13.5,0.8,0.0,12.2,14.3,3.6,13.3
110,Marco Stiepermann,Norwich,10.346153846153847,12.227272727272727,0.0,13.3,24.8,13.9,0.0,11.6,12.1,17.9,14.6,5.5,1.6,18.8,0.4
111,Jonathan Castro Otto,Wolves,10.223076923076924,11.075000000000001,24.4,2.1,35.9,22.9,2.9,0.0,3.3,16.7,4.3,0.0,5.3,2.8,12.3
112,Bukayo Saka,Arsenal,10.155555555555555,15.233333333333333,0.0,0.0,1.4,0.7,17.7,26.3,30.0,15.3,0.0,0.0,0.0,0.0,0.0
113,Erik Pieters,Burnley,10.13846153846154,11.981818181818182,0.0,0.0,10.9,2.7,1.8,14.6,29.2,13.7,15.9,1.3,11.3,5.3,25.1
114,Marcos Alonso,Chelsea,9.992307692307692,18.557142857142857,0.0,0.0,0.0,6.5,17.9,17.3,27.3,43.3,17.6,0.0,0.0,0.0,0.0
115,Jamal Lewis,Norwich,9.96923076923077,10.799999999999999,0.0,3.5,2.6,0.8,2.2,18.2,23.3,22.9,1.2,16.8,5.8,7.2,25.1
116,Harry Kane,Spurs,9.930769230769231,10.758333333333333,12.5,11.5,0.0,10.8,2.8,28.8,1.3,2.9,18.0,11.8,2.8,1.8,24.1
117,Moussa Sissoko,Spurs,9.899999999999999,9.899999999999999,0.0,13.9,1.4,4.4,18.0,4.5,3.3,1.5,5.9,3.8,50.0,1.7,20.3
118,Miguel Almirón,Newcastle,9.892307692307694,9.892307692307694,22.5,25.7,2.7,26.8,3.3,0.9,13.1,0.5,1.3,14.0,1.4,2.9,13.5
119,Moritz Leitner,Norwich,9.823076923076924,14.18888888888889,0.0,0.0,0.0,2.2,25.8,8.3,8.3,34.3,0.0,15.9,13.9,17.8,1.2
120,Steven Alzate,Brighton,9.799999999999999,12.599999999999998,0.0,23.6,26.0,3.8,0.1,3.8,6.5,24.4,0.0,0.0,0.0,0.0,0.0
121,Ross Barkley,Chelsea,9.684615384615386,20.983333333333334,0.0,0.0,0.0,0.0,2.2,0.0,25.4,0.0,21.1,2.8,60.0,0.0,14.4
122,Kyle Walker,Man City,9.653846153846153,12.549999999999999,0.0,2.3,28.1,0.0,0.0,3.1,18.8,2.8,8.5,3.8,4.3,30.5,23.3
123,Will Hughes,Watford,9.453846153846152,11.17272727272727,3.9,34.8,10.7,2.5,0.0,0.0,0.0,0.4,12.9,13.7,33.9,6.8,3.3
124,George Baldock,Sheffield Utd,9.384615384615385,9.384615384615385,4.3,6.6,10.4,1.2,5.8,10.0,15.2,1.0,26.7,5.9,22.8,8.3,3.8
125,Jetro Willems,Newcastle,9.284615384615385,12.07,1.5,1.1,41.1,15.8,1.9,30.6,0.0,1.9,12.3,3.3,0.0,0.0,11.2
126,Mahmoud Ahmed Ibrahim Hassan,Aston Villa,9.246153846153847,10.927272727272728,0.0,15.6,2.3,12.0,17.0,0.3,14.3,24.0,0.0,1.2,11.5,7.6,14.4
127,Harry Wilson,Bournemouth,9.246153846153845,10.016666666666666,1.0,1.4,3.3,24.2,6.4,14.8,20.5,0.8,2.3,13.5,27.7,4.3,0.0
128,Danny Ings,Southampton,9.146153846153846,9.146153846153846,11.3,0.6,1.7,1.8,10.9,10.8,12.6,10.3,0.7,14.8,31.6,0.8,11.0
129,Alexandre Lacazette,Arsenal,8.946153846153845,14.537499999999998,25.4,2.3,36.9,16.2,11.1,0.0,0.0,0.0,0.0,12.1,0.5,11.8,0.0
130,Sofiane Boufal,Southampton,8.915384615384614,11.59,10.8,1.1,0.0,0.0,0.7,0.3,24.8,14.9,28.9,11.8,10.3,0.0,12.3
131,Jamie Vardy,Leicester,8.823076923076922,8.823076923076922,12.8,21.8,0.9,3.0,16.5,1.8,12.8,11.2,11.3,13.6,1.8,2.3,4.9
132,Johann Berg Gudmundsson,Burnley,8.746153846153845,28.424999999999997,0.0,0.0,0.0,0.0,0.0,6.3,0.0,0.0,0.0,0.0,11.2,63.1,33.1
133,Frédéric Guilbert,Aston Villa,8.746153846153845,10.336363636363636,7.4,1.5,0.5,15.7,16.8,11.9,16.1,15.8,11.3,15.6,1.1,0.0,0.0
134,Aaron Wan-Bissaka,Man Utd,8.715384615384615,10.299999999999999,5.2,12.2,2.8,4.2,12.7,0.0,0.0,2.4,12.4,13.2,21.1,11.0,16.1
135,Andre Gray,Watford,8.676923076923076,9.4,2.1,13.3,1.1,12.4,0.0,12.8,10.9,10.3,0.8,1.8,33.5,11.3,2.5
136,Harry Maguire,Man Utd,8.653846153846153,8.653846153846153,11.8,0.8,11.8,21.4,0.1,23.2,1.4,0.3,0.4,12.6,6.4,11.5,10.8
137,Rúben Diogo da Silva Neves,Wolves,8.623076923076924,8.623076923076924,12.5,32.5,13.1,5.0,0.7,0.7,0.4,0.9,2.3,5.5,26.3,1.4,10.8
138,Mark Noble,West Ham,8.615384615384615,10.181818181818182,22.9,0.1,1.6,4.1,15.2,14.8,2.8,14.8,4.5,18.7,12.5,0.0,0.0
139,Andros Townsend,Crystal Palace,8.607692307692307,10.172727272727272,41.1,4.8,0.0,22.4,0.8,0.5,15.2,0.0,1.3,10.5,0.0,3.6,11.7
140,Sead Kolasinac,Arsenal,8.576923076923077,11.149999999999999,0.0,1.8,0.3,0.7,32.6,2.0,2.3,13.8,23.6,34.1,0.0,0.3,0.0
141,Tanguy Ndombele,Spurs,8.53076923076923,11.09,0.0,23.8,1.1,24.0,1.2,0.9,11.5,14.3,2.3,0.0,0.0,11.5,20.3
142,Dale Stephens,Brighton,8.484615384615383,8.484615384615383,4.1,2.1,15.0,4.8,25.2,4.0,2.7,25.6,7.8,1.8,3.3,2.6,11.3
143,Oriol Romeu Vidal,Southampton,8.461538461538463,9.166666666666668,0.0,1.5,2.5,3.4,12.3,4.8,5.9,34.1,2.9,12.7,2.9,14.4,12.6
144,Jordan Ayew,Crystal Palace,8.438461538461537,9.141666666666666,13.3,3.9,3.4,12.5,2.7,2.1,26.6,1.8,13.6,14.9,2.1,0.0,12.8
145,Frederico Rodrigues de Paula Santos,Man Utd,8.430769230769231,12.177777777777777,6.5,19.1,38.5,2.8,2.2,8.0,10.8,21.3,0.4,0.0,0.0,0.0,0.0
146,Daryl Janmaat,Watford,8.338461538461537,13.549999999999999,0.0,10.4,25.8,2.5,14.8,28.3,18.4,0.0,5.2,3.0,0.0,0.0,0.0
147,Ainsley Maitland-Niles,Arsenal,8.323076923076922,18.03333333333333,0.0,0.0,0.0,0.0,0.0,0.0,0.0,12.6,12.2,41.7,9.6,19.8,12.3
148,José Ángel Esmorís Tasende,Man City,8.246153846153847,26.8,0.0,37.5,34.3,0.7,0.0,0.0,0.0,34.7,0.0,0.0,0.0,0.0,0.0
149,Anthony Martial,Man Utd,8.13076923076923,13.212499999999999,6.0,44.0,3.9,16.8,0.3,0.0,0.0,0.0,0.0,0.0,13.1,3.3,18.3
150,Wesley Moraes,Aston Villa,8.084615384615383,8.084615384615383,23.0,1.7,3.8,4.3,1.3,15.9,12.2,1.1,4.0,2.5,23.0,11.2,1.1
151,Seamus Coleman,Everton,8.069230769230769,11.655555555555557,21.8,0.0,0.0,0.0,0.0,11.8,12.3,9.1,6.8,14.5,24.1,1.2,3.3
152,Pablo Fornals,West Ham,8.007692307692308,8.674999999999999,3.1,6.6,0.0,14.3,5.2,0.8,41.3,14.9,11.8,0.8,1.1,2.8,1.4
153,Granit Xhaka,Arsenal,8.007692307692308,11.566666666666668,0.0,0.0,0.0,13.1,4.0,2.3,2.7,16.5,2.0,37.1,2.2,0.0,24.2
154,Marc Albrighton,Leicester,7.907692307692307,17.133333333333333,0.0,0.0,0.0,16.2,0.0,4.8,30.5,0.0,0.0,25.3,0.0,10.9,15.1
155,Jack Cork,Burnley,7.823076923076922,9.245454545454544,4.8,23.3,4.1,16.0,0.0,0.0,2.0,23.1,1.3,21.4,1.8,1.8,2.1
156,David McGoldrick,Sheffield Utd,7.753846153846154,10.08,3.9,44.8,18.3,13.9,2.3,0.0,0.0,0.0,4.1,2.7,3.0,2.5,5.3
157,Wilfred Ndidi,Leicester,7.684615384615384,8.325,2.3,12.2,1.7,16.0,5.6,4.8,14.9,1.3,3.3,22.2,0.0,1.8,13.8
158,Maximillian Aarons,Norwich,7.630769230769231,9.018181818181818,11.4,3.7,0.8,22.4,12.5,14.0,4.4,0.0,0.0,12.3,2.1,14.2,1.4
159,Bamidele Alli,Spurs,7.607692307692308,16.483333333333334,24.3,26.3,17.4,2.3,27.7,0.0,0.0,0.0,0.0,0.9,0.0,0.0,0.0
160,Jack O'Connell,Sheffield Utd,7.599999999999999,7.599999999999999,11.1,12.3,10.9,24.3,11.2,3.0,1.3,0.3,1.6,1.1,15.9,1.2,4.6
161,Matt Ritchie,Newcastle,7.538461538461538,32.666666666666664,0.0,0.0,0.0,0.0,0.0,0.0,0.0,0.0,0.0,0.0,30.3,35.2,32.5
162,João Pedro Cavaco Cancelo,Man City,7.453846153846153,16.15,2.8,0.0,0.0,6.0,55.2,29.8,0.0,3.1,0.0,0.0,0.0,0.0,0.0
163,Cheikhou Kouyaté,Crystal Palace,7.423076923076923,8.772727272727273,32.4,1.9,2.2,13.2,12.1,3.8,3.4,3.0,11.1,12.3,1.1,0.0,0.0
164,Pedro Rodríguez Ledesma,Chelsea,7.36153846153846,31.899999999999995,0.0,0.0,0.0,0.0,0.0,0.0,13.6,0.0,0.0,0.0,0.0,26.8,55.3
165,Theo Walcott,Everton,7.207692307692309,9.370000000000001,3.2,39.1,14.3,2.1,27.0,0.0,0.0,5.2,0.7,0.0,0.6,1.5,0.0
166,Jeffrey Schlupp,Crystal Palace,7.1692307692307695,8.472727272727273,0.6,3.3,22.9,0.0,0.6,16.8,7.8,11.8,0.8,17.3,10.9,0.4,0.0
167,Joseph Willock,Arsenal,7.161538461538462,9.31,0.1,1.6,0.0,0.0,1.1,10.9,21.0,11.8,0.7,0.0,15.9,28.3,1.7
168,Toby Alderweireld,Spurs,7.084615384615384,7.675,0.1,0.0,3.2,10.1,30.8,2.0,0.3,0.3,12.8,0.1,5.8,0.1,26.5
169,N'Golo Kanté,Chelsea,7.061538461538462,15.300000000000002,30.2,36.5,0.0,0.0,0.0,2.3,0.0,3.5,0.0,0.0,0.0,18.4,0.9
170,Lucas Rodrigues Moura da Silva,Spurs,7.0307692307692315,8.30909090909091,14.3,0.6,3.1,0.3,14.6,11.4,0.0,1.7,0.1,0.0,5.8,0.1,39.4
171,André Filipe Tavares Gomes,Everton,6.953846153846153,11.299999999999999,0.0,0.0,11.5,4.1,13.4,1.5,0.0,0.0,0.0,18.3,8.4,21.9,11.3
172,Gabriel Fernando de Jesus,Man City,6.946153846153846,9.03,1.3,0.7,12.8,23.6,24.5,2.3,6.7,0.0,12.8,0.0,0.0,0.8,4.8
173,Calum Chambers,Arsenal,6.846153846153846,9.88888888888889,1.9,0.8,11.8,6.6,30.9,13.0,12.8,11.0,0.0,0.0,0.0,0.0,0.2
174,Chris Wood,Burnley,6.8076923076923075,8.045454545454545,11.8,1.3,0.0,0.0,17.7,1.1,1.3,14.4,0.4,13.2,13.8,12.8,0.7
175,Brandon Williams,Man Utd,6.8,11.9,23.3,12.8,11.5,0.0,0.0,0.0,0.0,0.0,0.0,0.0,0.0,0.0,0.0
176,Georginio Wijnaldum,Liverpool,6.792307692307693,6.792307692307693,13.3,3.1,14.2,4.0,2.8,2.1,6.5,2.9,10.3,13.2,8.3,2.4,5.2
177,Ahmed El Mohamady,Aston Villa,6.792307692307692,14.716666666666667,0.0,0.0,0.1,0.0,0.0,0.0,0.0,14.5,1.8,0.0,0.3,70.6,1.0
178,Bernard Anício Caldeira Duarte,Everton,6.715384615384616,10.912500000000001,0.0,0.0,0.0,0.7,12.8,0.0,0.0,12.6,4.6,1.5,1.7,34.9,18.5
179,Demarai Gray,Leicester,6.461538461538462,9.333333333333334,0.0,16.3,11.3,1.3,15.1,0.0,0.7,0.0,24.3,15.0,0.0,0.0,0.0
180,Isaac Hayden,Newcastle,6.361538461538462,8.27,1.8,13.3,12.3,0.0,0.0,0.0,1.1,12.5,0.3,14.2,0.5,14.7,12.0
181,Philip Billing,Bournemouth,6.253846153846154,6.253846153846154,1.3,14.6,1.4,1.0,3.9,1.5,1.1,13.8,12.2,3.6,1.3,1.3,24.3
182,Arthur Masuaku,West Ham,6.023076923076923,15.66,0.0,0.0,0.0,0.0,15.3,0.0,0.0,0.0,17.5,27.0,15.7,2.8,0.0
183,Che Adams,Southampton,5.923076923076923,8.555555555555555,0.0,0.0,1.1,0.0,0.0,0.0,0.0,23.5,12.6,12.8,13.0,12.2,1.8
184,Aaron Mooy,Brighton,5.838461538461539,10.842857142857143,42.3,0.0,0.0,0.0,1.5,14.9,0.8,15.0,0.9,0.0,0.0,0.5,0.0
185,Marvelous Nakamba,Aston Villa,5.769230769230769,9.375,0.0,1.7,1.3,11.9,12.9,11.4,33.3,1.2,1.3,0.0,0.0,0.0,0.0
186,Declan Rice,West Ham,5.730769230769232,5.730769230769232,1.4,11.5,6.4,3.8,11.3,3.3,2.7,2.2,15.2,1.2,1.8,11.9,1.8
187,Lys Mousset,Sheffield Utd,5.730769230769231,7.45,11.1,0.4,45.2,0.6,2.8,0.9,1.7,1.0,0.3,10.5,0.0,0.0,0.0
188,Lucas Torreira,Arsenal,5.6461538461538465,7.340000000000001,2.1,2.1,2.8,0.0,0.0,0.5,5.3,17.6,0.6,27.3,14.8,0.3,0.0
189,Matt Doherty,Wolves,5.638461538461537,6.108333333333332,4.7,13.8,16.3,14.0,1.4,0.3,12.8,2.1,1.7,0.0,3.6,0.8,1.8
190,Christian Benteke,Crystal Palace,5.553846153846153,6.563636363636363,0.8,0.0,0.2,10.3,0.0,0.0,0.0,11.3,21.7,0.3,0.3,12.3,15.0
191,Adam Smith,Bournemouth,5.461538461538462,7.888888888888889,2.3,11.9,30.3,3.3,13.2,0.0,0.0,0.0,0.0,1.3,0.5,1.2,7.0
192,Billy Sharp,Sheffield Utd,5.353846153846154,8.700000000000001,1.3,0.0,10.8,0.9,11.2,0.3,0.0,0.0,30.8,0.0,13.8,0.0,0.5
193,Etienne Capoue,Watford,5.3076923076923075,8.625,28.3,2.8,0.0,0.0,0.0,0.0,5.4,10.9,14.4,0.0,2.4,2.2,2.6
194,Juan Mata,Man Utd,5.130769230769232,9.52857142857143,0.0,0.0,0.0,0.0,0.0,2.8,0.0,14.3,13.2,34.1,0.7,0.7,0.9
195,Djibril Sidibé,Everton,5.038461538461538,10.916666666666666,9.4,15.3,3.2,15.5,20.6,1.5,0.0,0.0,0.0,0.0,0.0,0.0,0.0
196,Jannik Vestergaard,Southampton,4.915384615384616,5.8090909090909095,0.0,0.3,0.5,0.0,0.3,0.0,23.1,1.9,0.8,0.7,20.8,14.2,1.3
197,Adam Webster,Brighton,4.823076923076924,6.966666666666667,10.8,0.0,0.4,2.4,1.8,10.8,11.2,22.2,2.3,0.8,0.0,0.0,0.0
198,Aaron Connolly,Brighton,4.76,5.288888888888888,0.0,1.3,5.8,0.3,10.6,23.8,0.6,4.8,0.3,0.1,0.0,0.0,0.0
199,Joel Ward,Crystal Palace,4.73076923076923,4.73076923076923,0.8,0.5,2.3,2.7,1.5,6.3,2.8,7.3,14.8,16.9,0.8,3.9,0.9
200,Lewis Dunk,Brighton,4.700000000000001,5.091666666666668,0.0,10.8,1.6,10.3,10.7,10.6,0.3,0.6,0.9,0.7,0.8,0.5,13.3
201,Divock Origi,Liverpool,4.699999999999999,6.109999999999999,0.6,0.0,11.6,0.0,3.5,0.3,16.5,0.0,0.8,0.8,0.0,0.6,26.4
202,DeAndre Yedlin,Newcastle,4.684615384615385,8.7,28.3,0.8,0.8,18.3,7.4,5.0,0.3,0.0,0.0,0.0,0.0,0.0,0.0
203,Tyrone Mings,Aston Villa,4.6,4.6,21.0,0.8,0.0,10.2,1.2,0.3,0.3,0.3,0.5,0.8,0.0,14.4,10.0
204,Luke Shaw,Man Utd,4.492307692307692,19.466666666666665,0.0,0.0,0.0,0.0,0.0,0.0,0.0,0.0,0.0,0.0,25.7,29.7,3.0
205,Douglas Luiz Soares de Paulo,Aston Villa,4.492307692307692,5.3090909090909095,3.8,3.4,3.3,4.9,1.9,0.6,0.0,0.0,14.9,1.4,0.6,13.6,10.0
206,Giovani Lo Celso,Spurs,4.461538461538461,9.666666666666666,0.0,33.3,0.3,0.0,0.0,0.0,0.0,0.0,0.0,0.5,23.6,0.3,0.0
207,Cédric Soares,Southampton,4.438461538461539,11.540000000000001,1.8,0.3,0.0,0.0,0.0,0.0,0.0,47.1,2.8,5.7,0.0,0.0,0.0
208,Nathan Aké,Bournemouth,4.423076923076924,4.423076923076924,0.3,11.2,0.0,0.7,0.3,10.3,10.4,0.1,0.1,2.2,0.2,0.0,21.7
209,Robbie Brady,Burnley,4.4,9.533333333333335,0.0,0.1,1.0,34.7,21.3,0.0,0.0,0.1,0.0,0.0,0.0,0.0,0.0
210,Fabian Delph,Everton,4.392307692307693,8.157142857142857,0.0,0.0,2.7,0.6,0.0,13.0,8.8,16.1,12.0,3.9,0.0,0.0,0.0
211,Morgan Schneiderlin,Everton,4.330769230769231,7.0375000000000005,4.9,12.4,0.0,0.0,0.0,13.4,2.8,2.1,2.5,0.0,5.1,0.0,13.1
212,Fikayo Tomori,Chelsea,4.315384615384615,5.609999999999999,0.3,4.9,10.7,11.1,1.8,0.8,1.1,10.8,0.8,13.8,0.0,0.0,0.0
213,Willy Boly,Wolves,4.3076923076923075,7.0,0.0,0.0,0.0,0.0,0.5,0.3,10.8,1.2,0.0,20.8,21.8,0.3,0.3
214,James Milner,Liverpool,4.269230769230768,5.549999999999999,0.1,0.3,0.0,0.0,0.0,26.9,0.5,0.9,1.0,0.0,1.4,24.1,0.3
215,Kieran Tierney,Arsenal,4.246153846153846,18.400000000000002,35.6,0.0,3.3,16.3,0.0,0.0,0.0,0.0,0.0,0.0,0.0,0.0,0.0
216,Dominic Solanke,Bournemouth,4.23076923076923,4.999999999999999,0.0,1.8,0.0,0.5,1.3,11.9,2.4,12.4,11.8,2.1,0.3,10.5,0.0
217,Alex Oxlade-Chamberlain,Liverpool,4.223076923076922,6.099999999999999,2.2,0.3,14.9,0.0,2.6,0.0,0.0,0.0,20.3,1.3,0.1,13.2,0.0
218,Jeff Hendrick,Burnley,4.207692307692307,5.47,11.3,7.7,3.1,12.4,2.4,11.5,2.8,2.8,0.7,0.0,0.0,0.0,0.0
219,Ben Mee,Burnley,4.1923076923076925,4.1923076923076925,0.1,10.5,1.1,10.5,0.4,10.3,0.0,0.3,0.1,0.3,0.2,20.6,0.1
220,James Tarkowski,Burnley,4.184615384615385,4.184615384615385,0.3,10.3,0.3,10.8,10.3,10.4,0.3,0.0,10.3,0.6,0.5,0.1,0.2
221,Luke Freeman,Sheffield Utd,4.146153846153846,8.983333333333333,0.0,0.0,0.0,0.0,0.3,0.0,0.0,0.0,0.0,14.1,20.1,13.4,6.0
222,José Ignacio Peleteiro Romallo,Aston Villa,4.130769230769231,10.74,0.0,0.0,0.0,0.0,0.0,0.0,0.0,0.0,1.5,11.3,28.3,11.8,0.8
223,Oliver McBurnie,Sheffield Utd,4.023076923076923,4.754545454545454,0.2,0.0,3.5,0.0,0.5,14.3,1.7,2.6,12.1,10.8,3.8,1.4,1.4
224,Olivier Giroud,Chelsea,3.9769230769230766,12.924999999999999,0.0,0.0,0.0,4.9,0.0,0.0,0.0,0.0,0.0,0.0,12.4,33.8,0.6
225,Leander Dendoncker,Wolves,3.8923076923076922,3.8923076923076922,1.1,4.6,0.4,1.6,2.8,0.9,4.0,2.9,4.3,1.7,1.3,3.1,21.9
226,Jefferson Lerma,Bournemouth,3.892307692307692,4.6,1.9,0.0,1.4,22.2,0.0,3.0,12.2,0.8,0.0,1.8,1.7,2.3,3.3
227,David Luiz Moreira Marinho,Arsenal,3.876923076923077,4.2,1.0,16.8,7.6,0.5,4.1,3.4,7.1,0.8,3.3,1.0,0.7,4.1,0.0
228,Reiss Nelson,Arsenal,3.869230769230769,12.575,0.0,0.0,0.0,0.0,0.0,0.0,8.8,0.0,0.4,0.0,0.0,12.3,28.8
229,Cenk Tosun,Everton,3.6692307692307695,11.925,13.3,24.1,0.3,0.0,0.0,0.0,0.0,10.0,0.0,0.0,0.0,0.0,0.0
230,Aaron Cresswell,West Ham,3.607692307692307,5.862499999999999,12.9,13.5,7.8,3.8,0.0,1.3,3.9,2.2,0.0,0.0,0.0,0.0,1.5
231,Virgil van Dijk,Liverpool,3.592307692307692,3.592307692307692,4.7,0.1,11.8,2.6,1.3,3.4,14.1,0.5,4.5,1.0,0.8,1.1,0.8
232,Moise Kean,Everton,3.576923076923077,5.166666666666667,0.0,0.0,0.0,0.0,0.0,1.3,0.0,18.8,1.4,12.3,10.8,0.7,1.2
233,Ashley Barnes,Burnley,3.553846153846154,3.85,1.9,5.1,1.2,11.3,0.0,0.1,10.8,3.0,1.3,4.0,2.2,3.5,1.8
234,Ben Davies,Spurs,3.5000000000000004,7.583333333333335,15.8,8.8,15.6,0.0,0.0,3.7,0.0,0.0,0.4,0.0,1.2,0.0,0.0
235,Onel Hernández,Norwich,3.4384615384615382,7.449999999999999,12.9,18.6,11.3,1.0,0.3,0.0,0.0,0.0,0.0,0.0,0.0,0.0,0.6
236,Morgan Gibbs-White,Wolves,3.3230769230769233,14.4,0.0,0.0,0.0,0.0,0.0,0.0,5.3,0.0,12.3,0.0,25.6,0.0,0.0
237,Dennis Praet,Leicester,3.284615384615385,4.7444444444444445,2.4,5.2,10.1,0.0,0.3,3.1,8.4,0.7,0.0,0.0,12.4,0.1,0.0
238,Kyle Walker-Peters,Spurs,3.269230769230769,14.166666666666666,0.0,0.0,0.0,0.0,0.0,0.0,0.0,0.0,0.0,0.0,22.3,0.9,19.3
239,Phil Foden,Man City,3.269230769230769,8.5,2.2,0.0,1.0,38.6,0.3,0.0,0.0,0.0,0.0,0.0,0.0,0.0,0.4
240,Adam Lallana,Liverpool,3.2692307692307687,8.499999999999998,0.0,0.0,40.8,0.0,1.3,0.1,0.0,0.3,0.0,0.0,0.0,0.0,0.0
241,Dominic Calvert-Lewin,Everton,3.207692307692308,3.790909090909091,21.3,1.2,0.3,0.6,0.0,0.8,1.7,0.0,0.8,0.6,2.5,0.7,11.2
242,Hamza Choudhury,Leicester,3.1923076923076925,5.1875,0.0,0.0,0.0,0.0,0.0,0.7,1.2,10.3,1.8,1.6,1.8,11.7,12.4
243,Nacho Monreal,Arsenal,3.1384615384615384,13.6,0.0,0.0,0.0,0.0,0.0,0.0,0.0,0.0,0.0,0.0,1.2,24.0,15.6
244,Charlie Taylor,Burnley,3.1153846153846154,10.125,0.9,6.1,18.9,0.0,0.0,14.6,0.0,0.0,0.0,0.0,0.0,0.0,0.0
245,Matthew Longstaff,Newcastle,3.066666666666667,9.200000000000001,0.0,0.0,0.0,11.4,1.4,14.8,0.0,0.0,0.0,0.0,0.0,0.0,0.0
246,Michail Antonio,West Ham,3.0615384615384613,9.95,11.7,0.0,0.0,0.0,0.0,0.0,0.0,0.0,0.0,0.0,14.6,1.2,12.3
247,Sung-yueng Ki,Newcastle,3.0615384615384613,13.266666666666666,0.0,0.0,0.0,0.0,0.0,0.0,0.8,22.9,0.0,0.0,0.0,16.1,0.0
248,Callum Robinson,Sheffield Utd,3.0076923076923077,3.5545454545454547,10.6,0.0,0.0,11.1,0.0,1.7,6.1,0.3,0.1,4.0,2.0,2.3,0.9
249,Yan Valery,Southampton,2.9846153846153842,5.542857142857143,0.0,0.0,4.1,0.5,0.8,1.0,0.0,0.0,0.0,0.0,1.1,16.1,15.2
250,Chris Basham,Sheffield Utd,2.8923076923076922,2.8923076923076922,1.5,1.7,1.3,0.6,0.7,3.2,1.2,1.0,1.1,11.3,1.7,10.8,1.5
251,Fernando Luiz Rosa,Man City,2.753846153846154,3.9777777777777774,1.3,0.4,13.0,1.9,3.2,2.3,11.3,1.6,0.0,0.8,0.0,0.0,0.0
252,Federico Fernández,Newcastle,2.6923076923076925,5.0,15.1,1.0,0.3,18.6,0.0,0.0,0.0,0.0,0.0,0.0,0.0,0.0,0.0
253,Steve Cook,Bournemouth,2.684615384615385,2.684615384615385,11.0,1.1,0.1,0.3,0.7,0.3,0.0,0.0,10.3,0.2,10.7,0.1,0.1
254,Adam Masina,Watford,2.6153846153846154,8.5,11.5,0.0,10.3,12.2,0.0,0.0,0.0,0.0,0.0,0.0,0.0,0.0,0.0
255,Henrikh Mkhitaryan,Arsenal,2.6076923076923078,11.299999999999999,0.0,0.0,0.0,0.0,0.0,0.0,0.0,0.0,0.0,13.0,1.5,0.0,19.4
256,Romain Saïss,Wolves,2.5846153846153848,3.3600000000000003,4.3,0.4,0.4,26.0,0.0,0.0,0.4,1.0,0.8,0.2,0.0,0.0,0.1
257,Patrick Cutrone,Wolves,2.576923076923077,3.7222222222222223,0.0,0.3,0.0,0.0,11.3,1.5,3.3,0.1,1.3,15.7,0.0,0.0,0.0
258,Pedro Lomba Neto,Wolves,2.5461538461538455,4.137499999999999,0.0,0.3,0.1,5.8,0.0,0.0,21.9,0.7,0.0,1.3,1.4,1.6,0.0
259,Ryan Bennett,Wolves,2.507692307692307,4.657142857142857,0.0,0.1,0.0,0.0,0.3,0.2,0.0,0.0,0.0,10.7,20.0,0.9,0.4
260,Ismaïla Sarr,Watford,2.484615384615385,5.383333333333334,0.8,0.0,0.0,0.0,0.0,0.5,13.3,0.7,15.8,0.0,1.2,0.0,0.0
261,Benjamin Mendy,Man City,2.4153846153846157,7.8500000000000005,6.5,0.0,0.0,7.8,12.8,0.0,0.0,4.3,0.0,0.0,0.0,0.0,0.0
262,Nicolás Otamendi,Man City,2.376923076923077,3.8625,0.0,0.0,0.0,0.0,0.0,1.4,11.1,0.4,3.6,0.9,2.4,11.1,0.0
263,Jonny Evans,Leicester,2.361538461538462,2.361538461538462,0.3,12.0,0.3,2.8,0.8,0.8,11.9,0.1,0.4,0.3,0.4,0.3,0.3
264,Nick Pope,Burnley,2.330769230769231,2.330769230769231,10.0,0.0,0.0,0.0,0.0,0.0,0.0,0.0,0.0,0.0,0.0,10.3,10.0
265,Victor Lindelöf,Man Utd,2.307692307692308,2.5000000000000004,0.9,0.1,1.4,0.6,0.3,0.0,0.5,10.7,0.4,11.3,2.8,0.9,0.1
266,Sokratis Papastathopoulos,Arsenal,2.3,2.4916666666666667,4.4,0.0,0.4,0.3,0.8,0.7,0.3,10.5,0.2,0.2,0.3,11.4,0.4
267,Glenn Murray,Brighton,2.276923076923077,2.96,0.0,0.3,0.0,0.5,0.0,0.1,0.1,0.0,1.8,0.1,10.3,13.3,3.1
268,Arnaut Danjuma Groeneveld,Bournemouth,2.276923076923077,4.933333333333334,15.0,0.6,0.0,13.1,0.6,0.0,0.3,0.0,0.0,0.0,0.0,0.0,0.0
269,Charlie Daniels,Bournemouth,2.276923076923077,14.8,0.0,0.0,0.0,0.0,0.0,0.0,0.0,0.0,0.0,0.0,0.0,29.6,0.0
270,John Stones,Man City,2.2692307692307696,4.214285714285714,1.5,0.8,8.3,1.6,0.0,0.0,0.0,0.0,16.5,0.0,0.0,0.0,0.8
271,Mason Holgate,Everton,2.2153846153846155,4.800000000000001,4.4,10.4,0.6,13.3,0.0,0.0,0.0,0.0,0.0,0.0,0.0,0.1,0.0
272,Lewis Cook,Bournemouth,2.207692307692308,4.1,9.1,15.3,0.0,0.0,3.0,0.0,0.2,0.1,1.0,0.0,0.0,0.0,0.0
273,James McCarthy,Crystal Palace,2.207692307692308,3.1888888888888887,0.0,0.7,1.3,0.0,0.0,4.1,0.6,11.0,10.2,0.0,0.0,0.8,0.0
274,Christian Fuchs,Leicester,2.2,9.533333333333333,0.0,0.0,0.0,0.0,0.0,0.0,0.0,0.0,0.0,0.4,6.1,22.1,0.0
275,Neil Taylor,Aston Villa,2.1923076923076925,3.5625,0.0,1.0,0.0,0.0,0.0,0.0,0.8,1.9,3.9,2.1,0.9,16.9,1.0
276,Kevin Danso,Southampton,2.166666666666667,4.333333333333334,0.0,0.0,0.3,11.3,0.0,0.0,0.0,0.5,0.0,12.3,1.6,0.0,0.0
277,Gaëtan Bong,Brighton,2.1461538461538465,6.9750000000000005,0.0,0.0,0.0,0.0,0.0,0.5,26.6,0.8,0.0,0.0,0.0,0.0,0.0
278,Eric Dier,Spurs,2.1384615384615384,6.95,13.3,3.3,0.0,0.0,0.0,11.0,0.2,0.0,0.0,0.0,0.0,0.0,0.0
279,Troy Deeney,Watford,2.123076923076923,9.200000000000001,0.3,0.0,0.0,0.0,0.0,0.0,0.0,0.0,0.0,0.0,0.0,12.8,14.5
280,Danny Welbeck,Watford,2.123076923076923,5.52,0.0,0.0,0.0,0.0,0.3,2.3,13.8,0.0,0.0,0.0,10.4,0.8,0.0
281,Aymeric Laporte,Man City,2.1076923076923078,6.85,0.0,0.0,0.0,0.0,0.0,0.0,0.0,0.0,0.0,0.5,24.3,1.7,0.9
282,Andy Carroll,Newcastle,2.069230769230769,3.8428571428571425,11.8,1.2,0.3,0.0,1.1,0.5,1.4,10.6,0.0,0.0,0.0,0.0,0.0
283,Martin Kelly,Crystal Palace,2.0461538461538464,3.325,14.1,0.8,0.0,0.0,0.0,10.4,0.4,0.0,0.0,0.1,0.0,0.8,0.0
284,Nathaniel Chalobah,Watford,2.0153846153846153,6.55,0.0,0.0,23.9,0.3,0.6,0.0,0.0,0.0,0.0,1.4,0.0,0.0,0.0
285,Gary Cahill,Crystal Palace,1.9846153846153847,2.3454545454545457,0.0,0.3,0.5,0.5,1.0,10.8,0.8,10.6,0.0,1.3,0.0,0.0,0.0
286,Shane Long,Southampton,1.9538461538461538,5.08,21.4,0.0,0.0,0.0,0.0,1.8,0.0,0.0,0.0,2.2,0.0,0.0,0.0
287,Michael Obafemi,Southampton,1.9,4.9399999999999995,23.0,0.0,0.0,0.0,0.0,1.3,0.0,0.0,0.0,0.0,0.0,0.0,0.4
288,Tom Trybull,Norwich,1.8615384615384618,3.0250000000000004,1.9,3.2,1.5,0.0,1.3,0.0,0.0,0.0,0.0,1.5,0.9,13.3,0.6
289,Keinan Davis,Aston Villa,1.7923076923076924,3.8833333333333333,0.0,0.0,0.0,0.6,0.5,0.0,10.1,0.0,0.5,11.3,0.0,0.3,0.0
290,Mario Vrancic,Norwich,1.7538461538461538,7.6000000000000005,0.0,11.8,0.0,0.0,0.0,0.0,0.0,0.0,0.0,0.0,0.8,10.2,0.0
291,Albian Ajeti,West Ham,1.7384615384615385,5.65,0.0,0.8,21.8,0.0,0.0,0.0,0.0,0.0,0.0,0.0,0.0,0.0,0.0
292,Paul Dummett,Newcastle,1.7000000000000006,2.210000000000001,0.3,0.1,0.0,0.0,0.0,0.0,5.0,12.8,0.1,1.8,0.1,1.1,0.8
293,Conor Coady,Wolves,1.6999999999999997,1.6999999999999997,0.0,10.1,0.0,0.3,0.3,0.1,0.1,0.2,0.2,10.0,0.7,0.1,0.0
294,Henri Lansbury,Aston Villa,1.692307692307692,5.499999999999999,0.5,20.4,0.0,0.0,0.0,0.0,0.0,0.4,0.0,0.7,0.0,0.0,0.0
295,Simon Francis,Bournemouth,1.669230769230769,5.425,1.7,19.4,0.0,0.0,0.0,0.3,0.3,0.0,0.0,0.0,0.0,0.0,0.0
296,Jay Rodriguez,Burnley,1.6615384615384619,1.6615384615384619,0.3,0.3,1.6,5.3,1.8,0.6,10.3,0.8,0.0,0.5,0.1,0.0,0.0
297,Yerry Mina,Everton,1.6153846153846156,1.7500000000000002,14.0,0.3,1.0,0.0,0.3,0.4,0.7,0.8,0.5,0.3,1.8,0.1,0.8
298,Joel Matip,Liverpool,1.6076923076923078,2.985714285714286,0.0,0.0,0.0,0.0,1.3,0.0,2.0,0.3,3.9,0.8,11.3,1.3,0.0
299,Héctor Bellerín,Arsenal,1.5923076923076922,10.35,5.8,14.9,0.0,0.0,0.0,0.0,0.0,0.0,0.0,0.0,0.0,0.0,0.0
300,Çaglar Söyüncü,Leicester,1.5230769230769232,1.5230769230769232,0.3,2.3,0.7,1.0,0.9,0.4,1.3,0.6,0.4,0.3,10.6,0.5,0.5
301,Tom Davies,Everton,1.461538461538462,2.714285714285715,2.6,2.1,5.3,2.3,5.8,0.0,0.8,0.0,0.0,0.0,0.0,0.0,0.1
302,Issa Diop,West Ham,1.4461538461538461,1.4461538461538461,0.1,0.1,1.9,0.6,0.0,1.9,0.3,0.7,0.4,1.1,0.2,11.2,0.3
303,Pablo Zabaleta,West Ham,1.4076923076923078,3.66,0.0,0.0,3.5,13.8,0.0,0.5,0.0,0.1,0.4,0.0,0.0,0.0,0.0
304,Andreas Christensen,Chelsea,1.3153846153846156,2.85,0.0,0.0,0.0,0.0,0.0,0.0,0.9,13.3,0.3,0.0,0.8,0.2,1.6
305,Davinson Sánchez,Spurs,1.276923076923077,1.8444444444444446,0.3,0.3,0.1,0.3,1.1,0.0,0.0,0.0,0.0,1.1,1.6,0.0,11.8
306,Rúben Gonçalo Silva Nascimento Vinagre,Wolves,1.276923076923077,3.3200000000000003,0.3,0.0,0.3,14.8,0.0,0.3,0.0,0.0,0.0,0.9,0.0,0.0,0.0
307,Billy Gilmour,Chelsea,1.2600000000000002,6.300000000000001,0.0,11.8,0.0,0.0,0.0,0.0,0.0,0.0,0.0,0.8,0.0,0.0,0.0
308,Bernardo Fernandes da Silva Junior,Brighton,1.2461538461538462,8.1,0.0,0.0,0.0,0.0,0.0,0.0,0.0,0.0,0.0,15.8,0.0,0.0,0.4
309,Jan Bednarek,Southampton,1.2307692307692308,1.2307692307692308,0.3,0.3,0.3,0.4,0.3,0.3,1.1,0.8,0.4,0.0,0.3,0.7,10.8
310,Michael Keane,Everton,1.223076923076923,1.4454545454545453,0.0,0.0,0.0,0.1,0.3,0.3,0.6,1.7,0.7,0.4,11.1,0.2,0.5
311,Moussa Djenepo,Southampton,1.1461538461538463,2.483333333333334,0.9,0.6,0.3,0.0,0.0,0.0,0.0,0.0,11.3,0.0,1.3,0.5,0.0
312,Jack Stacey,Bournemouth,1.1307692307692307,3.6750000000000003,0.0,0.0,0.0,0.0,0.0,1.0,11.5,0.8,1.4,0.0,0.0,0.0,0.0
313,Phil Bardsley,Burnley,1.1,7.15,0.8,13.5,0.0,0.0,0.0,0.0,0.0,0.0,0.0,0.0,0.0,0.0,0.0
314,Angelo Ogbonna,West Ham,1.0846153846153845,1.5666666666666667,0.3,0.0,0.0,0.0,10.1,1.1,0.7,0.4,0.6,0.4,0.0,0.5,0.0
315,Michy Batshuayi,Chelsea,1.0538461538461539,1.7125,0.2,1.5,0.3,0.0,0.0,0.5,0.1,0.1,10.7,0.3,0.0,0.0,0.0
316,Craig Dawson,Watford,1.0538461538461537,1.0538461538461537,10.0,0.1,0.1,0.0,0.0,0.2,1.1,0.1,0.3,0.5,0.7,0.2,0.4
317,Javier Manquillo,Newcastle,1.0461538461538462,3.4,0.0,0.0,0.0,0.0,0.0,0.0,0.0,2.0,0.2,0.3,0.0,0.0,11.1
318,Jamaal Lascelles,Newcastle,1.0153846153846153,1.0999999999999999,0.0,0.0,0.1,0.2,0.1,0.0,0.3,0.6,0.0,11.4,0.0,0.1,0.4
319,Stuart Armstrong,Southampton,0.9923076923076922,1.2899999999999998,2.8,1.8,5.3,0.7,0.0,0.0,0.6,0.4,0.3,0.3,0.0,0.7,0.0
320,Ciaran Clark,Newcastle,0.9769230769230769,2.1166666666666667,0.3,0.1,10.7,1.1,0.3,0.2,0.0,0.0,0.0,0.0,0.0,0.0,0.0
321,Joseph Gomez,Liverpool,0.9692307692307693,2.5200000000000005,0.3,0.0,0.0,0.5,0.0,0.0,0.0,0.0,0.0,0.0,0.0,0.0,11.8
322,Isaac Success Ajayi,Watford,0.9461538461538462,6.15,0.0,0.0,0.0,0.0,0.0,0.0,0.0,0.0,0.0,12.3,0.0,0.0,0.0
323,Juan Foyth,Spurs,0.9307692307692308,6.05,0.0,12.0,0.1,0.0,0.0,0.0,0.0,0.0,0.0,0.0,0.0,0.0,0.0
324,Ezri Konsa Ngoyo,Aston Villa,0.9153846153846156,3.9666666666666672,1.3,10.3,0.0,0.0,0.0,0.3,0.0,0.0,0.0,0.0,0.0,0.0,0.0
325,Florin Andone,Brighton,0.8692307692307693,3.766666666666667,0.0,0.0,0.0,0.0,0.0,0.0,0.0,0.0,0.0,0.0,0.3,10.5,0.5
326,James Tomkins,Crystal Palace,0.8538461538461537,2.2199999999999998,10.5,0.2,0.1,0.2,0.1,0.0,0.0,0.0,0.0,0.0,0.0,0.0,0.0
327,Ben Godfrey,Norwich,0.8461538461538463,0.8461538461538463,0.3,3.8,0.9,0.4,0.2,0.5,2.3,0.4,0.0,1.4,0.4,0.3,0.1
328,Matej Vydra,Burnley,0.8461538461538461,2.75,0.0,0.0,0.0,0.1,0.1,0.0,0.0,0.0,10.8,0.0,0.0,0.0,0.0
329,Sam Byram,Norwich,0.846153846153846,2.1999999999999997,2.0,0.0,0.0,0.3,0.0,0.0,0.0,7.6,1.0,0.0,0.0,0.1,0.0
330,Mamadou Sakho,Crystal Palace,0.8307692307692308,3.6,0.0,0.0,0.0,0.0,0.0,0.0,0.0,0.4,10.3,0.1,0.0,0.0,0.0
331,Mason Greenwood,Man Utd,0.823076923076923,1.0699999999999998,0.3,0.0,0.5,3.3,0.0,1.7,0.9,0.0,0.0,0.3,1.1,2.0,0.6
332,Ben Osborn,Sheffield Utd,0.7923076923076924,5.15,0.0,0.0,0.0,0.0,0.0,0.0,0.0,0.0,0.0,10.3,0.0,0.0,0.0
333,Yves Bissouma,Brighton,0.7769230769230769,2.525,1.0,0.0,0.0,0.0,0.0,0.4,2.3,6.4,0.0,0.0,0.0,0.0,0.0
334,Paulo Gazzaniga,Spurs,0.7692307692307693,1.4285714285714286,0.0,0.0,0.0,10.0,0.0,0.0,0.0,0.0,0.0,0.0,0.0,0.0,0.0
335,Aaron Ramsdale,Bournemouth,0.7692307692307693,0.7692307692307693,0.0,0.0,0.0,0.0,0.0,0.0,0.0,10.0,0.0,0.0,0.0,0.0,0.0
336,Kasper Schmeichel,Leicester,0.7692307692307693,0.7692307692307693,0.0,0.0,0.0,0.0,0.0,0.0,0.0,0.0,10.0,0.0,0.0,0.0,0.0
337,Ben Foster,Watford,0.7692307692307693,0.7692307692307693,0.0,0.0,0.0,0.0,0.0,0.0,0.0,0.0,0.0,0.0,10.0,0.0,0.0
338,Fabian Schär,Newcastle,0.7615384615384616,1.1,0.0,0.0,0.0,0.0,4.4,0.2,0.3,0.9,0.1,1.5,0.2,0.6,1.7
339,Kurt Zouma,Chelsea,0.7615384615384616,0.8250000000000001,0.4,1.3,0.8,0.7,1.7,0.3,0.0,0.3,1.5,0.3,1.7,0.3,0.6
340,Reece James,Chelsea,0.7230769230769231,1.8800000000000001,4.6,3.5,0.0,1.3,0.0,0.0,0.0,0.0,0.0,0.0,0.0,0.0,0.0
341,Craig Cathcart,Watford,0.7153846153846154,0.8454545454545456,4.4,0.3,0.1,0.7,0.1,1.1,0.8,0.0,0.0,0.3,0.3,0.9,0.3
342,Emil Krafth,Newcastle,0.7153846153846153,1.5499999999999998,0.0,0.0,0.0,0.0,0.0,0.0,1.4,0.0,4.3,1.4,0.8,1.4,0.0
343,Aaron Lennon,Burnley,0.7076923076923077,1.1500000000000001,0.0,0.0,0.0,0.0,2.4,0.8,0.0,1.4,1.6,2.4,0.3,0.3,0.0
344,Alexander Tettey,Norwich,0.676923076923077,1.1,1.7,3.3,0.0,2.4,1.3,0.0,0.0,0.0,0.0,0.0,0.0,0.1,0.0
345,Nemanja Matic,Man Utd,0.6230769230769231,2.6999999999999997,0.0,0.0,0.0,0.0,0.0,0.0,0.0,3.9,1.4,2.8,0.0,0.0,0.0
346,Josip Drmic,Norwich,0.5923076923076923,0.9625,0.0,1.5,0.0,0.0,0.0,0.3,0.1,3.1,0.3,2.1,0.0,0.0,0.3
347,Jan Vertonghen,Spurs,0.5461538461538462,1.1833333333333333,0.0,0.0,0.0,0.0,4.2,0.9,0.0,0.2,1.7,0.1,0.0,0.0,0.0
348,Jesús Vallejo Lázaro,Wolves,0.5384615384615384,3.5,0.0,0.0,0.0,0.0,1.3,0.0,0.0,0.0,5.7,0.0,0.0,0.0,0.0
349,Dejan Lovren,Liverpool,0.5076923076923077,1.3199999999999998,2.1,0.4,1.8,2.3,0.0,0.0,0.0,0.0,0.0,0.0,0.0,0.0,0.0
350,Jack Wilshere,West Ham,0.5,1.0833333333333333,0.0,0.0,0.0,0.0,0.9,0.6,0.3,0.8,0.0,0.0,0.0,1.8,2.1
351,Jean-Philippe Gbamin,Everton,0.4846153846153846,3.15,0.0,0.0,0.0,0.0,0.0,0.0,0.0,0.0,0.0,0.0,0.0,1.7,4.6
352,Axel Tuanzebe,Man Utd,0.4769230769230769,1.5499999999999998,0.5,0.0,0.0,0.0,0.0,2.3,3.4,0.0,0.0,0.0,0.0,0.0,0.0
353,Gabriel Teodoro Martinelli Silva,Arsenal,0.4153846153846154,1.08,0.0,0.0,0.3,0.0,0.8,3.8,0.0,0.0,0.0,0.0,0.0,0.0,0.5
354,Jordon Ibe,Bournemouth,0.41538461538461535,2.6999999999999997,0.0,0.0,0.0,0.0,0.0,0.0,0.0,0.0,0.0,5.1,0.3,0.0,0.0
355,Bjorn Engels,Aston Villa,0.39999999999999997,0.47272727272727266,0.0,0.0,0.1,0.1,1.5,0.3,0.4,0.3,0.7,0.9,0.3,0.6,0.0
356,Phil Jagielka,Sheffield Utd,0.36153846153846153,1.175,4.7,0.0,0.0,0.0,0.0,0.0,0.0,0.0,0.0,0.0,0.0,0.0,0.0
357,Max Meyer,Crystal Palace,0.3076923076923077,1.0,0.0,0.0,0.0,0.0,0.0,0.0,0.4,0.0,0.0,0.0,0.0,2.6,1.0
358,Maya Yoshida,Southampton,0.2846153846153846,0.5285714285714286,0.0,0.0,0.0,0.3,0.1,0.4,1.8,0.0,0.4,0.4,0.0,0.3,0.0
359,Shane Duffy,Brighton,0.2692307692307693,0.4375000000000001,0.6,0.5,0.8,0.0,0.0,0.0,0.0,0.0,0.4,0.0,0.2,0.8,0.2
360,Fabián Balbuena,West Ham,0.25384615384615383,0.6599999999999999,0.0,0.3,2.0,0.6,0.0,0.0,0.0,0.0,0.0,0.0,0.0,0.0,0.4
361,Yoshinori Muto,Newcastle,0.25384615384615383,0.6599999999999999,0.0,0.0,0.0,0.0,0.0,0.0,0.3,0.0,0.5,1.0,0.0,1.5,0.0
362,John Egan,Sheffield Utd,0.24615384615384617,0.26666666666666666,0.0,0.2,0.0,0.0,0.2,0.4,0.3,0.1,0.7,0.3,0.7,0.0,0.3
363,Naby Keita,Liverpool,0.23076923076923078,1.5,0.0,0.0,0.5,0.0,2.5,0.0,0.0,0.0,0.0,0.0,0.0,0.0,0.0
364,Ederson Santana de Moraes,Man City,0.23076923076923078,0.25,0.0,0.0,0.0,3.0,0.0,0.0,0.0,0.0,0.0,0.0,0.0,0.0,0.0
365,Jordan Pickford,Everton,0.23076923076923078,0.23076923076923078,0.0,0.0,3.0,0.0,0.0,0.0,0.0,0.0,0.0,0.0,0.0,0.0,0.0
366,James Garner,Man Utd,0.21538461538461537,2.8,0.0,0.0,0.0,2.8,0.0,0.0,0.0,0.0,0.0,0.0,0.0,0.0,0.0
367,José Diogo Dalot Teixeira,Man Utd,0.19230769230769232,2.5,0.0,0.0,0.0,0.0,0.0,2.5,0.0,0.0,0.0,0.0,0.0,0.0,0.0
368,Chris Mepham,Bournemouth,0.19230769230769232,0.625,0.0,0.0,0.0,0.0,0.0,0.0,0.0,0.0,0.0,0.4,0.9,0.0,1.2
369,Christian Kabasele,Watford,0.17692307692307693,0.3285714285714286,0.0,0.4,0.8,0.6,0.2,0.3,0.0,0.0,0.0,0.0,0.0,0.0,0.0
370,Ezequiel Schelotto,Brighton,0.17142857142857146,0.4000000000000001,0.8,0.0,0.3,0.1,0.0,0.0,0.0,0.0,0.0,0.0,0.0,0.0,0.0
371,Andrew Surman,Bournemouth,0.16923076923076924,0.7333333333333334,0.0,0.0,0.0,0.0,0.0,0.0,0.0,0.0,0.0,0.8,0.0,1.4,0.0
372,Javier Hernández Balcázar,West Ham,0.16923076923076924,1.1,0.0,0.0,0.0,0.0,0.0,0.0,0.0,0.0,0.0,0.0,0.0,1.2,1.0
373,Ibrahim Amadou,Norwich,0.15384615384615385,0.25,0.0,0.0,0.0,0.0,0.2,0.0,0.6,0.9,0.0,0.3,0.0,0.0,0.0
374,Carlos Sánchez,West Ham,0.14615384615384616,0.47500000000000003,0.5,0.0,0.0,0.0,0.0,0.0,0.0,0.0,0.0,1.3,0.0,0.1,0.0
375,Marcos Rojo,Man Utd,0.14615384615384616,0.6333333333333334,0.0,0.0,0.0,0.0,0.3,1.6,0.0,0.0,0.0,0.0,0.0,0.0,0.0
376,Xherdan Shaqiri,Liverpool,0.11538461538461539,0.75,0.0,0.0,0.0,0.0,0.0,0.0,0.0,0.0,1.3,0.2,0.0,0.0,0.0
377,Jürgen Locadia,Brighton,0.1,0.65,0.0,0.0,0.0,0.0,0.0,0.0,0.0,0.0,0.0,0.0,0.0,0.0,1.3
378,Adrian Mariappa,Watford,0.1,0.325,0.9,0.0,0.4,0.0,0.0,0.0,0.0,0.0,0.0,0.0,0.0,0.0,0.0
379,Jack Stephens,Southampton,0.08461538461538462,0.22000000000000003,0.1,0.2,0.3,0.4,0.0,0.0,0.0,0.0,0.0,0.0,0.0,0.0,0.1
380,Angel Gomes,Man Utd,0.07692307692307693,1.0,0.0,0.0,0.0,0.0,0.0,0.0,0.0,1.0,0.0,0.0,0.0,0.0,0.0
381,Eric Garcia,Man City,0.075,0.6,0.0,0.0,0.0,0.0,0.0,0.0,0.0,0.6,0.0,0.0,0.0,0.0,0.0
382,Victor Wanyama,Spurs,0.06923076923076923,0.45,0.0,0.0,0.0,0.0,0.0,0.0,0.0,0.9,0.0,0.0,0.0,0.0,0.0
383,Antonio Rüdiger,Chelsea,0.06923076923076923,0.9,0.0,0.0,0.0,0.0,0.0,0.0,0.0,0.0,0.9,0.0,0.0,0.0,0.0
384,Connor Wickham,Crystal Palace,0.06153846153846154,0.4,0.0,0.0,0.0,0.0,0.0,0.0,0.0,0.0,0.0,0.0,0.0,0.3,0.5
385,Dennis Srbeny,Norwich,0.061538461538461535,0.13333333333333333,0.0,0.0,0.6,0.0,0.0,0.1,0.0,0.0,0.0,0.0,0.1,0.0,0.0
386,Dimitri Foulquier,Watford,0.05555555555555555,0.25,0.0,0.0,0.0,0.4,0.0,0.0,0.0,0.1,0.0,0.0,0.0,0.0,0.0
387,Phil Jones,Man Utd,0.04615384615384615,0.6,0.6,0.0,0.0,0.0,0.0,0.0,0.0,0.0,0.0,0.0,0.0,0.0,0.0
388,Patrick Roberts,Norwich,0.04615384615384615,0.19999999999999998,0.0,0.0,0.0,0.0,0.0,0.3,0.3,0.0,0.0,0.0,0.0,0.0,0.0
389,Ravel Morrison,Sheffield Utd,0.04615384615384615,0.6,0.0,0.0,0.0,0.0,0.0,0.0,0.0,0.0,0.0,0.0,0.6,0.0,0.0
390,Leon Clarke,Sheffield Utd,0.04285714285714286,0.3,0.0,0.0,0.0,0.0,0.0,0.0,0.3,0.0,0.0,0.0,0.0,0.0,0.0
391,Tahith Chong,Man Utd,0.038461538461538464,0.25,0.0,0.0,0.0,0.0,0.0,0.1,0.0,0.0,0.4,0.0,0.0,0.0,0.0
392,Muhamed Bešić,Sheffield Utd,0.038461538461538464,0.5,0.0,0.0,0.0,0.5,0.0,0.0,0.0,0.0,0.0,0.0,0.0,0.0,0.0
393,Rob Holding,Arsenal,0.03076923076923077,0.4,0.0,0.4,0.0,0.0,0.0,0.0,0.0,0.0,0.0,0.0,0.0,0.0,0.0
394,Scott Dann,Crystal Palace,0.03076923076923077,0.13333333333333333,0.0,0.0,0.0,0.0,0.0,0.0,0.0,0.0,0.0,0.0,0.0,0.3,0.1
395,Grant Hanley,Norwich,0.03076923076923077,0.13333333333333333,0.0,0.0,0.0,0.0,0.0,0.0,0.0,0.0,0.0,0.0,0.3,0.1,0.0
396,Christoph Zimmermann,Norwich,0.023076923076923075,0.15,0.3,0.0,0.0,0.0,0.0,0.0,0.0,0.0,0.0,0.0,0.0,0.0,0.0
397,Dwight Gayle,Newcastle,0.016666666666666666,0.03333333333333333,0.0,0.0,0.0,0.1,0.0,0.0,0.0,0.0,0.0,0.0,0.0,0.0,0.0
398,Domingos Quina,Watford,0.015384615384615385,0.2,0.0,0.0,0.0,0.0,0.0,0.0,0.0,0.0,0.0,0.0,0.2,0.0,0.0
399,Oliver Skipp,Spurs,0.015384615384615385,0.1,0.0,0.0,0.0,0.0,0.0,0.0,0.0,0.0,0.0,0.0,0.0,0.1,0.1
400,Víctor Camarasa,Crystal Palace,0.007692307692307693,0.1,0.0,0.0,0.0,0.0,0.0,0.0,0.0,0.0,0.1,0.0,0.0,0.0,0.0
401,Wes Morgan,Leicester,0.007692307692307693,0.025,0.1,0.0,0.0,0.0,0.0,0.0,0.0,0.0,0.0,0.0,0.0,0.0,0.0
402,Sebastian Prödl,Watford,0.007692307692307693,0.1,0.0,0.0,0.0,0.0,0.0,0.1,0.0,0.0,0.0,0.0,0.0,0.0,0.0
403,Daniel N'Lundulu,Southampton,0.0,0.0,0.0,0.0,0.0,0.0,0.0,0.0,0.0,0.0,0.0,0.0,0.0,0.0,0.0
404,Winston Reid,West Ham,0.0,0.0,0.0,0.0,0.0,0.0,0.0,0.0,0.0,0.0,0.0,0.0,0.0,0.0,0.0
405,Bernard Ashley-Seal,Wolves,0.0,0.0,0.0,0.0,0.0,0.0,0.0,0.0,0.0,0.0,0.0,0.0,0.0,0.0,0.0
406,Ayotomiwa Dele-Bashiru,Watford,0.0,0.0,0.0,0.0,0.0,0.0,0.0,0.0,0.0,0.0,0.0,0.0,0.0,0.0,0.0
407,Luke Amos,Spurs,0.0,0.0,0.0,0.0,0.0,0.0,0.0,0.0,0.0,0.0,0.0,0.0,0.0,0.0,0.0
408,Heurelho da Silva Gomes,Watford,0.0,0.0,0.0,0.0,0.0,0.0,0.0,0.0,0.0,0.0,0.0,0.0,0.0,0.0,0.0
409,Wesley Hoedt,Southampton,0.0,0.0,0.0,0.0,0.0,0.0,0.0,0.0,0.0,0.0,0.0,0.0,0.0,0.0,0.0
410,Harry Lewis,Southampton,0.0,0.0,0.0,0.0,0.0,0.0,0.0,0.0,0.0,0.0,0.0,0.0,0.0,0.0,0.0
411,David Martin,West Ham,0.0,0.0,0.0,0.0,0.0,0.0,0.0,0.0,0.0,0.0,0.0,0.0,0.0,0.0,0.0
412,Ken Sema,Watford,0.0,0.0,0.0,0.0,0.0,0.0,0.0,0.0,0.0,0.0,0.0,0.0,0.0,0.0,0.0
413,Hugo Lloris,Spurs,0.0,0.0,0.0,0.0,0.0,0.0,0.0,0.0,0.0,0.0,0.0,0.0,0.0,0.0,0.0
414,Brandon Austin,Spurs,0.0,0.0,0.0,0.0,0.0,0.0,0.0,0.0,0.0,0.0,0.0,0.0,0.0,0.0,0.0
415,Michel Vorm,Spurs,0.0,0.0,0.0,0.0,0.0,0.0,0.0,0.0,0.0,0.0,0.0,0.0,0.0,0.0,0.0
416,Rui Pedro dos Santos Patrício,Wolves,0.0,0.0,0.0,0.0,0.0,0.0,0.0,0.0,0.0,0.0,0.0,0.0,0.0,0.0,0.0
417,Roberto Jimenez Gago,West Ham,0.0,0.0,0.0,0.0,0.0,0.0,0.0,0.0,0.0,0.0,0.0,0.0,0.0,0.0,0.0
418,Pedro Obiang,West Ham,0.0,0.0,0.0,0.0,0.0,0.0,0.0,0.0,0.0,0.0,0.0,0.0,0.0,0.0,0.0
419,Grady Diangana,West Ham,0.0,0.0,0.0,0.0,0.0,0.0,0.0,0.0,0.0,0.0,0.0,0.0,0.0,0.0,0.0
420,John Ruddy,Wolves,0.0,0.0,0.0,0.0,0.0,0.0,0.0,0.0,0.0,0.0,0.0,0.0,0.0,0.0,0.0
421,Will Norris,Wolves,0.0,0.0,0.0,0.0,0.0,0.0,0.0,0.0,0.0,0.0,0.0,0.0,0.0,0.0,0.0
422,Alfie Whiteman,Spurs,0.0,0.0,0.0,0.0,0.0,0.0,0.0,0.0,0.0,0.0,0.0,0.0,0.0,0.0,0.0
423,Georges-Kévin Nkoudou,Spurs,0.0,0.0,0.0,0.0,0.0,0.0,0.0,0.0,0.0,0.0,0.0,0.0,0.0,0.0,0.0
424,Marc Navarro,Watford,0.0,0.0,0.0,0.0,0.0,0.0,0.0,0.0,0.0,0.0,0.0,0.0,0.0,0.0,0.0
425,Ben Johnson,West Ham,0.0,0.0,0.0,0.0,0.0,0.0,0.0,0.0,0.0,0.0,0.0,0.0,0.0,0.0,0.0
426,Ryan Sessegnon,Spurs,0.0,0.0,0.0,0.0,0.0,0.0,0.0,0.0,0.0,0.0,0.0,0.0,0.0,0.0,0.0
427,Hélder Costa,Wolves,0.0,0.0,0.0,0.0,0.0,0.0,0.0,0.0,0.0,0.0,0.0,0.0,0.0,0.0,0.0
428,Troy Parrott,Spurs,0.0,0.0,0.0,0.0,0.0,0.0,0.0,0.0,0.0,0.0,0.0,0.0,0.0,0.0,0.0
429,Max Kilman,Wolves,0.0,0.0,0.0,0.0,0.0,0.0,0.0,0.0,0.0,0.0,0.0,0.0,0.0,0.0,0.0
430,Kieran Trippier,Spurs,0.0,0.0,0.0,0.0,0.0,0.0,0.0,0.0,0.0,0.0,0.0,0.0,0.0,0.0,0.0
431,Ivan Cavaleiro,Wolves,0.0,0.0,0.0,0.0,0.0,0.0,0.0,0.0,0.0,0.0,0.0,0.0,0.0,0.0,0.0
432,Pontus Dahlberg,Watford,0.0,0.0,0.0,0.0,0.0,0.0,0.0,0.0,0.0,0.0,0.0,0.0,0.0,0.0,0.0
433,Lukasz Fabianski,West Ham,0.0,0.0,0.0,0.0,0.0,0.0,0.0,0.0,0.0,0.0,0.0,0.0,0.0,0.0,0.0
434,Alexandre Nascimento Costa Silva,West Ham,0.0,0.0,0.0,0.0,0.0,0.0,0.0,0.0,0.0,0.0,0.0,0.0,0.0,0.0,0.0
435,Marko Arnautovic,West Ham,0.0,0.0,0.0,0.0,0.0,0.0,0.0,0.0,0.0,0.0,0.0,0.0,0.0,0.0,0.0
436,Vincent Janssen,Spurs,0.0,0.0,0.0,0.0,0.0,0.0,0.0,0.0,0.0,0.0,0.0,0.0,0.0,0.0,0.0
437,Shkodran Mustafi,Arsenal,0.0,0.0,0.0,0.0,0.0,0.0,0.0,0.0,0.0,0.0,0.0,0.0,0.0,0.0,0.0
438,Callum Slattery,Southampton,0.0,0.0,0.0,0.0,0.0,0.0,0.0,0.0,0.0,0.0,0.0,0.0,0.0,0.0,0.0
439,Alireza Jahanbakhsh,Brighton,0.0,0.0,0.0,0.0,0.0,0.0,0.0,0.0,0.0,0.0,0.0,0.0,0.0,0.0,0.0
440,Anthony Knockaert,Brighton,0.0,0.0,0.0,0.0,0.0,0.0,0.0,0.0,0.0,0.0,0.0,0.0,0.0,0.0,0.0
441,Beram Kayal,Brighton,0.0,0.0,0.0,0.0,0.0,0.0,0.0,0.0,0.0,0.0,0.0,0.0,0.0,0.0,0.0
442,Tudor Baluta,Brighton,0.0,0.0,0.0,0.0,0.0,0.0,0.0,0.0,0.0,0.0,0.0,0.0,0.0,0.0,0.0
443,Kevin Long,Burnley,0.0,0.0,0.0,0.0,0.0,0.0,0.0,0.0,0.0,0.0,0.0,0.0,0.0,0.0,0.0
444,Ben Gibson,Burnley,0.0,0.0,0.0,0.0,0.0,0.0,0.0,0.0,0.0,0.0,0.0,0.0,0.0,0.0,0.0
445,Joe Hart,Burnley,0.0,0.0,0.0,0.0,0.0,0.0,0.0,0.0,0.0,0.0,0.0,0.0,0.0,0.0,0.0
446,Steven Defour,Burnley,0.0,0.0,0.0,0.0,0.0,0.0,0.0,0.0,0.0,0.0,0.0,0.0,0.0,0.0,0.0
447,Daniel Drinkwater,Burnley,0.0,0.0,0.0,0.0,0.0,0.0,0.0,0.0,0.0,0.0,0.0,0.0,0.0,0.0,0.0
448,Bailey Peacock-Farrell,Burnley,0.0,0.0,0.0,0.0,0.0,0.0,0.0,0.0,0.0,0.0,0.0,0.0,0.0,0.0,0.0
449,Davide Zappacosta,Chelsea,0.0,0.0,0.0,0.0,0.0,0.0,0.0,0.0,0.0,0.0,0.0,0.0,0.0,0.0,0.0
450,Kepa Arrizabalaga,Chelsea,0.0,0.0,0.0,0.0,0.0,0.0,0.0,0.0,0.0,0.0,0.0,0.0,0.0,0.0,0.0
451,Willy Caballero,Chelsea,0.0,0.0,0.0,0.0,0.0,0.0,0.0,0.0,0.0,0.0,0.0,0.0,0.0,0.0,0.0
452,Ruben Loftus-Cheek,Chelsea,0.0,0.0,0.0,0.0,0.0,0.0,0.0,0.0,0.0,0.0,0.0,0.0,0.0,0.0,0.0
453,Ethan Ampadu,Chelsea,0.0,0.0,0.0,0.0,0.0,0.0,0.0,0.0,0.0,0.0,0.0,0.0,0.0,0.0,0.0
454,Robert Kenedy Nunes do Nascimento,Chelsea,0.0,0.0,0.0,0.0,0.0,0.0,0.0,0.0,0.0,0.0,0.0,0.0,0.0,0.0,0.0
455,Addji Keaninkin Marc-Israel Guehi,Chelsea,0.0,0.0,0.0,0.0,0.0,0.0,0.0,0.0,0.0,0.0,0.0,0.0,0.0,0.0,0.0
456,Vicente Guaita,Crystal Palace,0.0,0.0,0.0,0.0,0.0,0.0,0.0,0.0,0.0,0.0,0.0,0.0,0.0,0.0,0.0
457,Wayne Hennessey,Crystal Palace,0.0,0.0,0.0,0.0,0.0,0.0,0.0,0.0,0.0,0.0,0.0,0.0,0.0,0.0,0.0
458,Luke Dreher,Crystal Palace,0.0,0.0,0.0,0.0,0.0,0.0,0.0,0.0,0.0,0.0,0.0,0.0,0.0,0.0,0.0
459,Jairo Riedewald,Crystal Palace,0.0,0.0,0.0,0.0,0.0,0.0,0.0,0.0,0.0,0.0,0.0,0.0,0.0,0.0,0.0
460,Stephen Henderson,Crystal Palace,0.0,0.0,0.0,0.0,0.0,0.0,0.0,0.0,0.0,0.0,0.0,0.0,0.0,0.0,0.0
461,Leighton Baines,Everton,0.0,0.0,0.0,0.0,0.0,0.0,0.0,0.0,0.0,0.0,0.0,0.0,0.0,0.0,0.0
462,Maarten Stekelenburg,Everton,0.0,0.0,0.0,0.0,0.0,0.0,0.0,0.0,0.0,0.0,0.0,0.0,0.0,0.0,0.0
463,Ademola Lookman,Everton,0.0,0.0,0.0,0.0,0.0,0.0,0.0,0.0,0.0,0.0,0.0,0.0,0.0,0.0,0.0
464,Idrissa Gueye,Everton,0.0,0.0,0.0,0.0,0.0,0.0,0.0,0.0,0.0,0.0,0.0,0.0,0.0,0.0,0.0
465,Lewis Gibson,Everton,0.0,0.0,0.0,0.0,0.0,0.0,0.0,0.0,0.0,0.0,0.0,0.0,0.0,0.0,0.0
466,Jonas Lössl,Everton,0.0,0.0,0.0,0.0,0.0,0.0,0.0,0.0,0.0,0.0,0.0,0.0,0.0,0.0,0.0
467,José Heriberto Izquierdo Mena,Brighton,0.0,0.0,0.0,0.0,0.0,0.0,0.0,0.0,0.0,0.0,0.0,0.0,0.0,0.0,0.0
468,David Button,Brighton,0.0,0.0,0.0,0.0,0.0,0.0,0.0,0.0,0.0,0.0,0.0,0.0,0.0,0.0,0.0
469,Anthony Gordon,Everton,0.0,0.0,0.0,0.0,0.0,0.0,0.0,0.0,0.0,0.0,0.0,0.0,0.0,0.0,0.0
470,Mathew Ryan,Brighton,0.0,0.0,0.0,0.0,0.0,0.0,0.0,0.0,0.0,0.0,0.0,0.0,0.0,0.0,0.0
471,Laurent Koscielny,Arsenal,0.0,0.0,0.0,0.0,0.0,0.0,0.0,0.0,0.0,0.0,0.0,0.0,0.0,0.0,0.0
472,Konstantinos Mavropanos,Arsenal,0.0,0.0,0.0,0.0,0.0,0.0,0.0,0.0,0.0,0.0,0.0,0.0,0.0,0.0,0.0
473,Carl Jenkinson,Arsenal,0.0,0.0,0.0,0.0,0.0,0.0,0.0,0.0,0.0,0.0,0.0,0.0,0.0,0.0,0.0
474,Edward Nketiah,Arsenal,0.0,0.0,0.0,0.0,0.0,0.0,0.0,0.0,0.0,0.0,0.0,0.0,0.0,0.0,0.0
475,Bernd Leno,Arsenal,0.0,0.0,0.0,0.0,0.0,0.0,0.0,0.0,0.0,0.0,0.0,0.0,0.0,0.0,0.0
476,Mohamed Elneny,Arsenal,0.0,0.0,0.0,0.0,0.0,0.0,0.0,0.0,0.0,0.0,0.0,0.0,0.0,0.0,0.0
477,Emiliano Martínez,Arsenal,0.0,0.0,0.0,0.0,0.0,0.0,0.0,0.0,0.0,0.0,0.0,0.0,0.0,0.0,0.0
478,James Chester,Aston Villa,0.0,0.0,0.0,0.0,0.0,0.0,0.0,0.0,0.0,0.0,0.0,0.0,0.0,0.0,0.0
479,Kortney Hause,Aston Villa,0.0,0.0,0.0,0.0,0.0,0.0,0.0,0.0,0.0,0.0,0.0,0.0,0.0,0.0,0.0
480,Jonathan Kodjia,Aston Villa,0.0,0.0,0.0,0.0,0.0,0.0,0.0,0.0,0.0,0.0,0.0,0.0,0.0,0.0,0.0
481,Ørjan Nyland,Aston Villa,0.0,0.0,0.0,0.0,0.0,0.0,0.0,0.0,0.0,0.0,0.0,0.0,0.0,0.0,0.0
482,Andre Green,Aston Villa,0.0,0.0,0.0,0.0,0.0,0.0,0.0,0.0,0.0,0.0,0.0,0.0,0.0,0.0,0.0
483,Birkir Bjarnason,Aston Villa,0.0,0.0,0.0,0.0,0.0,0.0,0.0,0.0,0.0,0.0,0.0,0.0,0.0,0.0,0.0
484,Tom Heaton,Aston Villa,0.0,0.0,0.0,0.0,0.0,0.0,0.0,0.0,0.0,0.0,0.0,0.0,0.0,0.0,0.0
485,Jed Steer,Aston Villa,0.0,0.0,0.0,0.0,0.0,0.0,0.0,0.0,0.0,0.0,0.0,0.0,0.0,0.0,0.0
486,Lovre Kalinic,Aston Villa,0.0,0.0,0.0,0.0,0.0,0.0,0.0,0.0,0.0,0.0,0.0,0.0,0.0,0.0,0.0
487,Lloyd Kelly,Bournemouth,0.0,0.0,0.0,0.0,0.0,0.0,0.0,0.0,0.0,0.0,0.0,0.0,0.0,0.0,0.0
488,Jack Simpson,Bournemouth,0.0,0.0,0.0,0.0,0.0,0.0,0.0,0.0,0.0,0.0,0.0,0.0,0.0,0.0,0.0
489,Sam Surridge,Bournemouth,0.0,0.0,0.0,0.0,0.0,0.0,0.0,0.0,0.0,0.0,0.0,0.0,0.0,0.0,0.0
490,Asmir Begovic,Bournemouth,0.0,0.0,0.0,0.0,0.0,0.0,0.0,0.0,0.0,0.0,0.0,0.0,0.0,0.0,0.0
491,Artur Boruc,Bournemouth,0.0,0.0,0.0,0.0,0.0,0.0,0.0,0.0,0.0,0.0,0.0,0.0,0.0,0.0,0.0
492,Mark Travers,Bournemouth,0.0,0.0,0.0,0.0,0.0,0.0,0.0,0.0,0.0,0.0,0.0,0.0,0.0,0.0,0.0
493,David Brooks,Bournemouth,0.0,0.0,0.0,0.0,0.0,0.0,0.0,0.0,0.0,0.0,0.0,0.0,0.0,0.0,0.0
494,Junior Stanislas,Bournemouth,0.0,0.0,0.0,0.0,0.0,0.0,0.0,0.0,0.0,0.0,0.0,0.0,0.0,0.0,0.0
495,Dan Gosling,Bournemouth,0.0,0.0,0.0,0.0,0.0,0.0,0.0,0.0,0.0,0.0,0.0,0.0,0.0,0.0,0.0
496,Leon Balogun,Brighton,0.0,0.0,0.0,0.0,0.0,0.0,0.0,0.0,0.0,0.0,0.0,0.0,0.0,0.0,0.0
497,Matthew Clarke,Brighton,0.0,0.0,0.0,0.0,0.0,0.0,0.0,0.0,0.0,0.0,0.0,0.0,0.0,0.0,0.0
498,Beni Baningime,Everton,0.0,0.0,0.0,0.0,0.0,0.0,0.0,0.0,0.0,0.0,0.0,0.0,0.0,0.0,0.0
499,Kelechi Iheanacho,Leicester,0.0,0.0,0.0,0.0,0.0,0.0,0.0,0.0,0.0,0.0,0.0,0.0,0.0,0.0,0.0
500,Tyreke Johnson,Southampton,0.0,0.0,0.0,0.0,0.0,0.0,0.0,0.0,0.0,0.0,0.0,0.0,0.0,0.0,0.0
501,Martin Dubravka,Newcastle,0.0,0.0,0.0,0.0,0.0,0.0,0.0,0.0,0.0,0.0,0.0,0.0,0.0,0.0,0.0
502,Frederick Woodman,Newcastle,0.0,0.0,0.0,0.0,0.0,0.0,0.0,0.0,0.0,0.0,0.0,0.0,0.0,0.0,0.0
503,Jack Colback,Newcastle,0.0,0.0,0.0,0.0,0.0,0.0,0.0,0.0,0.0,0.0,0.0,0.0,0.0,0.0,0.0
504,Jacob Murphy,Newcastle,0.0,0.0,0.0,0.0,0.0,0.0,0.0,0.0,0.0,0.0,0.0,0.0,0.0,0.0,0.0
505,Rolando Aarons,Newcastle,0.0,0.0,0.0,0.0,0.0,0.0,0.0,0.0,0.0,0.0,0.0,0.0,0.0,0.0,0.0
506,Timm Klose,Norwich,0.0,0.0,0.0,0.0,0.0,0.0,0.0,0.0,0.0,0.0,0.0,0.0,0.0,0.0,0.0
507,Tim Krul,Norwich,0.0,0.0,0.0,0.0,0.0,0.0,0.0,0.0,0.0,0.0,0.0,0.0,0.0,0.0,0.0
508,Michael McGovern,Norwich,0.0,0.0,0.0,0.0,0.0,0.0,0.0,0.0,0.0,0.0,0.0,0.0,0.0,0.0,0.0
509,Ralf Fahrmann,Norwich,0.0,0.0,0.0,0.0,0.0,0.0,0.0,0.0,0.0,0.0,0.0,0.0,0.0,0.0,0.0
510,Philip Heise,Norwich,0.0,0.0,0.0,0.0,0.0,0.0,0.0,0.0,0.0,0.0,0.0,0.0,0.0,0.0,0.0
511,Adam Idah,Norwich,0.0,0.0,0.0,0.0,0.0,0.0,0.0,0.0,0.0,0.0,0.0,0.0,0.0,0.0,0.0
512,Archie Mair,Norwich,0.0,0.0,0.0,0.0,0.0,0.0,0.0,0.0,0.0,0.0,0.0,0.0,0.0,0.0,0.0
513,Akin Famewo,Norwich,0.0,0.0,0.0,0.0,0.0,0.0,0.0,0.0,0.0,0.0,0.0,0.0,0.0,0.0,0.0
514,Kieron Freeman,Sheffield Utd,0.0,0.0,0.0,0.0,0.0,0.0,0.0,0.0,0.0,0.0,0.0,0.0,0.0,0.0,0.0
515,Richard Stearman,Sheffield Utd,0.0,0.0,0.0,0.0,0.0,0.0,0.0,0.0,0.0,0.0,0.0,0.0,0.0,0.0,0.0
516,Jake Eastwood,Sheffield Utd,0.0,0.0,0.0,0.0,0.0,0.0,0.0,0.0,0.0,0.0,0.0,0.0,0.0,0.0,0.0
517,Mark Duffy,Sheffield Utd,0.0,0.0,0.0,0.0,0.0,0.0,0.0,0.0,0.0,0.0,0.0,0.0,0.0,0.0,0.0
518,Simon Moore,Sheffield Utd,0.0,0.0,0.0,0.0,0.0,0.0,0.0,0.0,0.0,0.0,0.0,0.0,0.0,0.0,0.0
519,Dean Henderson,Sheffield Utd,0.0,0.0,0.0,0.0,0.0,0.0,0.0,0.0,0.0,0.0,0.0,0.0,0.0,0.0,0.0
520,Michael Verrips,Sheffield Utd,0.0,0.0,0.0,0.0,0.0,0.0,0.0,0.0,0.0,0.0,0.0,0.0,0.0,0.0,0.0
521,Kayne Ramsay,Southampton,0.0,0.0,0.0,0.0,0.0,0.0,0.0,0.0,0.0,0.0,0.0,0.0,0.0,0.0,0.0
522,Charlie Austin,Southampton,0.0,0.0,0.0,0.0,0.0,0.0,0.0,0.0,0.0,0.0,0.0,0.0,0.0,0.0,0.0
523,Sam Gallagher,Southampton,0.0,0.0,0.0,0.0,0.0,0.0,0.0,0.0,0.0,0.0,0.0,0.0,0.0,0.0,0.0
524,Fraser Forster,Southampton,0.0,0.0,0.0,0.0,0.0,0.0,0.0,0.0,0.0,0.0,0.0,0.0,0.0,0.0,0.0
525,Alex McCarthy,Southampton,0.0,0.0,0.0,0.0,0.0,0.0,0.0,0.0,0.0,0.0,0.0,0.0,0.0,0.0,0.0
526,Angus Gunn,Southampton,0.0,0.0,0.0,0.0,0.0,0.0,0.0,0.0,0.0,0.0,0.0,0.0,0.0,0.0,0.0
527,Mohamed Elyounoussi,Southampton,0.0,0.0,0.0,0.0,0.0,0.0,0.0,0.0,0.0,0.0,0.0,0.0,0.0,0.0,0.0
528,Mario Lemina,Southampton,0.0,0.0,0.0,0.0,0.0,0.0,0.0,0.0,0.0,0.0,0.0,0.0,0.0,0.0,0.0
529,Karl Darlow,Newcastle,0.0,0.0,0.0,0.0,0.0,0.0,0.0,0.0,0.0,0.0,0.0,0.0,0.0,0.0,0.0
530,Jose Luis Mato Sanmartín,Newcastle,0.0,0.0,0.0,0.0,0.0,0.0,0.0,0.0,0.0,0.0,0.0,0.0,0.0,0.0,0.0
531,Eldin Jakupovic,Leicester,0.0,0.0,0.0,0.0,0.0,0.0,0.0,0.0,0.0,0.0,0.0,0.0,0.0,0.0,0.0
532,Florian Lejeune,Newcastle,0.0,0.0,0.0,0.0,0.0,0.0,0.0,0.0,0.0,0.0,0.0,0.0,0.0,0.0,0.0
533,Danny Ward,Leicester,0.0,0.0,0.0,0.0,0.0,0.0,0.0,0.0,0.0,0.0,0.0,0.0,0.0,0.0,0.0
534,Rachid Ghezzal,Leicester,0.0,0.0,0.0,0.0,0.0,0.0,0.0,0.0,0.0,0.0,0.0,0.0,0.0,0.0,0.0
535,Matty James,Leicester,0.0,0.0,0.0,0.0,0.0,0.0,0.0,0.0,0.0,0.0,0.0,0.0,0.0,0.0,0.0
536,Daniel Amartey,Leicester,0.0,0.0,0.0,0.0,0.0,0.0,0.0,0.0,0.0,0.0,0.0,0.0,0.0,0.0,0.0
537,Nampalys Mendy,Leicester,0.0,0.0,0.0,0.0,0.0,0.0,0.0,0.0,0.0,0.0,0.0,0.0,0.0,0.0,0.0
538,James Justin,Leicester,0.0,0.0,0.0,0.0,0.0,0.0,0.0,0.0,0.0,0.0,0.0,0.0,0.0,0.0,0.0
539,Andy King,Leicester,0.0,0.0,0.0,0.0,0.0,0.0,0.0,0.0,0.0,0.0,0.0,0.0,0.0,0.0,0.0
540,Alisson Ramses Becker,Liverpool,0.0,0.0,0.0,0.0,0.0,0.0,0.0,0.0,0.0,0.0,0.0,0.0,0.0,0.0,0.0
541,Simon Mignolet,Liverpool,0.0,0.0,0.0,0.0,0.0,0.0,0.0,0.0,0.0,0.0,0.0,0.0,0.0,0.0,0.0
542,Rafael Camacho,Liverpool,0.0,0.0,0.0,0.0,0.0,0.0,0.0,0.0,0.0,0.0,0.0,0.0,0.0,0.0,0.0
543,Rhian Brewster,Liverpool,0.0,0.0,0.0,0.0,0.0,0.0,0.0,0.0,0.0,0.0,0.0,0.0,0.0,0.0,0.0
544,Adrián San Miguel del Castillo,Liverpool,0.0,0.0,0.0,0.0,0.0,0.0,0.0,0.0,0.0,0.0,0.0,0.0,0.0,0.0,0.0
545,Andy Lonergan,Liverpool,0.0,0.0,0.0,0.0,0.0,0.0,0.0,0.0,0.0,0.0,0.0,0.0,0.0,0.0,0.0
546,Caoimhin Kelleher,Liverpool,0.0,0.0,0.0,0.0,0.0,0.0,0.0,0.0,0.0,0.0,0.0,0.0,0.0,0.0,0.0
547,Harvey Elliott,Liverpool,0.0,0.0,0.0,0.0,0.0,0.0,0.0,0.0,0.0,0.0,0.0,0.0,0.0,0.0,0.0
548,Danilo Luiz da Silva,Man City,0.0,0.0,0.0,0.0,0.0,0.0,0.0,0.0,0.0,0.0,0.0,0.0,0.0,0.0,0.0
549,Claudio Bravo,Man City,0.0,0.0,0.0,0.0,0.0,0.0,0.0,0.0,0.0,0.0,0.0,0.0,0.0,0.0,0.0
550,Leroy Sané,Man City,0.0,0.0,0.0,0.0,0.0,0.0,0.0,0.0,0.0,0.0,0.0,0.0,0.0,0.0,0.0
551,Scott Carson,Man City,0.0,0.0,0.0,0.0,0.0,0.0,0.0,0.0,0.0,0.0,0.0,0.0,0.0,0.0,0.0
552,Chris Smalling,Man Utd,0.0,0.0,0.0,0.0,0.0,0.0,0.0,0.0,0.0,0.0,0.0,0.0,0.0,0.0,0.0
553,Eric Bailly,Man Utd,0.0,0.0,0.0,0.0,0.0,0.0,0.0,0.0,0.0,0.0,0.0,0.0,0.0,0.0,0.0
554,Matteo Darmian,Man Utd,0.0,0.0,0.0,0.0,0.0,0.0,0.0,0.0,0.0,0.0,0.0,0.0,0.0,0.0,0.0
555,Romelu Lukaku,Man Utd,0.0,0.0,0.0,0.0,0.0,0.0,0.0,0.0,0.0,0.0,0.0,0.0,0.0,0.0,0.0
556,David de Gea,Man Utd,0.0,0.0,0.0,0.0,0.0,0.0,0.0,0.0,0.0,0.0,0.0,0.0,0.0,0.0,0.0
557,Sergio Romero,Man Utd,0.0,0.0,0.0,0.0,0.0,0.0,0.0,0.0,0.0,0.0,0.0,0.0,0.0,0.0,0.0
558,Lee Grant,Man Utd,0.0,0.0,0.0,0.0,0.0,0.0,0.0,0.0,0.0,0.0,0.0,0.0,0.0,0.0,0.0
559,Alexis Sánchez,Man Utd,0.0,0.0,0.0,0.0,0.0,0.0,0.0,0.0,0.0,0.0,0.0,0.0,0.0,0.0,0.0
560,Taylor Perry,Wolves,0.0,0.0,0.0,0.0,0.0,0.0,0.0,0.0,0.0,0.0,0.0,0.0,0.0,0.0,0.0
