,Name,Team,Threat per fixture,Threat per game,Threat GW24,Threat GW23,Threat GW22,Threat GW21,Threat GW20,Threat GW19,Threat GW18,Threat GW17,Threat GW16,Threat GW15,Threat GW14,Threat GW13,Threat GW12,Threat GW11,Threat GW10,Threat GW9,Threat GW8,Threat GW7,Threat GW6,Threat GW5,Threat GW4,Threat GW3,Threat GW2,Threat GW1
1,Raheem Sterling,Man City,53.0,57.81818181818182,54.0,52.0,0.0,0.0,18.0,60.0,69.0,51.0,70.0,81.0,93.0,6.0,62.0,46.0,83.0,36.0,49.0,76.0,0.0,95.0,10.0,65.0,122.0,74.0
2,Mohamed Salah,Liverpool,48.56521739130435,58.78947368421053,,55.0,30.0,90.0,31.0,25.0,,125.0,91.0,0.0,30.0,0.0,48.0,35.0,93.0,0.0,94.0,68.0,36.0,73.0,58.0,67.0,29.0,39.0
3,Roberto Firmino,Liverpool,48.08695652173913,50.27272727272727,,46.0,82.0,58.0,24.0,63.0,,38.0,57.0,2.0,36.0,61.0,29.0,46.0,113.0,44.0,41.0,10.0,58.0,29.0,72.0,99.0,32.0,66.0
4,Raúl Jiménez,Wolves,48.041666666666664,48.041666666666664,54.0,80.0,67.0,26.0,20.0,109.0,66.0,35.0,12.0,69.0,103.0,87.0,41.0,116.0,13.0,23.0,30.0,13.0,27.0,13.0,54.0,43.0,22.0,30.0
5,Neal Maupay,Brighton,46.458333333333336,46.458333333333336,176.0,65.0,22.0,33.0,25.0,0.0,14.0,60.0,77.0,83.0,0.0,26.0,8.0,93.0,29.0,59.0,74.0,2.0,95.0,38.0,10.0,93.0,14.0,19.0
6,Tammy Abraham,Chelsea,43.25,45.130434782608695,40.0,52.0,82.0,38.0,86.0,14.0,34.0,68.0,34.0,68.0,0.0,21.0,25.0,76.0,5.0,63.0,35.0,77.0,25.0,57.0,61.0,48.0,5.0,24.0
7,Gabriel Fernando de Jesus,Man City,40.791666666666664,48.95,38.0,14.0,76.0,93.0,0.0,0.0,102.0,25.0,54.0,64.0,100.0,0.0,2.0,27.0,48.0,128.0,10.0,59.0,0.0,49.0,0.0,0.0,48.0,42.0
8,Marcus Rashford,Man Utd,40.208333333333336,43.86363636363637,0.0,0.0,77.0,30.0,69.0,36.0,32.0,40.0,26.0,91.0,21.0,42.0,92.0,24.0,81.0,24.0,2.0,38.0,6.0,20.0,118.0,29.0,9.0,58.0
9,Teemu Pukki,Norwich,39.416666666666664,41.130434782608695,29.0,54.0,0.0,24.0,4.0,44.0,66.0,48.0,60.0,36.0,28.0,24.0,50.0,40.0,16.0,26.0,70.0,33.0,44.0,33.0,24.0,38.0,114.0,41.0
10,Danny Ings,Southampton,37.916666666666664,37.916666666666664,0.0,22.0,103.0,41.0,110.0,0.0,67.0,10.0,31.0,71.0,56.0,26.0,35.0,7.0,1.0,82.0,61.0,45.0,44.0,2.0,24.0,13.0,59.0,0.0
11,Sergio Agüero,Man City,37.583333333333336,50.111111111111114,35.0,151.0,109.0,0.0,23.0,0.0,2.0,0.0,0.0,0.0,0.0,35.0,44.0,111.0,0.0,0.0,46.0,7.0,56.0,89.0,58.0,68.0,51.0,17.0
12,Jamie Vardy,Leicester,36.708333333333336,40.04545454545455,21.0,42.0,2.0,0.0,0.0,6.0,31.0,70.0,95.0,39.0,69.0,95.0,48.0,40.0,93.0,21.0,10.0,64.0,45.0,4.0,45.0,27.0,10.0,4.0
13,Pierre-Emerick Aubameyang,Arsenal,35.583333333333336,38.81818181818182,0.0,0.0,21.0,16.0,51.0,88.0,54.0,5.0,44.0,24.0,50.0,37.0,22.0,39.0,11.0,8.0,47.0,19.0,59.0,44.0,53.0,23.0,33.0,106.0
14,Sadio Mané,Liverpool,35.21739130434783,38.57142857142857,,41.0,31.0,88.0,41.0,44.0,,31.0,0.0,31.0,60.0,40.0,39.0,78.0,22.0,4.0,45.0,32.0,6.0,66.0,37.0,30.0,38.0,6.0
15,Sébastien Haller,West Ham,34.78260869565217,38.095238095238095,,64.0,14.0,29.0,55.0,8.0,,63.0,0.0,2.0,0.0,55.0,9.0,69.0,8.0,37.0,54.0,78.0,8.0,30.0,90.0,110.0,0.0,17.0
16,Gerard Deulofeu,Watford,33.833333333333336,33.833333333333336,48.0,47.0,51.0,47.0,14.0,47.0,42.0,27.0,40.0,10.0,4.0,51.0,32.0,35.0,22.0,25.0,2.0,12.0,41.0,85.0,2.0,113.0,12.0,3.0
17,Richarlison de Andrade,Everton,33.708333333333336,36.77272727272727,0.0,0.0,77.0,37.0,44.0,35.0,32.0,14.0,52.0,48.0,29.0,14.0,54.0,60.0,32.0,20.0,43.0,27.0,39.0,19.0,53.0,18.0,30.0,32.0
18,Chris Wood,Burnley,31.958333333333332,34.86363636363637,21.0,55.0,36.0,54.0,4.0,15.0,2.0,57.0,34.0,4.0,57.0,35.0,77.0,0.0,0.0,56.0,8.0,37.0,111.0,6.0,17.0,65.0,8.0,8.0
19,Dominic Calvert-Lewin,Everton,31.416666666666668,34.27272727272727,26.0,76.0,97.0,26.0,107.0,51.0,22.0,14.0,92.0,10.0,28.0,4.0,20.0,7.0,19.0,0.0,0.0,57.0,0.0,64.0,8.0,18.0,2.0,6.0
20,Diogo Jota,Wolves,30.708333333333332,36.85,14.0,0.0,0.0,6.0,17.0,34.0,18.0,53.0,95.0,38.0,22.0,27.0,95.0,75.0,40.0,8.0,0.0,0.0,74.0,24.0,0.0,60.0,12.0,25.0
21,Anthony Martial,Man Utd,30.291666666666668,40.388888888888886,37.0,16.0,69.0,14.0,66.0,41.0,47.0,10.0,44.0,0.0,61.0,24.0,45.0,11.0,106.0,0.0,0.0,0.0,0.0,0.0,0.0,36.0,29.0,71.0
22,Christian Pulisic,Chelsea,29.958333333333332,44.9375,0.0,0.0,0.0,54.0,0.0,19.0,0.0,72.0,30.0,94.0,45.0,6.0,100.0,71.0,110.0,25.0,2.0,0.0,0.0,0.0,41.0,38.0,4.0,8.0
23,Heung-Min Son,Spurs,29.875,37.73684210526316,62.0,48.0,30.0,0.0,0.0,0.0,8.0,19.0,60.0,30.0,27.0,34.0,74.0,12.0,57.0,14.0,8.0,37.0,20.0,64.0,38.0,75.0,0.0,0.0
24,Mason Mount,Chelsea,29.416666666666668,29.416666666666668,2.0,18.0,30.0,32.0,19.0,14.0,20.0,41.0,48.0,67.0,39.0,1.0,44.0,44.0,36.0,19.0,26.0,8.0,10.0,29.0,9.0,53.0,77.0,20.0
25,Riyad Mahrez,Man City,29.333333333333332,35.2,54.0,8.0,58.0,49.0,66.0,4.0,114.0,17.0,32.0,9.0,8.0,61.0,0.0,0.0,0.0,0.0,22.0,61.0,50.0,0.0,44.0,2.0,6.0,39.0
26,Harry Kane,Spurs,29.0,34.8,0.0,0.0,0.0,31.0,44.0,65.0,29.0,27.0,48.0,11.0,50.0,30.0,19.0,0.0,19.0,44.0,12.0,31.0,86.0,5.0,38.0,8.0,4.0,95.0
27,Wilfried Zaha,Crystal Palace,28.375,28.375,12.0,25.0,4.0,31.0,12.0,34.0,31.0,25.0,8.0,32.0,25.0,67.0,6.0,25.0,43.0,21.0,12.0,57.0,34.0,22.0,52.0,43.0,28.0,32.0
28,Kevin De Bruyne,Man City,27.041666666666668,28.217391304347824,13.0,29.0,6.0,10.0,44.0,8.0,56.0,50.0,49.0,17.0,56.0,20.0,38.0,54.0,12.0,19.0,0.0,18.0,40.0,2.0,27.0,16.0,38.0,27.0
29,Bernardo Mota Veiga de Carvalho e Silva,Man City,26.916666666666668,32.3,0.0,68.0,0.0,0.0,4.0,12.0,6.0,0.0,50.0,41.0,4.0,0.0,25.0,35.0,43.0,38.0,26.0,0.0,102.0,30.0,19.0,52.0,91.0,0.0
30,Wesley Moraes,Aston Villa,26.333333333333332,30.095238095238095,0.0,0.0,0.0,54.0,25.0,12.0,52.0,4.0,12.0,4.0,25.0,39.0,20.0,10.0,24.0,30.0,123.0,4.0,42.0,24.0,43.0,37.0,31.0,17.0
31,Alexandre Lacazette,Arsenal,25.083333333333332,35.411764705882355,8.0,3.0,70.0,50.0,4.0,56.0,0.0,0.0,0.0,27.0,47.0,60.0,51.0,27.0,68.0,2.0,0.0,0.0,0.0,0.0,69.0,2.0,58.0,0.0
32,David Silva,Man City,24.916666666666668,33.22222222222222,0.0,55.0,37.0,0.0,0.0,0.0,0.0,0.0,62.0,26.0,36.0,6.0,0.0,79.0,59.0,34.0,28.0,0.0,89.0,11.0,15.0,44.0,0.0,17.0
33,Willian Borges Da Silva,Chelsea,24.666666666666668,25.73913043478261,27.0,36.0,75.0,4.0,10.0,2.0,36.0,44.0,12.0,53.0,2.0,33.0,33.0,23.0,59.0,35.0,11.0,73.0,10.0,4.0,2.0,4.0,4.0,0.0
34,Todd Cantwell,Norwich,24.583333333333332,24.583333333333332,40.0,32.0,29.0,60.0,0.0,17.0,17.0,19.0,19.0,4.0,41.0,39.0,6.0,0.0,11.0,6.0,49.0,52.0,28.0,33.0,8.0,37.0,41.0,2.0
35,Harvey Barnes,Leicester,23.916666666666668,26.09090909090909,59.0,57.0,7.0,0.0,26.0,2.0,4.0,27.0,47.0,60.0,8.0,27.0,33.0,7.0,45.0,42.0,4.0,9.0,49.0,4.0,25.0,21.0,0.0,11.0
36,James Maddison,Leicester,23.75,24.782608695652176,31.0,42.0,0.0,35.0,7.0,2.0,7.0,26.0,47.0,17.0,27.0,35.0,34.0,10.0,25.0,35.0,21.0,0.0,44.0,21.0,29.0,46.0,16.0,13.0
37,Jordan Ayew,Crystal Palace,23.166666666666668,24.17391304347826,22.0,2.0,25.0,43.0,1.0,55.0,22.0,1.0,6.0,28.0,6.0,12.0,0.0,23.0,58.0,11.0,59.0,49.0,19.0,40.0,38.0,17.0,0.0,19.0
38,Mahmoud Ahmed Ibrahim Hassan,Aston Villa,23.166666666666668,26.476190476190474,21.0,2.0,30.0,2.0,0.0,30.0,35.0,0.0,26.0,63.0,26.0,0.0,37.0,39.0,63.0,10.0,3.0,2.0,39.0,0.0,28.0,4.0,61.0,35.0
39,Ayoze Pérez,Leicester,23.125,26.428571428571427,67.0,37.0,0.0,83.0,4.0,0.0,3.0,0.0,0.0,12.0,29.0,55.0,11.0,12.0,129.0,10.0,4.0,23.0,21.0,8.0,0.0,4.0,31.0,12.0
40,Jack Grealish,Aston Villa,22.083333333333332,24.09090909090909,34.0,31.0,12.0,23.0,22.0,15.0,45.0,17.0,41.0,0.0,32.0,52.0,0.0,0.0,0.0,86.0,43.0,19.0,6.0,10.0,20.0,11.0,11.0,0.0
41,Anwar El Ghazi,Aston Villa,21.583333333333332,24.666666666666668,8.0,8.0,49.0,0.0,28.0,6.0,35.0,8.0,37.0,0.0,0.0,37.0,13.0,17.0,0.0,36.0,61.0,30.0,9.0,11.0,0.0,74.0,43.0,8.0
42,Nathan Redmond,Southampton,21.375,23.318181818181817,26.0,3.0,4.0,59.0,8.0,38.0,10.0,0.0,34.0,46.0,17.0,30.0,2.0,2.0,29.0,28.0,9.0,51.0,36.0,0.0,0.0,41.0,11.0,29.0
43,Troy Deeney,Watford,21.041666666666668,38.84615384615385,70.0,94.0,46.0,6.0,117.0,17.0,77.0,0.0,20.0,10.0,0.0,2.0,0.0,0.0,0.0,0.0,0.0,0.0,0.0,0.0,0.0,0.0,37.0,9.0
44,Callum Wilson,Bournemouth,20.583333333333332,21.47826086956522,31.0,41.0,14.0,8.0,18.0,9.0,4.0,0.0,6.0,4.0,13.0,10.0,30.0,12.0,2.0,17.0,17.0,84.0,21.0,54.0,19.0,19.0,26.0,35.0
45,Lucas Rodrigues Moura da Silva,Spurs,20.291666666666668,22.136363636363637,20.0,43.0,32.0,41.0,10.0,21.0,2.0,43.0,33.0,0.0,0.0,41.0,15.0,11.0,0.0,24.0,26.0,0.0,2.0,0.0,0.0,25.0,66.0,32.0
46,Matt Doherty,Wolves,19.791666666666668,21.59090909090909,6.0,4.0,18.0,52.0,0.0,23.0,41.0,10.0,23.0,2.0,37.0,21.0,48.0,39.0,35.0,4.0,0.0,33.0,33.0,36.0,0.0,10.0,0.0,0.0
47,Ashley Barnes,Burnley,19.75,24.94736842105263,0.0,0.0,0.0,3.0,6.0,0.0,8.0,28.0,0.0,0.0,20.0,46.0,37.0,18.0,37.0,0.0,12.0,6.0,54.0,1.0,5.0,23.0,81.0,89.0
48,Harry Wilson,Bournemouth,19.75,23.7,73.0,0.0,17.0,4.0,28.0,28.0,0.0,0.0,0.0,6.0,58.0,10.0,35.0,65.0,21.0,12.0,2.0,0.0,17.0,15.0,18.0,25.0,40.0,0.0
49,Daniel James,Man Utd,19.583333333333332,20.434782608695652,43.0,2.0,18.0,4.0,26.0,0.0,0.0,47.0,19.0,14.0,20.0,11.0,37.0,3.0,4.0,0.0,19.0,18.0,8.0,6.0,68.0,66.0,20.0,17.0
50,Bamidele Alli,Spurs,18.708333333333332,26.41176470588235,74.0,11.0,10.0,31.0,49.0,38.0,0.0,22.0,15.0,56.0,69.0,4.0,0.0,17.0,13.0,40.0,0.0,0.0,0.0,0.0,0.0,0.0,0.0,0.0
51,Nicolas Pépé,Arsenal,18.666666666666668,21.333333333333332,6.0,47.0,23.0,26.0,0.0,2.0,0.0,3.0,27.0,47.0,0.0,6.0,0.0,0.0,13.0,19.0,8.0,23.0,70.0,5.0,75.0,39.0,9.0,0.0
52,David McGoldrick,Sheffield Utd,18.208333333333332,23.0,0.0,0.0,4.0,7.0,0.0,2.0,16.0,72.0,33.0,4.0,54.0,31.0,9.0,23.0,64.0,4.0,0.0,0.0,0.0,53.0,0.0,0.0,53.0,8.0
53,Adama Traoré,Wolves,17.916666666666668,18.695652173913043,22.0,20.0,6.0,8.0,8.0,57.0,46.0,57.0,50.0,8.0,6.0,14.0,12.0,6.0,30.0,1.0,26.0,8.0,29.0,0.0,2.0,8.0,6.0,0.0
54,Lys Mousset,Sheffield Utd,17.625,20.142857142857142,19.0,12.0,24.0,2.0,46.0,22.0,3.0,2.0,29.0,12.0,29.0,11.0,62.0,35.0,17.0,41.0,12.0,2.0,19.0,24.0,0.0,0.0,0.0,0.0
55,Miguel Almirón,Newcastle,17.375,18.130434782608695,2.0,2.0,28.0,8.0,32.0,4.0,36.0,0.0,28.0,9.0,5.0,3.0,30.0,51.0,17.0,8.0,29.0,0.0,36.0,2.0,24.0,36.0,6.0,21.0
56,Abdoulaye Doucouré,Watford,17.291666666666668,18.043478260869566,0.0,15.0,53.0,19.0,20.0,0.0,8.0,13.0,19.0,6.0,10.0,21.0,32.0,24.0,9.0,20.0,13.0,9.0,0.0,33.0,22.0,61.0,6.0,2.0
57,Theo Walcott,Everton,16.833333333333332,23.764705882352942,15.0,39.0,21.0,18.0,12.0,0.0,0.0,0.0,40.0,0.0,0.0,26.0,26.0,6.0,54.0,102.0,0.0,0.0,30.0,9.0,0.0,6.0,0.0,0.0
58,Joelinton Cássio Apolinário de Lira,Newcastle,16.333333333333332,16.333333333333332,8.0,8.0,0.0,23.0,36.0,21.0,18.0,5.0,24.0,4.0,0.0,13.0,41.0,5.0,17.0,6.0,6.0,2.0,35.0,6.0,38.0,40.0,12.0,24.0
59,Ismaïla Sarr,Watford,16.333333333333332,24.5,0.0,22.0,20.0,29.0,83.0,4.0,41.0,26.0,57.0,10.0,44.0,18.0,0.0,0.0,0.0,0.0,2.0,10.0,0.0,18.0,0.0,8.0,0.0,0.0
60,Dominic Solanke,Bournemouth,16.041666666666668,18.333333333333332,28.0,4.0,4.0,7.0,32.0,0.0,0.0,49.0,18.0,18.0,30.0,0.0,10.0,0.0,8.0,52.0,8.0,26.0,4.0,22.0,9.0,54.0,2.0,0.0
61,Oliver McBurnie,Sheffield Utd,15.958333333333334,17.40909090909091,11.0,69.0,21.0,35.0,0.0,56.0,17.0,4.0,0.0,42.0,7.0,17.0,0.0,0.0,0.0,6.0,8.0,42.0,0.0,8.0,2.0,21.0,13.0,4.0
62,John McGinn,Aston Villa,15.625,20.833333333333332,0.0,0.0,0.0,0.0,0.0,0.0,0.0,0.0,9.0,2.0,4.0,30.0,26.0,6.0,26.0,69.0,10.0,36.0,55.0,31.0,0.0,4.0,43.0,24.0
63,Felipe Anderson Pereira Gomes,West Ham,15.130434782608695,18.31578947368421,,0.0,8.0,35.0,2.0,0.0,,0.0,16.0,4.0,4.0,2.0,2.0,32.0,22.0,0.0,23.0,60.0,21.0,18.0,36.0,63.0,0.0,0.0
64,Joshua King,Bournemouth,14.791666666666666,22.1875,0.0,0.0,0.0,0.0,21.0,41.0,2.0,42.0,0.0,0.0,0.0,0.0,17.0,56.0,19.0,2.0,8.0,37.0,20.0,23.0,2.0,15.0,28.0,22.0
65,John Fleck,Sheffield Utd,14.541666666666666,16.61904761904762,0.0,37.0,19.0,2.0,0.0,36.0,0.0,36.0,0.0,20.0,17.0,37.0,7.0,19.0,2.0,10.0,17.0,24.0,2.0,63.0,0.0,0.0,1.0,0.0
66,Aaron Connolly,Brighton,14.458333333333334,21.6875,0.0,28.0,0.0,29.0,0.0,6.0,21.0,0.0,0.0,27.0,17.0,0.0,4.0,46.0,2.0,21.0,107.0,0.0,18.0,21.0,0.0,,,
67,Michail Antonio,West Ham,14.217391304347826,36.333333333333336,,0.0,0.0,0.0,16.0,40.0,,34.0,27.0,0.0,54.0,44.0,0.0,0.0,0.0,0.0,0.0,0.0,0.0,0.0,0.0,54.0,58.0,0.0
68,Ryan Fraser,Bournemouth,14.041666666666666,14.652173913043478,3.0,2.0,6.0,19.0,0.0,38.0,2.0,37.0,2.0,4.0,2.0,20.0,40.0,40.0,29.0,8.0,18.0,0.0,0.0,7.0,20.0,0.0,35.0,5.0
69,James Ward-Prowse,Southampton,14.0,14.0,2.0,0.0,8.0,0.0,15.0,0.0,14.0,17.0,13.0,4.0,21.0,90.0,7.0,33.0,15.0,26.0,1.0,11.0,34.0,0.0,2.0,4.0,2.0,17.0
70,Youri Tielemans,Leicester,13.666666666666666,14.26086956521739,17.0,2.0,0.0,9.0,0.0,8.0,2.0,8.0,22.0,2.0,8.0,2.0,25.0,6.0,43.0,25.0,0.0,33.0,10.0,1.0,44.0,1.0,23.0,37.0
71,Gylfi Sigurdsson,Everton,13.625,15.571428571428571,0.0,0.0,0.0,0.0,16.0,9.0,11.0,0.0,0.0,0.0,18.0,44.0,39.0,2.0,7.0,14.0,13.0,31.0,17.0,21.0,34.0,4.0,10.0,37.0
72,John Lundstram,Sheffield Utd,13.625,14.217391304347826,0.0,6.0,24.0,6.0,0.0,1.0,8.0,24.0,1.0,10.0,0.0,42.0,13.0,77.0,22.0,2.0,6.0,38.0,0.0,0.0,4.0,18.0,22.0,3.0
73,Yerry Mina,Everton,13.375,14.590909090909092,11.0,24.0,0.0,4.0,7.0,26.0,22.0,0.0,0.0,2.0,0.0,4.0,34.0,4.0,0.0,34.0,4.0,71.0,4.0,2.0,44.0,24.0,0.0,0.0
74,Leandro Trossard,Brighton,13.333333333333334,17.77777777777778,3.0,33.0,13.0,39.0,24.0,0.0,0.0,17.0,5.0,6.0,14.0,12.0,0.0,35.0,8.0,0.0,0.0,0.0,0.0,0.0,59.0,17.0,35.0,0.0
75,Andreas Pereira,Man Utd,13.291666666666666,15.19047619047619,26.0,20.0,17.0,6.0,10.0,11.0,0.0,0.0,20.0,0.0,3.0,0.0,35.0,21.0,6.0,17.0,17.0,48.0,16.0,19.0,23.0,0.0,0.0,4.0
76,Callum Hudson-Odoi,Chelsea,12.958333333333334,19.4375,17.0,11.0,43.0,46.0,8.0,29.0,0.0,4.0,22.0,28.0,4.0,0.0,1.0,0.0,11.0,42.0,45.0,0.0,0.0,0.0,0.0,0.0,0.0,0.0
77,Shane Long,Southampton,12.75,21.857142857142858,32.0,25.0,7.0,7.0,0.0,0.0,64.0,24.0,51.0,35.0,55.0,4.0,0.0,0.0,0.0,0.0,2.0,0.0,0.0,0.0,0.0,0.0,0.0,0.0
78,Douglas Luiz Soares de Paulo,Aston Villa,12.666666666666666,13.818181818181818,33.0,7.0,2.0,41.0,12.0,5.0,20.0,0.0,21.0,53.0,2.0,41.0,15.0,0.0,20.0,9.0,7.0,0.0,0.0,0.0,1.0,0.0,15.0,0.0
79,Emiliano Buendía,Norwich,12.5,13.043478260869565,0.0,47.0,5.0,24.0,2.0,11.0,1.0,1.0,12.0,4.0,2.0,0.0,4.0,9.0,8.0,2.0,52.0,39.0,29.0,5.0,2.0,9.0,8.0,24.0
80,Kelechi Iheanacho,Leicester,12.458333333333334,37.375,34.0,10.0,21.0,44.0,59.0,0.0,0.0,13.0,76.0,0.0,42.0,0.0,0.0,0.0,0.0,0.0,0.0,0.0,0.0,0.0,0.0,0.0,0.0,0.0
81,James McArthur,Crystal Palace,12.291666666666666,12.826086956521738,4.0,0.0,0.0,36.0,2.0,12.0,73.0,3.0,24.0,12.0,22.0,4.0,2.0,5.0,19.0,4.0,1.0,42.0,4.0,0.0,22.0,4.0,0.0,0.0
82,Trent Alexander-Arnold,Liverpool,12.26086956521739,12.818181818181818,,2.0,6.0,24.0,12.0,24.0,,0.0,32.0,0.0,4.0,2.0,2.0,29.0,17.0,4.0,8.0,1.0,7.0,36.0,0.0,56.0,4.0,12.0
83,Nicolás Otamendi,Man City,12.25,19.6,23.0,0.0,0.0,0.0,0.0,0.0,7.0,0.0,48.0,2.0,0.0,0.0,0.0,0.0,0.0,0.0,8.0,2.0,51.0,56.0,2.0,40.0,55.0,0.0
84,Moise Kean,Everton,12.25,16.333333333333332,43.0,4.0,0.0,6.0,93.0,2.0,0.0,2.0,0.0,3.0,20.0,0.0,0.0,0.0,0.0,0.0,2.0,2.0,80.0,4.0,20.0,8.0,5.0,0.0
85,Harry Maguire,Man Utd,12.083333333333334,12.083333333333334,2.0,2.0,0.0,33.0,2.0,25.0,17.0,40.0,0.0,0.0,2.0,6.0,14.0,4.0,24.0,0.0,31.0,15.0,21.0,21.0,0.0,19.0,4.0,8.0
86,Scott McTominay,Man Utd,12.0,16.941176470588236,0.0,0.0,0.0,0.0,0.0,4.0,33.0,24.0,0.0,4.0,0.0,0.0,37.0,25.0,25.0,7.0,22.0,24.0,25.0,0.0,1.0,43.0,12.0,2.0
87,Pascal Groß,Brighton,11.791666666666666,13.476190476190476,9.0,0.0,4.0,0.0,0.0,15.0,0.0,11.0,17.0,12.0,21.0,0.0,21.0,12.0,9.0,40.0,30.0,19.0,15.0,17.0,0.0,0.0,27.0,4.0
88,Andre Gray,Watford,11.708333333333334,14.789473684210526,0.0,0.0,20.0,0.0,0.0,4.0,0.0,2.0,19.0,0.0,6.0,2.0,38.0,20.0,2.0,0.0,11.0,50.0,39.0,6.0,4.0,41.0,0.0,17.0
89,Alex Iwobi,Everton,11.708333333333334,17.5625,0.0,0.0,0.0,0.0,0.0,0.0,0.0,21.0,4.0,3.0,0.0,3.0,27.0,2.0,27.0,28.0,58.0,6.0,2.0,58.0,21.0,21.0,0.0,0.0
90,Lewis Dunk,Brighton,11.583333333333334,12.636363636363637,42.0,22.0,40.0,9.0,6.0,0.0,5.0,21.0,6.0,9.0,18.0,0.0,39.0,4.0,7.0,2.0,0.0,0.0,36.0,2.0,2.0,2.0,4.0,2.0
91,James Tarkowski,Burnley,11.416666666666666,11.416666666666666,2.0,2.0,0.0,28.0,6.0,0.0,6.0,7.0,4.0,4.0,11.0,90.0,4.0,0.0,4.0,0.0,6.0,7.0,0.0,2.0,8.0,21.0,26.0,36.0
92,Pablo Fornals,West Ham,11.347826086956522,12.428571428571429,,17.0,0.0,39.0,17.0,0.0,,37.0,14.0,21.0,2.0,2.0,0.0,0.0,2.0,22.0,0.0,52.0,2.0,14.0,0.0,17.0,3.0,0.0
93,Robert Snodgrass,West Ham,11.304347826086957,15.294117647058824,,33.0,0.0,6.0,5.0,49.0,,4.0,24.0,17.0,2.0,3.0,8.0,35.0,32.0,0.0,0.0,0.0,0.0,0.0,21.0,0.0,21.0,0.0
94,John Egan,Sheffield Utd,11.291666666666666,11.782608695652174,18.0,2.0,7.0,0.0,8.0,152.0,21.0,2.0,0.0,23.0,0.0,0.0,0.0,2.0,0.0,18.0,8.0,2.0,0.0,2.0,0.0,4.0,0.0,2.0
95,Ben Mee,Burnley,11.125,11.125,4.0,39.0,65.0,0.0,4.0,2.0,0.0,2.0,0.0,0.0,38.0,2.0,38.0,2.0,2.0,19.0,6.0,7.0,0.0,0.0,0.0,4.0,31.0,2.0
96,César Azpilicueta,Chelsea,11.0,12.0,33.0,29.0,6.0,41.0,10.0,19.0,6.0,26.0,25.0,6.0,0.0,2.0,0.0,8.0,4.0,4.0,0.0,4.0,6.0,4.0,4.0,19.0,6.0,2.0
97,Ilkay Gündogan,Man City,10.958333333333334,12.523809523809524,0.0,5.0,0.0,7.0,0.0,0.0,20.0,1.0,34.0,0.0,8.0,0.0,15.0,59.0,37.0,19.0,3.0,34.0,0.0,0.0,3.0,2.0,16.0,0.0
98,Erik Lamela,Spurs,10.916666666666666,18.714285714285715,25.0,94.0,9.0,0.0,7.0,0.0,0.0,0.0,0.0,0.0,0.0,0.0,0.0,0.0,0.0,10.0,18.0,0.0,3.0,19.0,9.0,20.0,9.0,39.0
99,Jesse Lingard,Man Utd,10.833333333333334,13.68421052631579,47.0,0.0,0.0,8.0,2.0,2.0,21.0,8.0,53.0,32.0,17.0,12.0,18.0,2.0,1.0,0.0,0.0,2.0,18.0,0.0,13.0,0.0,2.0,2.0
100,Virgil van Dijk,Liverpool,10.826086956521738,11.318181818181818,,21.0,33.0,0.0,0.0,0.0,,0.0,0.0,0.0,36.0,56.0,2.0,4.0,17.0,0.0,4.0,2.0,0.0,29.0,2.0,20.0,2.0,21.0
101,Jack Cork,Burnley,10.791666666666666,11.772727272727273,18.0,0.0,36.0,48.0,0.0,7.0,0.0,19.0,2.0,2.0,8.0,4.0,9.0,0.0,0.0,0.0,0.0,51.0,21.0,4.0,0.0,2.0,28.0,0.0
102,Andriy Yarmolenko,West Ham,10.782608695652174,16.533333333333335,,0.0,0.0,0.0,0.0,0.0,,4.0,0.0,18.0,2.0,0.0,32.0,0.0,36.0,11.0,2.0,27.0,47.0,21.0,35.0,13.0,0.0,0.0
103,Onel Hernández,Norwich,10.75,16.125,2.0,0.0,10.0,0.0,13.0,17.0,0.0,2.0,9.0,22.0,8.0,58.0,24.0,6.0,63.0,2.0,0.0,0.0,0.0,0.0,0.0,0.0,0.0,22.0
104,Jay Rodriguez,Burnley,10.708333333333334,11.173913043478262,17.0,13.0,0.0,26.0,18.0,4.0,17.0,0.0,30.0,2.0,9.0,1.0,0.0,10.0,42.0,5.0,17.0,19.0,0.0,0.0,17.0,0.0,10.0,0.0
105,Christian Benteke,Crystal Palace,10.666666666666666,17.066666666666666,0.0,0.0,0.0,0.0,0.0,0.0,47.0,75.0,0.0,0.0,2.0,8.0,0.0,19.0,2.0,17.0,2.0,0.0,19.0,39.0,1.0,2.0,21.0,2.0
106,Marco Stiepermann,Norwich,10.625,15.0,0.0,0.0,0.0,0.0,19.0,18.0,0.0,9.0,0.0,1.0,0.0,0.0,4.0,1.0,4.0,0.0,89.0,23.0,4.0,6.0,35.0,0.0,23.0,19.0
107,Jonathan Castro Otto,Wolves,10.416666666666666,10.869565217391305,6.0,4.0,2.0,8.0,2.0,28.0,2.0,30.0,2.0,23.0,12.0,5.0,4.0,37.0,25.0,2.0,0.0,7.0,12.0,7.0,0.0,9.0,23.0,0.0
108,Alex Oxlade-Chamberlain,Liverpool,10.347826086956522,17.0,,15.0,5.0,0.0,0.0,0.0,,0.0,37.0,0.0,46.0,12.0,0.0,72.0,0.0,9.0,0.0,0.0,0.0,23.0,7.0,0.0,12.0,0.0
109,Andrew Robertson,Liverpool,10.26086956521739,10.727272727272727,,4.0,10.0,14.0,2.0,4.0,,4.0,2.0,0.0,13.0,0.0,0.0,35.0,16.0,2.0,21.0,3.0,2.0,37.0,2.0,37.0,21.0,7.0
110,Allan Saint-Maximin,Newcastle,10.25,18.923076923076923,0.0,5.0,0.0,0.0,0.0,0.0,0.0,0.0,17.0,19.0,7.0,29.0,30.0,49.0,46.0,3.0,15.0,0.0,11.0,0.0,0.0,2.0,0.0,13.0
111,Dwight McNeil,Burnley,10.166666666666666,10.166666666666666,1.0,12.0,10.0,1.0,6.0,0.0,0.0,7.0,0.0,25.0,36.0,0.0,7.0,0.0,29.0,26.0,4.0,8.0,6.0,4.0,13.0,20.0,29.0,0.0
112,Georginio Wijnaldum,Liverpool,10.130434782608695,11.095238095238095,,2.0,25.0,6.0,24.0,4.0,,0.0,0.0,21.0,6.0,17.0,8.0,13.0,19.0,7.0,17.0,17.0,7.0,13.0,9.0,12.0,4.0,2.0
113,Jonny Evans,Leicester,10.0,10.0,4.0,10.0,33.0,24.0,0.0,0.0,0.0,0.0,64.0,2.0,0.0,2.0,2.0,43.0,9.0,6.0,2.0,2.0,0.0,6.0,2.0,18.0,0.0,11.0
114,Roberto Pereyra,Watford,9.875,13.166666666666666,22.0,2.0,17.0,0.0,0.0,6.0,4.0,0.0,8.0,0.0,0.0,0.0,0.0,19.0,15.0,20.0,12.0,8.0,6.0,29.0,11.0,0.0,28.0,30.0
115,Sofiane Boufal,Southampton,9.75,15.6,0.0,6.0,0.0,0.0,8.0,0.0,0.0,0.0,6.0,0.0,24.0,32.0,11.0,0.0,0.0,0.0,0.0,13.0,59.0,22.0,45.0,2.0,0.0,6.0
116,Jeffrey Schlupp,Crystal Palace,9.708333333333334,16.642857142857142,0.0,0.0,0.0,0.0,0.0,0.0,0.0,0.0,0.0,23.0,17.0,9.0,2.0,17.0,0.0,0.0,36.0,16.0,41.0,20.0,37.0,4.0,11.0,0.0
117,Cenk Tosun,Crystal Palace,9.458333333333334,28.375,10.0,50.0,4.0,0.0,0.0,0.0,11.0,0.0,0.0,0.0,0.0,72.0,39.0,21.0,0.0,0.0,0.0,0.0,20.0,0.0,0.0,0.0,0.0,0.0
118,Manuel Lanzini,West Ham,9.391304347826088,13.5,,2.0,24.0,33.0,18.0,2.0,,0.0,0.0,0.0,0.0,0.0,8.0,21.0,0.0,1.0,4.0,20.0,0.0,5.0,44.0,6.0,3.0,25.0
119,Emerson Palmieri dos Santos,Chelsea,9.375,16.071428571428573,28.0,10.0,0.0,0.0,0.0,6.0,0.0,67.0,0.0,0.0,14.0,19.0,7.0,0.0,0.0,0.0,0.0,0.0,0.0,0.0,0.0,25.0,2.0,47.0
120,Nathan Aké,Bournemouth,9.375,11.842105263157896,5.0,51.0,0.0,0.0,0.0,0.0,0.0,0.0,0.0,8.0,20.0,21.0,0.0,0.0,0.0,6.0,0.0,26.0,17.0,6.0,2.0,23.0,18.0,22.0
121,Christian Eriksen,Spurs,9.375,11.25,4.0,10.0,7.0,8.0,32.0,20.0,18.0,0.0,0.0,2.0,0.0,0.0,0.0,4.0,4.0,0.0,16.0,3.0,0.0,7.0,54.0,16.0,2.0,18.0
122,Cheikhou Kouyaté,Crystal Palace,9.083333333333334,9.909090909090908,2.0,4.0,23.0,2.0,0.0,59.0,4.0,2.0,0.0,8.0,10.0,4.0,8.0,2.0,4.0,5.0,6.0,4.0,20.0,8.0,43.0,0.0,0.0,0.0
123,Mason Greenwood,Man Utd,9.041666666666666,11.421052631578947,3.0,2.0,13.0,18.0,0.0,35.0,8.0,11.0,0.0,19.0,0.0,35.0,0.0,7.0,17.0,0.0,17.0,5.0,0.0,0.0,9.0,0.0,0.0,18.0
124,Philip Billing,Bournemouth,8.916666666666666,9.727272727272727,39.0,1.0,6.0,0.0,0.0,0.0,2.0,2.0,0.0,19.0,0.0,0.0,23.0,2.0,11.0,14.0,3.0,35.0,3.0,38.0,3.0,2.0,1.0,10.0
125,Davy Pröpper,Brighton,8.75,10.0,0.0,2.0,0.0,10.0,0.0,0.0,22.0,26.0,17.0,7.0,23.0,9.0,0.0,16.0,2.0,4.0,0.0,0.0,6.0,30.0,8.0,8.0,19.0,1.0
126,Jeff Hendrick,Burnley,8.625,10.894736842105264,2.0,0.0,1.0,0.0,2.0,0.0,2.0,2.0,0.0,8.0,2.0,19.0,24.0,6.0,4.0,36.0,35.0,36.0,21.0,7.0,0.0,0.0,0.0,0.0
127,Romain Saïss,Wolves,8.583333333333334,10.3,0.0,0.0,0.0,0.0,5.0,8.0,33.0,37.0,19.0,10.0,0.0,7.0,2.0,0.0,2.0,0.0,0.0,0.0,0.0,17.0,66.0,0.0,0.0,0.0
128,Gabriel Teodoro Martinelli Silva,Arsenal,8.5,15.692307692307692,27.0,47.0,2.0,0.0,0.0,0.0,5.0,27.0,57.0,19.0,0.0,2.0,0.0,4.0,0.0,0.0,14.0,0.0,0.0,0.0,0.0,0.0,0.0,0.0
129,Kenny McLean,Norwich,8.5,8.869565217391305,0.0,8.0,0.0,10.0,0.0,4.0,33.0,0.0,10.0,1.0,45.0,4.0,28.0,0.0,0.0,41.0,1.0,2.0,0.0,17.0,0.0,0.0,0.0,0.0
130,Ross Barkley,Chelsea,8.458333333333334,22.555555555555557,26.0,6.0,14.0,0.0,0.0,0.0,0.0,0.0,0.0,0.0,0.0,0.0,0.0,0.0,0.0,6.0,0.0,51.0,0.0,2.0,29.0,51.0,0.0,18.0
131,Calum Chambers,Arsenal,8.458333333333334,14.5,0.0,0.0,0.0,0.0,4.0,0.0,6.0,0.0,0.0,0.0,73.0,0.0,0.0,6.0,6.0,28.0,45.0,4.0,31.0,0.0,0.0,0.0,0.0,0.0
132,Pierre-Emile Højbjerg,Southampton,8.458333333333334,8.826086956521738,7.0,0.0,9.0,4.0,9.0,0.0,20.0,11.0,3.0,10.0,1.0,13.0,0.0,0.0,0.0,6.0,1.0,21.0,59.0,2.0,2.0,0.0,25.0,0.0
133,Tom Davies,Everton,8.375,11.166666666666666,0.0,12.0,4.0,4.0,4.0,0.0,9.0,0.0,24.0,7.0,0.0,42.0,62.0,0.0,0.0,33.0,0.0,0.0,0.0,0.0,0.0,0.0,0.0,0.0
134,Enda Stevens,Sheffield Utd,8.375,8.375,4.0,12.0,2.0,0.0,0.0,9.0,0.0,14.0,21.0,25.0,8.0,0.0,6.0,20.0,24.0,6.0,1.0,0.0,2.0,22.0,3.0,0.0,20.0,2.0
135,Lucas Digne,Everton,8.333333333333334,8.695652173913043,17.0,4.0,6.0,0.0,0.0,20.0,0.0,0.0,0.0,5.0,0.0,11.0,6.0,8.0,2.0,3.0,2.0,3.0,25.0,14.0,12.0,12.0,28.0,22.0
136,Ricardo Domingos Barbosa Pereira,Leicester,8.333333333333334,8.695652173913043,41.0,12.0,0.0,0.0,0.0,4.0,0.0,5.0,26.0,4.0,23.0,0.0,10.0,4.0,4.0,16.0,0.0,9.0,24.0,4.0,2.0,0.0,3.0,9.0
137,Jetro Willems,Newcastle,8.25,10.421052631578947,0.0,0.0,0.0,0.0,29.0,0.0,0.0,0.0,2.0,2.0,17.0,0.0,49.0,2.0,20.0,6.0,24.0,0.0,18.0,17.0,10.0,0.0,0.0,2.0
138,Adam Webster,Brighton,8.166666666666666,10.31578947368421,4.0,9.0,0.0,22.0,0.0,19.0,6.0,0.0,2.0,68.0,1.0,2.0,0.0,0.0,0.0,49.0,2.0,6.0,4.0,0.0,2.0,0.0,0.0,0.0
139,Bernard Anício Caldeira Duarte,Everton,8.125,13.0,28.0,2.0,16.0,0.0,0.0,12.0,0.0,3.0,0.0,0.0,0.0,0.0,0.0,0.0,2.0,41.0,0.0,0.0,6.0,18.0,12.0,4.0,41.0,10.0
140,Steven Alzate,Brighton,8.125,11.470588235294118,6.0,0.0,0.0,46.0,4.0,8.0,0.0,2.0,18.0,2.0,0.0,0.0,2.0,34.0,35.0,8.0,2.0,22.0,6.0,0.0,,,,
141,Lucas Torreira,Arsenal,7.916666666666667,9.047619047619047,0.0,7.0,0.0,4.0,4.0,8.0,0.0,3.0,19.0,3.0,18.0,4.0,2.0,21.0,0.0,0.0,8.0,6.0,25.0,17.0,5.0,19.0,17.0,0.0
142,Leander Dendoncker,Wolves,7.916666666666667,7.916666666666667,0.0,0.0,17.0,2.0,4.0,7.0,0.0,4.0,0.0,39.0,18.0,0.0,0.0,18.0,2.0,2.0,0.0,2.0,38.0,2.0,4.0,0.0,8.0,23.0
143,Rúben Diogo da Silva Neves,Wolves,7.833333333333333,7.833333333333333,0.0,0.0,3.0,17.0,8.0,15.0,1.0,16.0,1.0,0.0,16.0,19.0,15.0,17.0,3.0,0.0,0.0,0.0,1.0,9.0,8.0,32.0,7.0,0.0
144,Jack O'Connell,Sheffield Utd,7.75,7.75,4.0,9.0,0.0,2.0,0.0,8.0,0.0,6.0,0.0,37.0,6.0,4.0,4.0,2.0,4.0,6.0,2.0,18.0,2.0,6.0,0.0,11.0,55.0,0.0
145,Pedro Lomba Neto,Wolves,7.75,10.941176470588236,24.0,18.0,45.0,17.0,3.0,6.0,18.0,0.0,2.0,2.0,0.0,0.0,6.0,8.0,8.0,0.0,0.0,21.0,0.0,0.0,0.0,6.0,2.0,0.0
146,Moussa Djenepo,Southampton,7.708333333333333,13.214285714285714,0.0,17.0,0.0,12.0,25.0,0.0,0.0,5.0,17.0,5.0,8.0,28.0,3.0,2.0,0.0,0.0,0.0,0.0,0.0,32.0,0.0,31.0,0.0,0.0
147,Aaron Mooy,Brighton,7.666666666666667,10.823529411764707,28.0,7.0,0.0,2.0,38.0,11.0,23.0,7.0,8.0,39.0,9.0,2.0,0.0,0.0,0.0,0.0,1.0,0.0,9.0,0.0,0.0,0.0,0.0,0.0
148,Frederico Rodrigues de Paula Santos,Man Utd,7.625,9.15,24.0,11.0,3.0,22.0,19.0,8.0,0.0,10.0,0.0,1.0,21.0,0.0,8.0,24.0,18.0,8.0,1.0,1.0,2.0,2.0,0.0,0.0,0.0,0.0
149,Jonjo Shelvey,Newcastle,7.541666666666667,12.066666666666666,0.0,7.0,0.0,2.0,7.0,0.0,10.0,0.0,33.0,24.0,9.0,7.0,17.0,8.0,0.0,0.0,0.0,0.0,7.0,3.0,0.0,0.0,21.0,26.0
150,Serge Aurier,Spurs,7.5,9.473684210526315,22.0,16.0,19.0,0.0,2.0,8.0,4.0,2.0,4.0,34.0,6.0,0.0,11.0,0.0,0.0,20.0,0.0,0.0,10.0,22.0,0.0,0.0,0.0,0.0
151,Che Adams,Southampton,7.458333333333333,9.944444444444445,0.0,2.0,0.0,0.0,4.0,0.0,0.0,0.0,0.0,2.0,0.0,0.0,0.0,0.0,0.0,0.0,4.0,0.0,12.0,52.0,10.0,56.0,16.0,21.0
152,N'Golo Kanté,Chelsea,7.458333333333333,11.1875,24.0,32.0,0.0,13.0,3.0,6.0,9.0,0.0,2.0,13.0,2.0,37.0,3.0,0.0,0.0,0.0,7.0,0.0,10.0,0.0,0.0,0.0,18.0,0.0
153,Conor Hourihane,Aston Villa,7.416666666666667,11.125,0.0,0.0,0.0,0.0,7.0,17.0,5.0,0.0,0.0,0.0,4.0,22.0,0.0,12.0,0.0,35.0,13.0,45.0,18.0,0.0,0.0,0.0,0.0,0.0
154,Tom Cleverley,Watford,7.25,19.333333333333332,0.0,0.0,0.0,0.0,0.0,0.0,0.0,0.0,0.0,0.0,0.0,0.0,0.0,0.0,0.0,0.0,2.0,37.0,18.0,77.0,20.0,20.0,0.0,0.0
155,Jordan Henderson,Liverpool,7.086956521739131,7.761904761904762,,19.0,6.0,10.0,2.0,20.0,,5.0,7.0,0.0,0.0,2.0,4.0,0.0,19.0,0.0,0.0,2.0,2.0,0.0,4.0,20.0,0.0,41.0
156,Stuart Armstrong,Southampton,7.041666666666667,9.38888888888889,50.0,9.0,25.0,26.0,2.0,8.0,6.0,6.0,0.0,0.0,0.0,2.0,0.0,7.0,2.0,0.0,0.0,7.0,0.0,0.0,2.0,17.0,0.0,0.0
157,Martín Montoya,Brighton,6.958333333333333,8.35,0.0,2.0,2.0,10.0,0.0,0.0,2.0,62.0,0.0,0.0,0.0,35.0,0.0,4.0,2.0,20.0,10.0,0.0,2.0,0.0,2.0,10.0,2.0,2.0
158,Moussa Sissoko,Spurs,6.958333333333333,8.35,0.0,0.0,0.0,0.0,0.0,21.0,2.0,0.0,21.0,0.0,47.0,0.0,4.0,0.0,0.0,1.0,4.0,0.0,0.0,0.0,10.0,6.0,0.0,51.0
159,George Baldock,Sheffield Utd,6.916666666666667,6.916666666666667,0.0,2.0,20.0,0.0,2.0,2.0,0.0,10.0,21.0,0.0,0.0,4.0,19.0,4.0,24.0,8.0,4.0,2.0,0.0,6.0,0.0,31.0,4.0,3.0
160,Federico Fernández,Newcastle,6.875,9.166666666666666,21.0,4.0,0.0,0.0,0.0,7.0,0.0,2.0,50.0,0.0,0.0,37.0,23.0,19.0,2.0,0.0,0.0,0.0,0.0,0.0,0.0,0.0,0.0,0.0
161,Michy Batshuayi,Chelsea,6.875,11.785714285714286,6.0,2.0,0.0,0.0,0.0,0.0,1.0,2.0,6.0,2.0,0.0,6.0,36.0,20.0,0.0,0.0,19.0,8.0,8.0,49.0,0.0,0.0,0.0,0.0
162,Gary Cahill,Crystal Palace,6.75,10.8,0.0,10.0,4.0,0.0,0.0,0.0,0.0,0.0,0.0,0.0,0.0,0.0,0.0,4.0,20.0,0.0,36.0,22.0,7.0,17.0,24.0,18.0,0.0,0.0
163,Andy Carroll,Newcastle,6.75,12.461538461538462,0.0,0.0,0.0,0.0,87.0,0.0,28.0,12.0,0.0,6.0,0.0,17.0,0.0,2.0,0.0,0.0,4.0,2.0,4.0,0.0,0.0,0.0,0.0,0.0
164,Maximillian Aarons,Norwich,6.708333333333333,7.318181818181818,6.0,4.0,2.0,5.0,2.0,2.0,0.0,2.0,0.0,0.0,52.0,0.0,8.0,0.0,4.0,4.0,20.0,10.0,0.0,0.0,20.0,2.0,18.0,0.0
165,Çaglar Söyüncü,Leicester,6.583333333333333,6.869565217391305,0.0,5.0,0.0,2.0,0.0,0.0,0.0,19.0,55.0,11.0,4.0,0.0,0.0,37.0,0.0,10.0,0.0,0.0,0.0,6.0,3.0,2.0,2.0,2.0
166,Callum Robinson,Sheffield Utd,6.5,9.75,0.0,2.0,0.0,0.0,2.0,0.0,0.0,0.0,6.0,0.0,0.0,2.0,0.0,0.0,4.0,0.0,36.0,10.0,0.0,0.0,40.0,4.0,21.0,29.0
167,Jorge Luiz Frello Filho,Chelsea,6.5,7.090909090909091,53.0,10.0,17.0,0.0,33.0,0.0,0.0,1.0,0.0,0.0,0.0,0.0,0.0,0.0,0.0,0.0,0.0,18.0,1.0,0.0,4.0,10.0,1.0,8.0
168,Demarai Gray,Leicester,6.5,11.142857142857142,0.0,0.0,19.0,13.0,38.0,0.0,2.0,16.0,0.0,0.0,0.0,2.0,28.0,2.0,2.0,0.0,0.0,0.0,0.0,12.0,22.0,0.0,0.0,0.0
169,Fabián Balbuena,West Ham,6.478260869565218,11.461538461538462,,0.0,0.0,0.0,39.0,0.0,,0.0,2.0,2.0,19.0,0.0,2.0,81.0,4.0,0.0,0.0,0.0,0.0,0.0,0.0,0.0,0.0,0.0
170,Isaac Hayden,Newcastle,6.458333333333333,7.75,24.0,20.0,0.0,12.0,3.0,0.0,4.0,3.0,4.0,12.0,2.0,17.0,0.0,0.0,0.0,0.0,0.0,1.0,0.0,8.0,27.0,8.0,10.0,0.0
171,Patrick Cutrone,Wolves,6.458333333333333,12.916666666666666,0.0,0.0,0.0,0.0,0.0,0.0,4.0,0.0,19.0,17.0,0.0,0.0,0.0,0.0,0.0,4.0,11.0,0.0,0.0,62.0,38.0,0.0,0.0,0.0
172,Divock Origi,Liverpool,6.434782608695652,8.222222222222221,,0.0,23.0,0.0,0.0,2.0,,4.0,0.0,60.0,0.0,0.0,0.0,12.0,0.0,12.0,0.0,8.0,0.0,4.0,2.0,0.0,0.0,21.0
173,Fabian Schär,Newcastle,6.416666666666667,9.625,26.0,0.0,0.0,7.0,42.0,1.0,0.0,0.0,0.0,0.0,0.0,0.0,0.0,0.0,0.0,0.0,12.0,2.0,5.0,10.0,23.0,4.0,17.0,5.0
174,Pedro Rodríguez Ledesma,Chelsea,6.375,30.6,0.0,0.0,0.0,0.0,0.0,0.0,0.0,0.0,0.0,0.0,39.0,0.0,0.0,0.0,0.0,0.0,0.0,85.0,0.0,0.0,0.0,0.0,6.0,23.0
175,Michael Keane,Everton,6.333333333333333,8.444444444444445,0.0,0.0,13.0,0.0,7.0,0.0,2.0,6.0,2.0,59.0,17.0,0.0,0.0,0.0,0.0,21.0,11.0,2.0,2.0,0.0,4.0,6.0,0.0,0.0
176,Craig Dawson,Watford,6.291666666666667,7.947368421052632,0.0,0.0,0.0,2.0,0.0,0.0,0.0,0.0,0.0,0.0,0.0,6.0,0.0,2.0,18.0,0.0,17.0,2.0,0.0,0.0,40.0,20.0,7.0,37.0
177,David Luiz Moreira Marinho,Arsenal,6.291666666666667,7.190476190476191,0.0,1.0,9.0,0.0,11.0,5.0,2.0,0.0,0.0,7.0,18.0,4.0,1.0,0.0,50.0,0.0,17.0,10.0,13.0,0.0,2.0,1.0,0.0,0.0
178,Aaron Cresswell,West Ham,6.217391304347826,8.9375,,0.0,0.0,5.0,0.0,8.0,,0.0,0.0,1.0,17.0,8.0,22.0,4.0,21.0,0.0,4.0,43.0,10.0,0.0,0.0,0.0,0.0,0.0
179,Sam Byram,Norwich,6.208333333333333,9.933333333333334,4.0,0.0,2.0,6.0,0.0,38.0,2.0,6.0,0.0,29.0,2.0,34.0,0.0,0.0,2.0,0.0,0.0,0.0,6.0,18.0,0.0,0.0,0.0,0.0
180,Jannik Vestergaard,Southampton,6.125,12.25,7.0,0.0,0.0,0.0,0.0,0.0,0.0,0.0,0.0,0.0,0.0,0.0,0.0,0.0,0.0,18.0,0.0,0.0,8.0,34.0,33.0,10.0,4.0,33.0
181,Wilfred Ndidi,Leicester,6.083333333333333,6.9523809523809526,4.0,0.0,0.0,7.0,0.0,0.0,0.0,10.0,2.0,17.0,18.0,18.0,5.0,1.0,8.0,0.0,0.0,17.0,1.0,16.0,2.0,0.0,17.0,3.0
182,Dennis Praet,Leicester,6.083333333333333,9.125,0.0,19.0,35.0,0.0,0.0,5.0,0.0,0.0,4.0,36.0,0.0,0.0,18.0,0.0,0.0,0.0,1.0,20.0,0.0,0.0,0.0,8.0,0.0,0.0
183,Will Hughes,Watford,5.916666666666667,8.352941176470589,0.0,0.0,0.0,0.0,9.0,0.0,1.0,1.0,0.0,22.0,0.0,18.0,10.0,6.0,11.0,0.0,0.0,0.0,2.0,10.0,23.0,17.0,6.0,6.0
184,Luka Milivojevic,Crystal Palace,5.916666666666667,7.1,0.0,0.0,0.0,10.0,1.0,7.0,17.0,0.0,0.0,1.0,1.0,22.0,0.0,8.0,17.0,8.0,0.0,17.0,9.0,0.0,16.0,0.0,8.0,0.0
185,Mateo Kovacic,Chelsea,5.875,6.714285714285714,44.0,0.0,0.0,0.0,1.0,0.0,0.0,7.0,8.0,2.0,7.0,0.0,10.0,18.0,8.0,0.0,0.0,0.0,8.0,0.0,8.0,20.0,0.0,0.0
186,Dan Gosling,Bournemouth,5.875,12.818181818181818,0.0,17.0,2.0,6.0,0.0,33.0,4.0,57.0,0.0,0.0,22.0,0.0,0.0,0.0,0.0,0.0,0.0,0.0,0.0,0.0,0.0,0.0,0.0,0.0
187,Ryan Bertrand,Southampton,5.833333333333333,7.368421052631579,1.0,0.0,2.0,12.0,0.0,2.0,22.0,2.0,33.0,37.0,4.0,4.0,0.0,0.0,0.0,6.0,0.0,2.0,4.0,0.0,0.0,0.0,2.0,7.0
188,Matteo Guendouzi,Arsenal,5.75,6.9,0.0,0.0,0.0,0.0,0.0,0.0,0.0,12.0,0.0,0.0,21.0,2.0,0.0,2.0,9.0,6.0,14.0,17.0,13.0,0.0,25.0,0.0,17.0,0.0
189,Patrick van Aanholt,Crystal Palace,5.708333333333333,8.058823529411764,0.0,0.0,0.0,0.0,0.0,10.0,1.0,0.0,0.0,4.0,4.0,1.0,0.0,2.0,19.0,18.0,17.0,4.0,12.0,6.0,16.0,21.0,0.0,2.0
190,Chris Mepham,Bournemouth,5.666666666666667,12.363636363636363,0.0,0.0,0.0,0.0,4.0,4.0,8.0,27.0,0.0,21.0,0.0,0.0,0.0,0.0,0.0,0.0,0.0,0.0,0.0,0.0,2.0,2.0,0.0,68.0
191,Angelo Ogbonna,West Ham,5.6521739130434785,7.647058823529412,,0.0,4.0,4.0,0.0,0.0,,20.0,19.0,0.0,0.0,19.0,0.0,0.0,0.0,37.0,4.0,0.0,0.0,0.0,2.0,21.0,0.0,0.0
192,Bukayo Saka,Arsenal,5.458333333333333,9.357142857142858,2.0,6.0,0.0,17.0,0.0,10.0,0.0,2.0,0.0,0.0,6.0,0.0,0.0,2.0,2.0,14.0,24.0,41.0,5.0,0.0,,,,
193,Seamus Coleman,Everton,5.416666666666667,8.125,0.0,0.0,0.0,17.0,0.0,9.0,0.0,0.0,0.0,0.0,0.0,10.0,0.0,0.0,0.0,0.0,2.0,36.0,8.0,0.0,20.0,6.0,3.0,19.0
194,Joseph Willock,Arsenal,5.375,7.588235294117647,0.0,0.0,0.0,0.0,4.0,7.0,0.0,0.0,0.0,19.0,20.0,17.0,0.0,0.0,0.0,6.0,4.0,4.0,12.0,6.0,0.0,0.0,22.0,8.0
195,Reiss Nelson,Arsenal,5.375,12.9,0.0,0.0,0.0,20.0,0.0,38.0,4.0,0.0,0.0,0.0,0.0,0.0,0.0,0.0,0.0,0.0,0.0,7.0,0.0,19.0,0.0,0.0,37.0,4.0
196,Mesut Özil,Arsenal,5.291666666666667,9.071428571428571,0.0,2.0,0.0,0.0,0.0,26.0,0.0,2.0,9.0,12.0,39.0,25.0,2.0,8.0,0.0,0.0,0.0,0.0,0.0,2.0,0.0,0.0,0.0,0.0
197,Kurt Zouma,Chelsea,5.291666666666667,6.35,0.0,0.0,0.0,6.0,2.0,0.0,0.0,18.0,2.0,19.0,24.0,0.0,0.0,0.0,0.0,17.0,4.0,0.0,0.0,4.0,4.0,0.0,19.0,8.0
198,Mark Noble,West Ham,5.260869565217392,6.368421052631579,,3.0,0.0,26.0,0.0,0.0,,3.0,9.0,0.0,0.0,0.0,0.0,2.0,4.0,0.0,5.0,6.0,7.0,31.0,4.0,21.0,0.0,0.0
199,Kyle Walker,Man City,5.208333333333333,6.944444444444445,0.0,0.0,0.0,0.0,7.0,0.0,2.0,0.0,4.0,8.0,1.0,0.0,36.0,19.0,0.0,0.0,7.0,0.0,1.0,6.0,2.0,8.0,4.0,20.0
200,Benjamin Chilwell,Leicester,5.166666666666667,6.526315789473684,19.0,0.0,4.0,2.0,0.0,2.0,0.0,6.0,6.0,0.0,2.0,7.0,4.0,9.0,23.0,8.0,4.0,8.0,2.0,9.0,0.0,0.0,0.0,9.0
201,Arnaut Danjuma Groeneveld,Bournemouth,5.0,13.333333333333334,0.0,0.0,0.0,0.0,0.0,0.0,0.0,0.0,22.0,6.0,30.0,4.0,4.0,0.0,21.0,26.0,7.0,0.0,0.0,0.0,0.0,0.0,0.0,0.0
202,Solomon March,Brighton,5.0,13.333333333333334,0.0,0.0,0.0,0.0,0.0,0.0,0.0,0.0,0.0,0.0,0.0,4.0,0.0,0.0,0.0,25.0,0.0,0.0,0.0,23.0,22.0,25.0,21.0,0.0
203,Paul Pogba,Man Utd,4.916666666666667,16.857142857142858,0.0,0.0,0.0,0.0,0.0,27.0,24.0,0.0,0.0,0.0,0.0,0.0,0.0,0.0,0.0,0.0,0.0,9.0,0.0,0.0,2.0,23.0,27.0,6.0
204,Juan Mata,Man Utd,4.875,7.8,13.0,21.0,10.0,2.0,0.0,4.0,1.0,2.0,0.0,0.0,12.0,0.0,0.0,0.0,0.0,0.0,4.0,0.0,17.0,23.0,8.0,0.0,0.0,0.0
205,Declan Rice,West Ham,4.869565217391305,5.090909090909091,,2.0,0.0,0.0,19.0,19.0,,0.0,13.0,18.0,2.0,0.0,0.0,1.0,9.0,2.0,0.0,7.0,0.0,18.0,1.0,0.0,1.0,0.0
206,Mason Holgate,Everton,4.791666666666667,6.764705882352941,7.0,2.0,4.0,0.0,19.0,33.0,2.0,10.0,0.0,0.0,26.0,1.0,11.0,0.0,0.0,0.0,0.0,0.0,0.0,0.0,0.0,0.0,0.0,0.0
207,Marcos Alonso,Chelsea,4.791666666666667,14.375,0.0,0.0,0.0,0.0,0.0,0.0,21.0,0.0,0.0,0.0,0.0,0.0,0.0,0.0,0.0,42.0,8.0,15.0,3.0,24.0,0.0,2.0,0.0,0.0
208,Phil Foden,Man City,4.708333333333333,9.416666666666666,0.0,0.0,5.0,21.0,9.0,0.0,0.0,22.0,0.0,2.0,2.0,10.0,0.0,0.0,40.0,2.0,0.0,0.0,0.0,0.0,0.0,0.0,0.0,0.0
209,Issa Diop,West Ham,4.695652173913044,6.75,,17.0,0.0,0.0,0.0,0.0,,0.0,0.0,0.0,0.0,0.0,0.0,4.0,4.0,0.0,33.0,2.0,0.0,2.0,35.0,0.0,4.0,7.0
210,Tanguy Ndombele,Spurs,4.666666666666667,7.466666666666667,0.0,0.0,0.0,0.0,4.0,0.0,0.0,0.0,0.0,7.0,1.0,0.0,12.0,0.0,13.0,22.0,0.0,37.0,2.0,0.0,0.0,0.0,0.0,14.0
211,James Tomkins,Crystal Palace,4.666666666666667,7.0,2.0,7.0,37.0,4.0,36.0,4.0,0.0,4.0,0.0,2.0,4.0,4.0,4.0,0.0,4.0,0.0,0.0,0.0,0.0,0.0,0.0,0.0,0.0,0.0
212,Rodrigo Hernandez,Man City,4.666666666666667,5.090909090909091,12.0,0.0,3.0,0.0,8.0,0.0,0.0,0.0,11.0,7.0,0.0,0.0,2.0,0.0,0.0,2.0,4.0,0.0,8.0,26.0,4.0,18.0,7.0,0.0
213,Steve Cook,Bournemouth,4.583333333333333,5.7894736842105265,0.0,0.0,2.0,0.0,1.0,2.0,0.0,0.0,0.0,0.0,18.0,39.0,10.0,0.0,22.0,4.0,4.0,0.0,0.0,4.0,0.0,0.0,0.0,4.0
214,Fernando Luiz Rosa,Man City,4.583333333333333,5.5,4.0,1.0,0.0,4.0,0.0,0.0,0.0,0.0,0.0,0.0,10.0,34.0,0.0,6.0,43.0,2.0,4.0,0.0,2.0,0.0,0.0,0.0,0.0,0.0
215,Ciaran Clark,Newcastle,4.583333333333333,9.166666666666666,0.0,0.0,0.0,0.0,0.0,0.0,0.0,0.0,17.0,4.0,0.0,2.0,50.0,33.0,0.0,4.0,0.0,0.0,0.0,0.0,0.0,0.0,0.0,0.0
216,João Filipe Iria Santos Moutinho,Wolves,4.458333333333333,4.458333333333333,0.0,0.0,0.0,17.0,8.0,7.0,18.0,8.0,0.0,1.0,1.0,8.0,4.0,27.0,7.0,1.0,0.0,0.0,0.0,0.0,0.0,0.0,0.0,0.0
217,Cédric Soares,Southampton,4.458333333333333,6.6875,0.0,17.0,4.0,2.0,21.0,0.0,8.0,3.0,15.0,9.0,0.0,12.0,2.0,0.0,0.0,0.0,0.0,0.0,8.0,6.0,0.0,0.0,0.0,0.0
218,Ezri Konsa Ngoyo,Aston Villa,4.458333333333333,8.916666666666666,23.0,19.0,0.0,4.0,20.0,20.0,0.0,0.0,4.0,0.0,0.0,17.0,0.0,0.0,0.0,0.0,0.0,0.0,0.0,0.0,0.0,0.0,0.0,0.0
219,Sokratis Papastathopoulos,Arsenal,4.416666666666667,5.888888888888889,0.0,0.0,2.0,33.0,0.0,0.0,0.0,0.0,0.0,0.0,0.0,36.0,0.0,4.0,19.0,2.0,0.0,0.0,8.0,0.0,0.0,0.0,2.0,0.0
220,Alexander Tettey,Norwich,4.416666666666667,5.888888888888889,9.0,2.0,1.0,8.0,0.0,18.0,15.0,27.0,20.0,0.0,0.0,0.0,6.0,0.0,0.0,0.0,0.0,0.0,0.0,0.0,0.0,0.0,0.0,0.0
221,Antonio Rüdiger,Chelsea,4.291666666666667,11.444444444444445,13.0,34.0,0.0,0.0,0.0,2.0,1.0,4.0,0.0,0.0,0.0,0.0,0.0,0.0,0.0,0.0,0.0,0.0,0.0,49.0,0.0,0.0,0.0,0.0
222,Toby Alderweireld,Spurs,4.291666666666667,4.478260869565218,0.0,0.0,6.0,0.0,2.0,0.0,0.0,2.0,0.0,0.0,0.0,54.0,0.0,6.0,19.0,0.0,2.0,0.0,2.0,0.0,2.0,0.0,0.0,8.0
223,Ashley Westwood,Burnley,4.25,4.857142857142857,0.0,17.0,18.0,12.0,2.0,0.0,2.0,4.0,0.0,0.0,0.0,0.0,0.0,0.0,20.0,8.0,0.0,0.0,10.0,4.0,0.0,1.0,4.0,0.0
224,Luke Shaw,Man Utd,4.208333333333333,7.769230769230769,26.0,0.0,0.0,2.0,2.0,25.0,6.0,24.0,2.0,0.0,4.0,0.0,0.0,0.0,0.0,0.0,0.0,0.0,0.0,0.0,0.0,6.0,2.0,2.0
225,Dan Burn,Brighton,4.083333333333333,4.666666666666667,0.0,0.0,0.0,0.0,0.0,2.0,4.0,0.0,3.0,26.0,4.0,0.0,0.0,0.0,0.0,0.0,8.0,29.0,0.0,2.0,0.0,2.0,17.0,1.0
226,Billy Sharp,Sheffield Utd,4.083333333333333,7.0,12.0,0.0,0.0,4.0,4.0,0.0,0.0,0.0,0.0,14.0,0.0,0.0,0.0,17.0,0.0,2.0,2.0,0.0,0.0,4.0,0.0,4.0,0.0,35.0
227,Daniel Ceballos Fernández,Arsenal,4.0,8.727272727272727,0.0,0.0,0.0,0.0,0.0,0.0,0.0,0.0,0.0,0.0,0.0,0.0,0.0,20.0,2.0,19.0,2.0,10.0,4.0,2.0,17.0,0.0,20.0,0.0
228,Max Meyer,Crystal Palace,3.9166666666666665,8.545454545454545,0.0,0.0,4.0,21.0,0.0,5.0,6.0,1.0,0.0,0.0,0.0,0.0,0.0,0.0,0.0,0.0,0.0,0.0,0.0,0.0,0.0,0.0,2.0,55.0
229,Michael Obafemi,Southampton,3.875,9.3,24.0,0.0,0.0,0.0,0.0,39.0,0.0,0.0,0.0,0.0,0.0,26.0,0.0,0.0,0.0,0.0,0.0,0.0,0.0,0.0,0.0,0.0,0.0,4.0
230,Johann Berg Gudmundsson,Burnley,3.8333333333333335,13.142857142857142,0.0,0.0,0.0,10.0,3.0,0.0,0.0,0.0,0.0,0.0,0.0,0.0,0.0,0.0,0.0,0.0,33.0,0.0,0.0,0.0,0.0,20.0,4.0,22.0
231,Glenn Murray,Brighton,3.7916666666666665,6.066666666666666,0.0,0.0,23.0,0.0,17.0,0.0,4.0,0.0,0.0,0.0,0.0,2.0,0.0,0.0,0.0,0.0,0.0,1.0,0.0,28.0,0.0,4.0,8.0,4.0
232,Tom Trybull,Norwich,3.75,6.428571428571429,0.0,0.0,0.0,0.0,0.0,17.0,0.0,0.0,0.0,0.0,3.0,21.0,18.0,22.0,0.0,1.0,0.0,0.0,0.0,0.0,0.0,0.0,4.0,4.0
233,Matt Targett,Aston Villa,3.7083333333333335,5.5625,59.0,0.0,0.0,0.0,0.0,0.0,0.0,2.0,2.0,0.0,0.0,2.0,0.0,0.0,0.0,20.0,2.0,2.0,0.0,0.0,0.0,0.0,0.0,0.0
234,Djibril Sidibé,Everton,3.7083333333333335,5.5625,11.0,0.0,1.0,0.0,9.0,31.0,0.0,0.0,4.0,0.0,5.0,0.0,22.0,2.0,0.0,2.0,2.0,0.0,0.0,0.0,0.0,0.0,0.0,0.0
235,Robbie Brady,Burnley,3.5833333333333335,6.615384615384615,0.0,0.0,0.0,0.0,36.0,5.0,0.0,0.0,10.0,17.0,0.0,0.0,2.0,8.0,0.0,8.0,0.0,0.0,0.0,0.0,0.0,0.0,0.0,0.0
236,Dale Stephens,Brighton,3.5416666666666665,3.8636363636363638,0.0,8.0,1.0,0.0,0.0,1.0,0.0,0.0,3.0,0.0,0.0,0.0,0.0,1.0,0.0,10.0,8.0,7.0,9.0,18.0,4.0,0.0,15.0,0.0
237,James Milner,Liverpool,3.5217391304347827,5.0625,,0.0,0.0,2.0,0.0,17.0,,3.0,12.0,8.0,0.0,0.0,0.0,0.0,0.0,0.0,22.0,0.0,0.0,0.0,0.0,0.0,17.0,0.0
238,Aaron Wan-Bissaka,Man Utd,3.5,4.0,4.0,12.0,6.0,4.0,0.0,0.0,0.0,0.0,0.0,6.0,23.0,0.0,6.0,0.0,0.0,2.0,0.0,0.0,2.0,0.0,10.0,2.0,5.0,2.0
239,Etienne Capoue,Watford,3.5,4.421052631578948,0.0,13.0,8.0,1.0,14.0,0.0,0.0,6.0,1.0,0.0,0.0,20.0,1.0,0.0,0.0,0.0,0.0,8.0,0.0,0.0,0.0,1.0,10.0,1.0
240,Reece James,Chelsea,3.4583333333333335,6.916666666666667,0.0,0.0,28.0,18.0,0.0,0.0,18.0,0.0,4.0,4.0,3.0,0.0,0.0,0.0,8.0,0.0,0.0,0.0,0.0,0.0,0.0,0.0,0.0,0.0
241,Alireza Jahanbakhsh,Brighton,3.4583333333333335,16.6,11.0,0.0,4.0,22.0,44.0,0.0,0.0,0.0,2.0,0.0,0.0,0.0,0.0,0.0,0.0,0.0,0.0,0.0,0.0,0.0,0.0,0.0,0.0,0.0
242,Jack Stephens,Southampton,3.4583333333333335,5.1875,0.0,6.0,36.0,0.0,2.0,2.0,21.0,8.0,0.0,4.0,0.0,0.0,0.0,2.0,0.0,0.0,0.0,0.0,0.0,0.0,0.0,0.0,0.0,2.0
243,Adam Smith,Bournemouth,3.4166666666666665,6.3076923076923075,2.0,4.0,3.0,0.0,0.0,0.0,0.0,0.0,0.0,4.0,0.0,0.0,0.0,4.0,0.0,2.0,0.0,0.0,0.0,0.0,22.0,33.0,4.0,4.0
244,Florian Lejeune,Newcastle,3.375,13.5,66.0,0.0,0.0,0.0,6.0,0.0,9.0,0.0,0.0,0.0,0.0,0.0,0.0,0.0,0.0,0.0,0.0,0.0,0.0,0.0,0.0,0.0,0.0,0.0
245,João Pedro Cavaco Cancelo,Man City,3.2916666666666665,8.777777777777779,0.0,4.0,14.0,0.0,0.0,0.0,0.0,0.0,0.0,0.0,0.0,6.0,0.0,0.0,9.0,29.0,17.0,0.0,0.0,0.0,0.0,0.0,0.0,0.0
246,Sean Longstaff,Newcastle,3.2916666666666665,4.647058823529412,3.0,0.0,9.0,0.0,0.0,1.0,0.0,17.0,7.0,0.0,0.0,0.0,0.0,0.0,10.0,0.0,7.0,0.0,0.0,0.0,8.0,17.0,0.0,0.0
247,Granit Xhaka,Arsenal,3.25,4.333333333333333,0.0,2.0,18.0,0.0,0.0,4.0,0.0,0.0,8.0,0.0,0.0,0.0,0.0,0.0,4.0,13.0,4.0,4.0,4.0,3.0,9.0,0.0,0.0,5.0
248,Fikayo Tomori,Chelsea,3.2083333333333335,5.5,0.0,0.0,0.0,0.0,4.0,17.0,0.0,0.0,0.0,0.0,17.0,4.0,0.0,0.0,0.0,6.0,0.0,0.0,22.0,7.0,0.0,0.0,0.0,0.0
249,Oliver Norwood,Sheffield Utd,3.2083333333333335,3.2083333333333335,0.0,1.0,0.0,0.0,0.0,18.0,0.0,0.0,1.0,7.0,0.0,8.0,9.0,0.0,0.0,1.0,2.0,7.0,0.0,0.0,7.0,8.0,8.0,0.0
250,Tyrone Mings,Aston Villa,3.2083333333333335,3.85,25.0,0.0,0.0,0.0,0.0,0.0,0.0,0.0,0.0,17.0,17.0,0.0,4.0,0.0,0.0,0.0,2.0,0.0,4.0,2.0,0.0,4.0,2.0,0.0
251,Maya Yoshida,Southampton,3.2083333333333335,9.625,0.0,0.0,0.0,0.0,0.0,0.0,0.0,0.0,0.0,0.0,0.0,0.0,0.0,0.0,2.0,2.0,9.0,25.0,0.0,2.0,0.0,0.0,37.0,0.0
252,Shkodran Mustafi,Arsenal,3.125,15.0,2.0,19.0,0.0,0.0,0.0,0.0,0.0,0.0,0.0,0.0,54.0,0.0,0.0,0.0,0.0,0.0,0.0,0.0,0.0,0.0,0.0,0.0,0.0,0.0
253,Diego Rico,Bournemouth,3.0416666666666665,3.8421052631578947,4.0,2.0,0.0,17.0,0.0,0.0,0.0,2.0,0.0,0.0,11.0,0.0,0.0,0.0,23.0,3.0,0.0,0.0,8.0,0.0,0.0,0.0,0.0,3.0
254,Grant Hanley,Norwich,3.0,7.2,18.0,0.0,0.0,6.0,4.0,19.0,4.0,0.0,0.0,0.0,0.0,0.0,0.0,0.0,0.0,0.0,0.0,0.0,0.0,0.0,0.0,17.0,4.0,0.0
255,Danny Welbeck,Watford,3.0,14.4,0.0,0.0,0.0,0.0,0.0,0.0,0.0,0.0,0.0,0.0,0.0,0.0,0.0,0.0,0.0,0.0,21.0,49.0,0.0,0.0,0.0,2.0,0.0,0.0
256,Chris Basham,Sheffield Utd,2.9583333333333335,2.9583333333333335,10.0,6.0,0.0,0.0,2.0,6.0,0.0,0.0,2.0,6.0,2.0,2.0,0.0,2.0,0.0,0.0,6.0,0.0,4.0,8.0,3.0,4.0,6.0,2.0
257,Hamza Choudhury,Leicester,2.9166666666666665,5.384615384615385,0.0,0.0,2.0,7.0,18.0,0.0,0.0,0.0,0.0,0.0,0.0,0.0,0.0,0.0,0.0,0.0,0.0,0.0,0.0,21.0,2.0,2.0,10.0,8.0
258,Andros Townsend,Crystal Palace,2.9166666666666665,5.0,0.0,0.0,0.0,0.0,0.0,0.0,0.0,0.0,0.0,2.0,4.0,23.0,2.0,0.0,4.0,0.0,0.0,17.0,0.0,4.0,0.0,0.0,14.0,0.0
259,Jamaal Lascelles,Newcastle,2.875,4.928571428571429,2.0,2.0,0.0,0.0,0.0,0.0,0.0,0.0,0.0,0.0,0.0,0.0,0.0,0.0,37.0,0.0,0.0,0.0,2.0,0.0,4.0,4.0,18.0,0.0
260,Scott Dann,Crystal Palace,2.875,13.8,0.0,0.0,0.0,0.0,0.0,0.0,0.0,0.0,0.0,0.0,0.0,0.0,0.0,0.0,0.0,0.0,0.0,0.0,0.0,0.0,0.0,0.0,2.0,67.0
261,Mario Vrancic,Norwich,2.8333333333333335,6.8,0.0,0.0,8.0,7.0,7.0,0.0,0.0,0.0,18.0,0.0,0.0,0.0,8.0,0.0,0.0,0.0,0.0,0.0,0.0,0.0,0.0,2.0,18.0,0.0
262,Brandon Williams,Man Utd,2.8333333333333335,7.555555555555555,6.0,2.0,16.0,0.0,4.0,0.0,0.0,0.0,0.0,0.0,4.0,17.0,19.0,0.0,0.0,0.0,0.0,0.0,,,,,,
263,Adam Lallana,Liverpool,2.8260869565217392,5.416666666666667,,0.0,4.0,0.0,6.0,0.0,,0.0,0.0,4.0,2.0,0.0,0.0,14.0,0.0,35.0,0.0,0.0,0.0,0.0,0.0,0.0,0.0,0.0
264,Sead Kolasinac,Arsenal,2.7916666666666665,4.1875,0.0,0.0,6.0,6.0,0.0,0.0,0.0,2.0,2.0,2.0,4.0,0.0,12.0,0.0,0.0,10.0,0.0,0.0,10.0,0.0,13.0,0.0,0.0,0.0
265,John Stones,Man City,2.75,6.0,0.0,18.0,0.0,0.0,0.0,0.0,0.0,0.0,0.0,0.0,6.0,4.0,4.0,11.0,21.0,0.0,0.0,0.0,0.0,2.0,0.0,0.0,0.0,0.0
266,Giovani Lo Celso,Spurs,2.75,4.714285714285714,8.0,0.0,9.0,14.0,17.0,0.0,0.0,0.0,0.0,2.0,0.0,0.0,13.0,0.0,2.0,0.0,0.0,0.0,0.0,0.0,0.0,1.0,0.0,0.0
267,Connor Wickham,Crystal Palace,2.6666666666666665,10.666666666666666,8.0,0.0,0.0,35.0,0.0,19.0,0.0,0.0,0.0,0.0,0.0,0.0,0.0,0.0,0.0,0.0,0.0,0.0,0.0,0.0,0.0,0.0,0.0,2.0
268,Simon Francis,Bournemouth,2.6666666666666665,5.333333333333333,2.0,6.0,0.0,0.0,0.0,0.0,0.0,20.0,0.0,18.0,0.0,0.0,18.0,0.0,0.0,0.0,0.0,0.0,0.0,0.0,0.0,0.0,0.0,0.0
269,Olivier Giroud,Chelsea,2.6666666666666665,12.8,0.0,0.0,0.0,0.0,0.0,0.0,0.0,0.0,0.0,0.0,39.0,0.0,0.0,0.0,4.0,0.0,0.0,0.0,0.0,0.0,0.0,0.0,21.0,0.0
270,Yves Bissouma,Brighton,2.6666666666666665,6.4,0.0,0.0,0.0,2.0,19.0,0.0,14.0,22.0,0.0,0.0,0.0,0.0,0.0,0.0,0.0,0.0,0.0,0.0,7.0,0.0,0.0,0.0,0.0,0.0
271,Naby Keita,Liverpool,2.608695652173913,12.0,,0.0,0.0,0.0,0.0,8.0,,0.0,52.0,0.0,0.0,0.0,0.0,0.0,0.0,0.0,0.0,0.0,0.0,0.0,0.0,0.0,0.0,0.0
272,José Holebas,Watford,2.5833333333333335,5.166666666666667,0.0,0.0,0.0,0.0,0.0,0.0,0.0,0.0,0.0,0.0,2.0,21.0,8.0,0.0,0.0,2.0,0.0,18.0,0.0,11.0,0.0,0.0,0.0,0.0
273,José Ángel Esmorís Tasende,Man City,2.4166666666666665,9.666666666666666,0.0,0.0,0.0,0.0,0.0,0.0,0.0,0.0,21.0,11.0,0.0,0.0,24.0,0.0,0.0,0.0,0.0,0.0,2.0,0.0,0.0,0.0,0.0,0.0
274,Oleksandr Zinchenko,Man City,2.4166666666666665,5.8,5.0,0.0,0.0,0.0,5.0,0.0,0.0,0.0,0.0,0.0,0.0,0.0,0.0,0.0,0.0,0.0,16.0,0.0,0.0,16.0,1.0,0.0,14.0,1.0
275,Christoph Zimmermann,Norwich,2.375,4.384615384615385,4.0,0.0,7.0,0.0,0.0,0.0,4.0,34.0,4.0,0.0,0.0,2.0,0.0,0.0,0.0,0.0,0.0,0.0,0.0,0.0,2.0,0.0,0.0,0.0
276,Jamal Lewis,Norwich,2.3333333333333335,3.7333333333333334,0.0,0.0,0.0,0.0,7.0,0.0,0.0,0.0,0.0,0.0,0.0,0.0,13.0,2.0,1.0,2.0,11.0,2.0,4.0,0.0,8.0,2.0,4.0,0.0
277,Shane Duffy,Brighton,2.3333333333333335,4.3076923076923075,0.0,0.0,0.0,0.0,2.0,2.0,0.0,0.0,0.0,0.0,0.0,11.0,7.0,21.0,0.0,0.0,0.0,0.0,0.0,2.0,0.0,6.0,3.0,2.0
278,Christian Atsu,Newcastle,2.2916666666666665,3.0555555555555554,2.0,0.0,0.0,0.0,2.0,2.0,0.0,2.0,0.0,4.0,0.0,10.0,0.0,0.0,0.0,0.0,0.0,4.0,6.0,2.0,19.0,2.0,0.0,0.0
279,Dejan Lovren,Liverpool,2.260869565217391,6.5,,0.0,0.0,0.0,0.0,0.0,,0.0,0.0,0.0,2.0,4.0,11.0,10.0,19.0,0.0,6.0,0.0,0.0,0.0,0.0,0.0,0.0,0.0
280,Ryan Fredericks,West Ham,2.260869565217391,2.888888888888889,,0.0,0.0,0.0,0.0,0.0,,0.0,0.0,4.0,2.0,2.0,2.0,0.0,0.0,0.0,2.0,14.0,6.0,4.0,10.0,4.0,2.0,0.0
281,Benjamin Mendy,Man City,2.25,4.909090909090909,0.0,2.0,4.0,0.0,0.0,0.0,0.0,0.0,0.0,0.0,8.0,0.0,0.0,0.0,40.0,0.0,0.0,0.0,0.0,0.0,0.0,0.0,0.0,0.0
282,Moritz Leitner,Norwich,2.2083333333333335,5.888888888888889,0.0,0.0,0.0,0.0,0.0,0.0,0.0,0.0,0.0,0.0,0.0,0.0,0.0,0.0,0.0,3.0,25.0,10.0,3.0,0.0,2.0,2.0,4.0,4.0
283,Jefferson Lerma,Bournemouth,2.2083333333333335,2.5238095238095237,1.0,0.0,4.0,0.0,0.0,1.0,2.0,0.0,0.0,10.0,5.0,0.0,0.0,9.0,9.0,0.0,2.0,0.0,0.0,0.0,1.0,0.0,0.0,9.0
284,Bernardo Fernandes da Silva Junior,Brighton,2.2083333333333335,6.625,22.0,4.0,4.0,0.0,0.0,21.0,0.0,0.0,0.0,0.0,0.0,0.0,0.0,0.0,0.0,0.0,0.0,0.0,0.0,0.0,2.0,0.0,0.0,0.0
285,Nathaniel Chalobah,Watford,2.1666666666666665,4.0,0.0,3.0,1.0,9.0,21.0,0.0,2.0,0.0,0.0,0.0,0.0,0.0,0.0,10.0,0.0,0.0,0.0,0.0,0.0,0.0,6.0,0.0,0.0,0.0
286,José Ignacio Peleteiro Romallo,Aston Villa,2.125,6.375,0.0,0.0,0.0,0.0,12.0,0.0,0.0,0.0,0.0,18.0,0.0,0.0,0.0,0.0,0.0,0.0,0.0,0.0,0.0,8.0,4.0,2.0,7.0,0.0
287,Marc Albrighton,Leicester,2.0833333333333335,4.545454545454546,0.0,0.0,0.0,0.0,17.0,0.0,0.0,0.0,4.0,0.0,0.0,0.0,0.0,0.0,11.0,0.0,0.0,2.0,0.0,0.0,5.0,0.0,0.0,11.0
288,Paul Dummett,Newcastle,2.0833333333333335,3.125,0.0,0.0,0.0,0.0,0.0,0.0,4.0,0.0,2.0,0.0,0.0,2.0,0.0,0.0,0.0,0.0,0.0,0.0,0.0,0.0,9.0,0.0,33.0,0.0
289,Victor Lindelöf,Man Utd,2.0416666666666665,2.227272727272727,0.0,0.0,0.0,0.0,0.0,6.0,2.0,4.0,0.0,0.0,33.0,0.0,0.0,2.0,2.0,0.0,0.0,0.0,0.0,0.0,0.0,0.0,0.0,0.0
290,Andreas Christensen,Chelsea,2.0416666666666665,4.454545454545454,7.0,0.0,4.0,0.0,0.0,0.0,0.0,0.0,19.0,0.0,0.0,0.0,0.0,0.0,0.0,0.0,0.0,0.0,0.0,0.0,0.0,17.0,0.0,2.0
291,Yan Valery,Southampton,2.0416666666666665,6.125,0.0,0.0,0.0,0.0,0.0,0.0,0.0,0.0,0.0,0.0,2.0,0.0,0.0,0.0,17.0,0.0,2.0,0.0,0.0,0.0,0.0,0.0,22.0,6.0
292,Davinson Sánchez,Spurs,2.0,2.823529411764706,0.0,0.0,0.0,0.0,0.0,4.0,0.0,2.0,0.0,0.0,2.0,17.0,0.0,0.0,0.0,0.0,0.0,0.0,0.0,0.0,2.0,0.0,0.0,21.0
293,Albian Ajeti,West Ham,2.0,5.75,,20.0,0.0,0.0,20.0,0.0,,0.0,0.0,0.0,0.0,0.0,2.0,4.0,0.0,0.0,0.0,0.0,0.0,0.0,0.0,0.0,0.0,0.0
294,Phil Bardsley,Burnley,1.9583333333333333,4.7,0.0,0.0,0.0,20.0,7.0,0.0,0.0,0.0,0.0,0.0,4.0,1.0,15.0,0.0,0.0,0.0,0.0,0.0,0.0,0.0,0.0,0.0,0.0,0.0
295,Keinan Davis,Aston Villa,1.9166666666666667,7.666666666666667,0.0,0.0,0.0,0.0,0.0,0.0,0.0,0.0,0.0,0.0,0.0,0.0,0.0,0.0,25.0,17.0,0.0,0.0,0.0,4.0,0.0,0.0,0.0,0.0
296,Daryl Janmaat,Watford,1.9166666666666667,5.75,0.0,0.0,0.0,0.0,0.0,0.0,0.0,0.0,0.0,0.0,0.0,0.0,7.0,4.0,4.0,20.0,0.0,0.0,0.0,1.0,10.0,0.0,0.0,0.0
297,Ahmed El Mohamady,Aston Villa,1.9166666666666667,4.181818181818182,0.0,0.0,0.0,0.0,0.0,20.0,0.0,0.0,18.0,6.0,0.0,0.0,0.0,0.0,0.0,0.0,0.0,0.0,0.0,0.0,0.0,0.0,2.0,0.0
298,Henrikh Mkhitaryan,Arsenal,1.9166666666666667,15.333333333333334,0.0,0.0,0.0,0.0,0.0,0.0,0.0,0.0,0.0,0.0,0.0,0.0,0.0,0.0,0.0,0.0,0.0,0.0,0.0,0.0,24.0,0.0,0.0,22.0
299,Jack Stacey,Bournemouth,1.875,5.0,0.0,0.0,0.0,0.0,2.0,8.0,6.0,4.0,0.0,0.0,6.0,0.0,0.0,0.0,0.0,0.0,17.0,2.0,0.0,0.0,0.0,0.0,0.0,0.0
300,Jan Vertonghen,Spurs,1.875,2.8125,0.0,0.0,0.0,24.0,0.0,0.0,0.0,17.0,0.0,0.0,0.0,0.0,0.0,0.0,0.0,2.0,0.0,2.0,0.0,0.0,0.0,0.0,0.0,0.0
301,Arthur Masuaku,West Ham,1.8695652173913044,3.909090909090909,,0.0,3.0,17.0,9.0,0.0,,0.0,0.0,0.0,0.0,0.0,0.0,0.0,0.0,2.0,0.0,0.0,0.0,9.0,2.0,1.0,0.0,0.0
302,Jan Bednarek,Southampton,1.8333333333333333,1.9130434782608696,0.0,17.0,0.0,0.0,7.0,0.0,4.0,0.0,4.0,2.0,0.0,0.0,0.0,0.0,0.0,0.0,0.0,0.0,0.0,0.0,0.0,0.0,0.0,10.0
303,Lewis Cook,Bournemouth,1.8333333333333333,2.4444444444444446,0.0,0.0,8.0,2.0,1.0,2.0,0.0,6.0,0.0,0.0,7.0,8.0,10.0,0.0,0.0,0.0,0.0,0.0,0.0,0.0,0.0,0.0,0.0,0.0
304,Fabio Henrique Tavares,Liverpool,1.7826086956521738,3.1538461538461537,,0.0,0.0,0.0,0.0,0.0,,0.0,0.0,0.0,0.0,0.0,15.0,0.0,8.0,0.0,0.0,8.0,0.0,0.0,1.0,2.0,0.0,7.0
305,Josip Drmic,Norwich,1.75,4.2,0.0,0.0,0.0,0.0,0.0,0.0,0.0,0.0,0.0,0.0,0.0,0.0,0.0,2.0,0.0,0.0,19.0,10.0,2.0,0.0,7.0,0.0,0.0,2.0
306,Oriol Romeu Vidal,Southampton,1.7083333333333333,2.1578947368421053,0.0,0.0,0.0,0.0,0.0,0.0,0.0,0.0,0.0,0.0,0.0,0.0,2.0,0.0,0.0,2.0,18.0,0.0,0.0,0.0,8.0,0.0,0.0,11.0
307,Ben Godfrey,Norwich,1.7083333333333333,2.2777777777777777,0.0,0.0,0.0,0.0,0.0,0.0,0.0,0.0,21.0,4.0,0.0,0.0,2.0,0.0,0.0,0.0,1.0,0.0,0.0,0.0,0.0,6.0,0.0,7.0
308,Javier Hernández Balcázar,West Ham,1.6956521739130435,19.5,,0.0,0.0,0.0,0.0,0.0,,0.0,0.0,0.0,0.0,0.0,0.0,0.0,0.0,0.0,0.0,0.0,0.0,0.0,0.0,0.0,21.0,18.0
309,Frédéric Guilbert,Aston Villa,1.6666666666666667,2.1052631578947367,0.0,0.0,0.0,0.0,0.0,0.0,7.0,0.0,0.0,0.0,0.0,2.0,0.0,0.0,0.0,2.0,0.0,0.0,0.0,17.0,9.0,3.0,0.0,0.0
310,Francisco Femenía Far,Watford,1.6666666666666667,2.3529411764705883,0.0,0.0,0.0,2.0,0.0,0.0,7.0,0.0,0.0,0.0,0.0,6.0,0.0,0.0,0.0,0.0,0.0,0.0,0.0,9.0,1.0,0.0,8.0,7.0
311,DeAndre Yedlin,Newcastle,1.625,3.5454545454545454,0.0,0.0,0.0,0.0,0.0,0.0,0.0,0.0,0.0,0.0,0.0,0.0,35.0,0.0,0.0,0.0,4.0,0.0,0.0,0.0,0.0,0.0,0.0,0.0
312,Xherdan Shaqiri,Liverpool,1.608695652173913,6.166666666666667,,0.0,0.0,0.0,0.0,0.0,,4.0,0.0,25.0,0.0,0.0,0.0,0.0,0.0,0.0,0.0,0.0,0.0,0.0,8.0,0.0,0.0,0.0
313,Ainsley Maitland-Niles,Arsenal,1.5416666666666667,2.642857142857143,0.0,0.0,0.0,2.0,2.0,0.0,0.0,0.0,2.0,0.0,0.0,0.0,0.0,0.0,0.0,0.0,0.0,0.0,8.0,4.0,12.0,0.0,7.0,0.0
314,Christian Kabasele,Watford,1.5416666666666667,2.642857142857143,0.0,0.0,0.0,0.0,17.0,0.0,2.0,0.0,8.0,0.0,0.0,0.0,0.0,0.0,0.0,0.0,2.0,0.0,0.0,8.0,0.0,0.0,0.0,0.0
315,Ondrej Duda,Norwich,1.5416666666666667,18.5,2.0,35.0,,,,,,,,,,,,,,,,,,,,,,
316,Joel Matip,Liverpool,1.5217391304347827,5.0,,0.0,0.0,0.0,0.0,0.0,,0.0,0.0,0.0,0.0,0.0,0.0,0.0,0.0,0.0,0.0,0.0,4.0,8.0,0.0,19.0,4.0,0.0
317,Wes Morgan,Leicester,1.5,5.142857142857143,0.0,0.0,0.0,0.0,36.0,0.0,0.0,0.0,0.0,0.0,0.0,0.0,0.0,0.0,0.0,0.0,0.0,0.0,0.0,0.0,0.0,0.0,0.0,0.0
318,Craig Cathcart,Watford,1.5,1.6363636363636365,2.0,0.0,0.0,0.0,0.0,2.0,0.0,0.0,2.0,6.0,0.0,18.0,2.0,0.0,0.0,0.0,0.0,0.0,0.0,0.0,0.0,4.0,0.0,0.0
319,Danny Rose,Spurs,1.5,3.0,0.0,0.0,0.0,0.0,0.0,0.0,0.0,0.0,0.0,0.0,0.0,0.0,0.0,0.0,4.0,6.0,0.0,0.0,6.0,6.0,8.0,4.0,0.0,2.0
320,Kortney Hause,Aston Villa,1.4583333333333333,4.375,8.0,0.0,2.0,7.0,0.0,12.0,2.0,4.0,0.0,0.0,0.0,0.0,0.0,0.0,0.0,0.0,0.0,0.0,0.0,0.0,0.0,0.0,0.0,0.0
321,Eric Dier,Spurs,1.4583333333333333,3.5,0.0,0.0,0.0,0.0,0.0,0.0,0.0,4.0,2.0,0.0,0.0,10.0,2.0,0.0,0.0,0.0,0.0,17.0,0.0,0.0,0.0,0.0,0.0,0.0
322,Nemanja Matic,Man Utd,1.4583333333333333,4.375,0.0,0.0,0.0,2.0,1.0,0.0,0.0,0.0,0.0,0.0,0.0,0.0,0.0,0.0,0.0,0.0,0.0,0.0,11.0,0.0,21.0,0.0,0.0,0.0
323,James McCarthy,Crystal Palace,1.4583333333333333,1.8421052631578947,6.0,0.0,2.0,3.0,0.0,0.0,3.0,7.0,0.0,0.0,0.0,0.0,7.0,0.0,0.0,0.0,7.0,0.0,0.0,0.0,0.0,0.0,0.0,0.0
324,Harry Winks,Spurs,1.4166666666666667,1.7894736842105263,0.0,0.0,0.0,0.0,0.0,0.0,0.0,0.0,0.0,0.0,0.0,0.0,7.0,0.0,0.0,0.0,0.0,8.0,0.0,16.0,0.0,2.0,0.0,1.0
325,Ryan Sessegnon,Spurs,1.4166666666666667,5.666666666666667,2.0,0.0,0.0,6.0,24.0,2.0,0.0,0.0,0.0,0.0,0.0,0.0,0.0,0.0,0.0,0.0,0.0,0.0,0.0,0.0,0.0,0.0,0.0,0.0
326,Emil Krafth,Newcastle,1.3333333333333333,2.909090909090909,0.0,2.0,0.0,0.0,0.0,0.0,0.0,0.0,0.0,0.0,0.0,0.0,0.0,0.0,0.0,0.0,0.0,2.0,0.0,22.0,2.0,0.0,4.0,0.0
327,Adrian Mariappa,Watford,1.3333333333333333,2.4615384615384617,0.0,0.0,0.0,0.0,4.0,0.0,2.0,0.0,0.0,2.0,2.0,18.0,0.0,4.0,0.0,0.0,0.0,0.0,0.0,0.0,0.0,0.0,0.0,0.0
328,Bjorn Engels,Aston Villa,1.2916666666666667,2.2142857142857144,0.0,0.0,0.0,0.0,0.0,0.0,8.0,0.0,4.0,0.0,0.0,0.0,0.0,0.0,0.0,4.0,4.0,0.0,0.0,0.0,0.0,2.0,9.0,0.0
329,Ibrahim Amadou,Norwich,1.2916666666666667,2.8181818181818183,0.0,0.0,7.0,0.0,0.0,0.0,0.0,0.0,0.0,0.0,8.0,0.0,0.0,0.0,0.0,4.0,12.0,0.0,0.0,0.0,0.0,0.0,0.0,0.0
330,Kieran Tierney,Arsenal,1.2916666666666667,6.2,0.0,0.0,0.0,0.0,0.0,0.0,0.0,0.0,0.0,0.0,0.0,22.0,0.0,4.0,5.0,0.0,0.0,0.0,0.0,0.0,0.0,0.0,0.0,0.0
331,Jürgen Locadia,Brighton,1.25,15.0,0.0,0.0,0.0,0.0,0.0,0.0,0.0,0.0,0.0,0.0,0.0,0.0,0.0,0.0,0.0,0.0,0.0,0.0,0.0,0.0,0.0,11.0,0.0,19.0
332,Joel Ward,Crystal Palace,1.25,2.0,0.0,0.0,0.0,0.0,0.0,0.0,0.0,0.0,0.0,0.0,0.0,0.0,0.0,7.0,0.0,0.0,2.0,0.0,1.0,18.0,2.0,0.0,0.0,0.0
333,Matthew Longstaff,Newcastle,1.2083333333333333,4.142857142857143,0.0,0.0,2.0,0.0,0.0,17.0,0.0,0.0,0.0,0.0,0.0,0.0,0.0,0.0,2.0,0.0,8.0,0.0,0.0,0.0,,,,
334,Muhamed Bešić,Sheffield Utd,1.2083333333333333,3.2222222222222223,0.0,7.0,17.0,0.0,5.0,0.0,0.0,0.0,0.0,0.0,0.0,0.0,0.0,0.0,0.0,0.0,0.0,0.0,0.0,0.0,0.0,0.0,0.0,0.0
335,Morgan Schneiderlin,Everton,1.1666666666666667,2.3333333333333335,2.0,0.0,0.0,0.0,0.0,0.0,0.0,0.0,1.0,0.0,0.0,20.0,1.0,0.0,0.0,0.0,0.0,0.0,3.0,0.0,0.0,1.0,0.0,0.0
336,Neil Taylor,Aston Villa,1.125,2.7,0.0,0.0,0.0,0.0,0.0,0.0,0.0,0.0,0.0,0.0,0.0,0.0,1.0,0.0,0.0,0.0,0.0,0.0,0.0,0.0,0.0,2.0,24.0,0.0
337,Javier Manquillo,Newcastle,1.0833333333333333,2.3636363636363638,0.0,0.0,0.0,0.0,0.0,2.0,0.0,0.0,18.0,0.0,0.0,0.0,0.0,0.0,0.0,0.0,0.0,0.0,2.0,0.0,2.0,0.0,0.0,2.0
338,Dennis Srbeny,Norwich,1.0416666666666667,3.125,0.0,0.0,0.0,0.0,0.0,0.0,0.0,0.0,6.0,0.0,0.0,17.0,0.0,2.0,0.0,0.0,0.0,0.0,0.0,0.0,0.0,0.0,0.0,0.0
339,Héctor Bellerín,Arsenal,1.0,6.0,9.0,0.0,0.0,0.0,0.0,0.0,0.0,0.0,0.0,6.0,0.0,4.0,5.0,0.0,0.0,0.0,0.0,0.0,0.0,0.0,0.0,0.0,0.0,0.0
340,Lukas Rupp,Norwich,1.0,12.0,24.0,0.0,,,,,,,,,,,,,,,,,,,,,,
341,Jonathan Kodjia,Aston Villa,1.0,4.0,0.0,0.0,0.0,12.0,4.0,0.0,6.0,0.0,0.0,0.0,0.0,0.0,0.0,0.0,0.0,0.0,0.0,0.0,0.0,0.0,0.0,0.0,0.0,2.0
342,Jairo Riedewald,Crystal Palace,1.0,3.0,2.0,0.0,8.0,12.0,2.0,0.0,0.0,0.0,0.0,0.0,0.0,0.0,0.0,0.0,0.0,0.0,0.0,0.0,0.0,0.0,,,,
343,Phil Jones,Man Utd,0.9583333333333334,11.5,23.0,0.0,0.0,0.0,0.0,0.0,0.0,0.0,0.0,0.0,0.0,0.0,0.0,0.0,0.0,0.0,0.0,0.0,0.0,0.0,0.0,0.0,0.0,0.0
344,Erik Pieters,Burnley,0.9583333333333334,1.5333333333333334,0.0,0.0,0.0,0.0,0.0,0.0,0.0,0.0,4.0,0.0,8.0,0.0,0.0,0.0,7.0,0.0,1.0,0.0,0.0,0.0,0.0,1.0,1.0,1.0
345,Rúben Gonçalo Silva Nascimento Vinagre,Wolves,0.9166666666666666,2.2,0.0,0.0,0.0,6.0,4.0,0.0,0.0,0.0,0.0,0.0,0.0,0.0,0.0,2.0,0.0,0.0,6.0,0.0,0.0,0.0,4.0,0.0,0.0,0.0
346,Marvelous Nakamba,Aston Villa,0.9166666666666666,1.2941176470588236,1.0,0.0,0.0,0.0,0.0,0.0,0.0,1.0,0.0,2.0,0.0,0.0,9.0,0.0,2.0,0.0,0.0,0.0,7.0,0.0,0.0,0.0,0.0,0.0
347,Florin Andone,Brighton,0.875,7.0,0.0,0.0,0.0,0.0,0.0,0.0,0.0,0.0,0.0,0.0,0.0,0.0,0.0,0.0,0.0,0.0,0.0,0.0,0.0,0.0,0.0,2.0,2.0,17.0
348,Aymeric Laporte,Man City,0.7916666666666666,3.8,0.0,0.0,0.0,0.0,0.0,0.0,0.0,0.0,0.0,0.0,0.0,0.0,0.0,0.0,0.0,0.0,0.0,0.0,0.0,0.0,0.0,2.0,17.0,0.0
349,Junior Stanislas,Bournemouth,0.7916666666666666,9.5,0.0,0.0,0.0,0.0,19.0,0.0,0.0,0.0,0.0,0.0,0.0,0.0,0.0,0.0,0.0,0.0,0.0,0.0,0.0,0.0,0.0,0.0,0.0,0.0
350,Adam Masina,Watford,0.7916666666666666,1.5833333333333333,0.0,4.0,4.0,0.0,0.0,0.0,0.0,0.0,4.0,0.0,2.0,0.0,0.0,5.0,0.0,0.0,0.0,0.0,0.0,0.0,0.0,0.0,0.0,0.0
351,Georges-Kévin Nkoudou,Spurs,0.75,18.0,0.0,0.0,0.0,0.0,0.0,0.0,0.0,0.0,0.0,0.0,0.0,0.0,0.0,0.0,0.0,0.0,0.0,0.0,0.0,0.0,0.0,0.0,0.0,18.0
352,Dean Henderson,Sheffield Utd,0.75,0.782608695652174,0.0,0.0,0.0,0.0,0.0,0.0,0.0,0.0,0.0,0.0,0.0,0.0,0.0,0.0,0.0,0.0,0.0,0.0,0.0,18.0,0.0,0.0,0.0,0.0
353,Ashley Young,Man Utd,0.75,1.5,0.0,0.0,0.0,0.0,0.0,0.0,0.0,0.0,0.0,0.0,0.0,0.0,0.0,2.0,0.0,0.0,4.0,2.0,0.0,0.0,3.0,7.0,0.0,0.0
354,Christian Fuchs,Leicester,0.75,2.5714285714285716,0.0,0.0,0.0,8.0,8.0,0.0,0.0,0.0,0.0,0.0,0.0,0.0,0.0,0.0,0.0,0.0,0.0,0.0,0.0,0.0,0.0,1.0,1.0,0.0
355,Jack Simpson,Bournemouth,0.75,6.0,0.0,0.0,0.0,0.0,0.0,18.0,0.0,0.0,0.0,0.0,0.0,0.0,0.0,0.0,0.0,0.0,0.0,0.0,0.0,0.0,0.0,0.0,0.0,0.0
356,Kyle Walker-Peters,Spurs,0.75,6.0,0.0,0.0,0.0,0.0,0.0,0.0,0.0,0.0,0.0,0.0,0.0,0.0,0.0,0.0,0.0,0.0,0.0,0.0,0.0,0.0,0.0,4.0,0.0,14.0
357,Luke Freeman,Sheffield Utd,0.7083333333333334,1.8888888888888888,0.0,0.0,0.0,0.0,0.0,0.0,0.0,0.0,0.0,0.0,0.0,0.0,0.0,0.0,0.0,0.0,0.0,0.0,0.0,0.0,3.0,4.0,10.0,0.0
358,Isaac Success Ajayi,Watford,0.7083333333333334,4.25,0.0,0.0,0.0,0.0,0.0,0.0,0.0,0.0,0.0,0.0,0.0,0.0,0.0,0.0,0.0,0.0,0.0,0.0,0.0,0.0,17.0,0.0,0.0,0.0
359,Dwight Gayle,Newcastle,0.7083333333333334,1.8888888888888888,0.0,0.0,2.0,0.0,2.0,6.0,0.0,7.0,0.0,0.0,0.0,0.0,0.0,0.0,0.0,0.0,0.0,,,,,,,
360,Ben Foster,Watford,0.7083333333333334,0.7083333333333334,0.0,0.0,0.0,0.0,0.0,0.0,0.0,0.0,0.0,0.0,0.0,0.0,0.0,17.0,0.0,0.0,0.0,0.0,0.0,0.0,0.0,0.0,0.0,0.0
361,Ryan Bennett,Wolves,0.6666666666666666,1.4545454545454546,0.0,0.0,0.0,0.0,2.0,0.0,0.0,0.0,0.0,0.0,0.0,0.0,0.0,0.0,0.0,0.0,0.0,0.0,0.0,0.0,0.0,4.0,2.0,8.0
362,Fabian Delph,Everton,0.6666666666666666,1.1428571428571428,0.0,0.0,0.0,0.0,0.0,8.0,0.0,0.0,0.0,0.0,0.0,0.0,0.0,0.0,0.0,0.0,8.0,0.0,0.0,0.0,0.0,0.0,0.0,0.0
363,Matej Vydra,Burnley,0.625,2.5,0.0,0.0,0.0,0.0,0.0,0.0,0.0,0.0,0.0,0.0,0.0,0.0,0.0,0.0,11.0,2.0,0.0,0.0,0.0,2.0,0.0,0.0,0.0,0.0
364,Matthew Lowton,Burnley,0.625,1.0714285714285714,0.0,0.0,0.0,0.0,0.0,0.0,0.0,0.0,0.0,0.0,0.0,0.0,0.0,0.0,2.0,2.0,2.0,2.0,2.0,2.0,0.0,0.0,1.0,2.0
365,Martin Kelly,Crystal Palace,0.625,0.7894736842105263,0.0,0.0,0.0,0.0,1.0,0.0,2.0,4.0,0.0,0.0,0.0,0.0,0.0,0.0,0.0,0.0,4.0,0.0,0.0,0.0,0.0,2.0,2.0,0.0
366,Anthony Gordon,Everton,0.5833333333333334,14.0,0.0,14.0,0.0,0.0,0.0,0.0,0.0,0.0,0.0,0.0,0.0,0.0,0.0,,,,,,,,,,,
367,Willy Boly,Wolves,0.5833333333333334,1.75,0.0,0.0,0.0,0.0,0.0,0.0,0.0,0.0,0.0,0.0,0.0,0.0,0.0,0.0,0.0,0.0,0.0,0.0,0.0,0.0,8.0,0.0,2.0,4.0
368,André Filipe Tavares Gomes,Everton,0.5416666666666666,1.625,0.0,0.0,0.0,0.0,0.0,0.0,0.0,0.0,0.0,0.0,0.0,0.0,0.0,6.0,0.0,2.0,0.0,0.0,0.0,0.0,2.0,3.0,0.0,0.0
369,Henri Lansbury,Aston Villa,0.5416666666666666,1.4444444444444444,0.0,0.0,0.0,0.0,8.0,0.0,0.0,0.0,0.0,0.0,1.0,0.0,0.0,0.0,0.0,0.0,0.0,0.0,2.0,0.0,2.0,0.0,0.0,0.0
370,Pablo Zabaleta,West Ham,0.5217391304347826,1.5,,2.0,2.0,0.0,0.0,0.0,,0.0,0.0,0.0,0.0,0.0,0.0,2.0,6.0,0.0,0.0,0.0,0.0,0.0,0.0,0.0,0.0,0.0
371,Nacho Monreal,Arsenal,0.5,4.0,0.0,0.0,0.0,0.0,0.0,0.0,0.0,0.0,0.0,0.0,0.0,0.0,0.0,0.0,0.0,0.0,0.0,0.0,0.0,0.0,0.0,4.0,4.0,4.0
372,Morgan Gibbs-White,Wolves,0.5,3.0,0.0,0.0,0.0,0.0,0.0,0.0,0.0,0.0,0.0,0.0,0.0,0.0,0.0,0.0,0.0,0.0,0.0,4.0,0.0,0.0,0.0,8.0,0.0,0.0
373,Aaron Lennon,Burnley,0.5,0.8571428571428571,0.0,0.0,0.0,0.0,0.0,0.0,0.0,0.0,0.0,2.0,2.0,0.0,0.0,0.0,0.0,2.0,0.0,0.0,0.0,4.0,0.0,0.0,2.0,0.0
374,Ben Davies,Spurs,0.5,2.0,0.0,0.0,0.0,0.0,0.0,0.0,0.0,0.0,0.0,0.0,0.0,0.0,2.0,2.0,0.0,0.0,2.0,0.0,0.0,2.0,0.0,4.0,0.0,0.0
375,Yoshinori Muto,Newcastle,0.5,1.7142857142857142,0.0,0.0,0.0,0.0,0.0,0.0,0.0,0.0,0.0,0.0,0.0,0.0,0.0,0.0,0.0,0.0,0.0,0.0,0.0,0.0,10.0,0.0,2.0,0.0
376,Matt Ritchie,Newcastle,0.5,2.4,0.0,0.0,0.0,0.0,0.0,0.0,0.0,0.0,0.0,0.0,0.0,0.0,0.0,0.0,0.0,0.0,0.0,0.0,0.0,0.0,0.0,0.0,12.0,0.0
377,Nathan Holland,West Ham,0.391304347826087,4.5,,0.0,0.0,0.0,0.0,0.0,,0.0,9.0,0.0,,,,,,,,,,,,,,
378,Nampalys Mendy,Leicester,0.375,2.25,2.0,7.0,0.0,0.0,0.0,0.0,0.0,0.0,0.0,0.0,0.0,0.0,0.0,0.0,0.0,0.0,0.0,0.0,0.0,0.0,0.0,0.0,0.0,0.0
379,Sebastian Prödl,Watford,0.3333333333333333,8.0,0.0,0.0,0.0,0.0,0.0,0.0,0.0,0.0,0.0,0.0,0.0,0.0,0.0,0.0,0.0,0.0,8.0,0.0,0.0,0.0,0.0,0.0,0.0,0.0
380,Daniel Drinkwater,Aston Villa,0.3333333333333333,2.0,0.0,8.0,0.0,0.0,0.0,0.0,0.0,0.0,0.0,0.0,0.0,0.0,0.0,0.0,0.0,0.0,0.0,0.0,0.0,0.0,0.0,0.0,0.0,0.0
381,Ezequiel Schelotto,Brighton,0.3333333333333333,2.0,0.0,0.0,0.0,0.0,0.0,4.0,0.0,0.0,0.0,0.0,0.0,0.0,0.0,4.0,0.0,0.0,0.0,0.0,,,,,,
382,Edward Nketiah,Arsenal,0.3333333333333333,8.0,0.0,8.0,0.0,0.0,0.0,0.0,0.0,0.0,0.0,0.0,0.0,0.0,0.0,0.0,0.0,0.0,0.0,0.0,0.0,0.0,0.0,0.0,0.0,0.0
383,Domingos Quina,Watford,0.2916666666666667,1.75,0.0,0.0,0.0,0.0,0.0,0.0,0.0,0.0,0.0,7.0,0.0,0.0,0.0,0.0,0.0,0.0,0.0,0.0,0.0,0.0,0.0,0.0,0.0,0.0
384,Japhet Tanganga,Spurs,0.2916666666666667,3.5,0.0,7.0,0.0,0.0,0.0,0.0,,,,,,,,,,,,,,,,,,
385,Charlie Taylor,Burnley,0.2916666666666667,0.5833333333333334,0.0,0.0,0.0,3.0,2.0,0.0,0.0,0.0,0.0,0.0,0.0,0.0,0.0,0.0,0.0,0.0,2.0,0.0,0.0,0.0,0.0,0.0,0.0,0.0
386,Mamadou Sakho,Crystal Palace,0.25,0.75,0.0,0.0,0.0,0.0,0.0,0.0,0.0,0.0,0.0,0.0,2.0,0.0,0.0,0.0,0.0,0.0,0.0,0.0,4.0,0.0,0.0,0.0,0.0,0.0
387,Kevin Danso,Southampton,0.25,1.0,0.0,0.0,0.0,0.0,0.0,0.0,0.0,0.0,0.0,0.0,0.0,0.0,0.0,0.0,2.0,4.0,0.0,0.0,0.0,0.0,0.0,0.0,0.0,
388,Gaëtan Bong,Brighton,0.25,1.5,0.0,0.0,0.0,0.0,0.0,0.0,0.0,0.0,0.0,0.0,0.0,0.0,0.0,0.0,0.0,0.0,0.0,6.0,0.0,0.0,0.0,0.0,0.0,0.0
389,James Justin,Leicester,0.25,2.0,0.0,0.0,0.0,0.0,6.0,0.0,0.0,0.0,0.0,0.0,0.0,0.0,0.0,0.0,0.0,0.0,0.0,0.0,0.0,0.0,0.0,0.0,0.0,0.0
390,Marcos Rojo,Man Utd,0.25,2.0,0.0,0.0,0.0,0.0,0.0,0.0,0.0,0.0,0.0,0.0,0.0,0.0,0.0,0.0,0.0,2.0,4.0,0.0,0.0,0.0,0.0,0.0,0.0,0.0
391,Gedson Carvalho Fernandes,Spurs,0.25,3.0,0.0,6.0,,,,,,,,,,,,,,,,,,,,,,
392,Jack Wilshere,West Ham,0.17391304347826086,0.6666666666666666,,0.0,0.0,0.0,0.0,0.0,,0.0,0.0,0.0,0.0,0.0,0.0,0.0,0.0,2.0,2.0,0.0,0.0,0.0,0.0,0.0,0.0,0.0
393,Curtis Jones,Liverpool,0.17391304347826086,4.0,,0.0,0.0,0.0,0.0,0.0,,0.0,4.0,,,,,,,,,,,,,,,
394,Leon Clarke,Sheffield Utd,0.16666666666666666,4.0,0.0,0.0,0.0,0.0,0.0,0.0,0.0,0.0,0.0,0.0,0.0,0.0,0.0,0.0,0.0,0.0,0.0,4.0,,,,,,
395,Ben Osborn,Sheffield Utd,0.16666666666666666,1.0,0.0,0.0,0.0,0.0,0.0,0.0,2.0,0.0,0.0,0.0,0.0,0.0,0.0,0.0,0.0,0.0,0.0,0.0,0.0,0.0,2.0,0.0,0.0,0.0
396,Adam Idah,Norwich,0.16666666666666666,2.0,0.0,0.0,4.0,0.0,0.0,0.0,0.0,0.0,0.0,0.0,0.0,0.0,0.0,0.0,0.0,0.0,0.0,0.0,0.0,0.0,,,,
397,Indiana Vassilev,Aston Villa,0.16666666666666666,2.0,4.0,0.0,0.0,,,,,,,,,,,,,,,,,,,,,
398,Ravel Morrison,Sheffield Utd,0.16666666666666666,4.0,0.0,0.0,0.0,0.0,0.0,0.0,0.0,0.0,0.0,0.0,0.0,0.0,0.0,0.0,0.0,0.0,0.0,0.0,0.0,0.0,0.0,4.0,0.0,0.0
399,Leighton Baines,Everton,0.125,1.0,0.0,0.0,0.0,0.0,2.0,0.0,0.0,1.0,0.0,0.0,0.0,0.0,0.0,0.0,0.0,0.0,0.0,0.0,0.0,0.0,0.0,0.0,0.0,0.0
400,Rob Holding,Arsenal,0.08333333333333333,1.0,0.0,0.0,0.0,0.0,0.0,0.0,0.0,0.0,0.0,0.0,0.0,0.0,2.0,0.0,0.0,0.0,0.0,0.0,0.0,0.0,0.0,0.0,0.0,0.0
401,Ignacio Pussetto,Watford,0.08333333333333333,1.0,2.0,0.0,,,,,,,,,,,,,,,,,,,,,,
402,Nick Pope,Burnley,0.08333333333333333,0.08333333333333333,0.0,0.0,0.0,0.0,0.0,0.0,0.0,0.0,0.0,0.0,0.0,0.0,0.0,0.0,0.0,0.0,0.0,0.0,0.0,0.0,0.0,0.0,2.0,0.0
403,Brandon Pierrick,Crystal Palace,0.08333333333333333,2.0,0.0,0.0,0.0,2.0,0.0,0.0,0.0,,,,,,,,,,,,,,,,,
404,Sam Surridge,Bournemouth,0.08333333333333333,2.0,0.0,0.0,2.0,0.0,0.0,0.0,0.0,0.0,0.0,0.0,0.0,0.0,0.0,0.0,0.0,0.0,0.0,0.0,0.0,0.0,0.0,0.0,0.0,0.0
405,Angel Gomes,Man Utd,0.08333333333333333,1.0,0.0,0.0,2.0,0.0,0.0,0.0,0.0,0.0,0.0,0.0,0.0,0.0,0.0,0.0,0.0,0.0,0.0,0.0,0.0,0.0,0.0,0.0,0.0,0.0
406,José Diogo Dalot Teixeira,Man Utd,0.08333333333333333,1.0,0.0,2.0,0.0,0.0,0.0,0.0,0.0,0.0,0.0,0.0,0.0,0.0,0.0,0.0,0.0,0.0,0.0,0.0,0.0,0.0,0.0,0.0,0.0,0.0
407,Phil Jagielka,Sheffield Utd,0.08333333333333333,0.5,0.0,0.0,0.0,0.0,0.0,0.0,0.0,0.0,0.0,0.0,0.0,2.0,0.0,0.0,0.0,0.0,0.0,0.0,0.0,0.0,0.0,0.0,0.0,0.0
408,Juan Foyth,Spurs,0.0,0.0,0.0,0.0,0.0,0.0,0.0,0.0,0.0,0.0,0.0,0.0,0.0,0.0,0.0,0.0,0.0,0.0,0.0,0.0,0.0,0.0,0.0,0.0,0.0,0.0
409,José Reina,Aston Villa,0.0,0.0,0.0,0.0,,,,,,,,,,,,,,,,,,,,,,
410,Kieran Trippier,Spurs,0.0,0.0,0.0,0.0,0.0,0.0,0.0,0.0,0.0,0.0,0.0,0.0,0.0,0.0,0.0,0.0,0.0,0.0,0.0,0.0,0.0,0.0,0.0,0.0,0.0,0.0
411,Luke Amos,Spurs,0.0,0.0,0.0,0.0,0.0,0.0,0.0,0.0,0.0,0.0,0.0,0.0,0.0,0.0,0.0,0.0,0.0,0.0,0.0,0.0,0.0,0.0,0.0,0.0,0.0,0.0
412,Troy Parrott,Spurs,0.0,0.0,0.0,0.0,0.0,0.0,0.0,0.0,0.0,0.0,0.0,0.0,0.0,0.0,0.0,0.0,0.0,0.0,0.0,0.0,0.0,0.0,0.0,0.0,0.0,0.0
413,Paulo Gazzaniga,Spurs,0.0,0.0,0.0,0.0,0.0,0.0,0.0,0.0,0.0,0.0,0.0,0.0,0.0,0.0,0.0,0.0,0.0,0.0,0.0,0.0,0.0,0.0,0.0,0.0,0.0,0.0
414,Mark Travers,Bournemouth,0.0,0.0,0.0,0.0,0.0,0.0,0.0,0.0,0.0,0.0,0.0,0.0,0.0,0.0,0.0,0.0,0.0,0.0,0.0,0.0,0.0,0.0,0.0,0.0,0.0,0.0
415,Artur Boruc,Bournemouth,0.0,0.0,0.0,0.0,0.0,0.0,0.0,0.0,0.0,0.0,0.0,0.0,0.0,0.0,0.0,0.0,0.0,0.0,0.0,0.0,0.0,0.0,0.0,0.0,0.0,0.0
416,Hugo Lloris,Spurs,0.0,0.0,0.0,0.0,0.0,0.0,0.0,0.0,0.0,0.0,0.0,0.0,0.0,0.0,0.0,0.0,0.0,0.0,0.0,0.0,0.0,0.0,0.0,0.0,0.0,0.0
417,Asmir Begovic,Bournemouth,0.0,0.0,0.0,0.0,0.0,0.0,0.0,0.0,0.0,0.0,0.0,0.0,0.0,0.0,0.0,0.0,0.0,0.0,0.0,0.0,0.0,0.0,0.0,0.0,0.0,0.0
418,Michel Vorm,Spurs,0.0,0.0,0.0,0.0,0.0,0.0,0.0,0.0,0.0,0.0,0.0,0.0,0.0,0.0,0.0,0.0,0.0,0.0,,,,,,,,
419,Victor Wanyama,Spurs,0.0,0.0,0.0,0.0,0.0,0.0,0.0,0.0,0.0,0.0,0.0,0.0,0.0,0.0,0.0,0.0,0.0,0.0,0.0,0.0,0.0,0.0,0.0,0.0,0.0,0.0
420,Lloyd Kelly,Bournemouth,0.0,0.0,0.0,0.0,0.0,0.0,0.0,0.0,0.0,0.0,0.0,0.0,0.0,0.0,0.0,0.0,0.0,0.0,0.0,0.0,0.0,0.0,0.0,0.0,0.0,0.0
421,Vincent Janssen,Spurs,0.0,0.0,0.0,0.0,0.0,0.0,0.0,0.0,0.0,0.0,0.0,0.0,0.0,0.0,0.0,0.0,0.0,0.0,0.0,0.0,0.0,0.0,0.0,0.0,0.0,0.0
422,Alfie Whiteman,Spurs,0.0,0.0,0.0,0.0,0.0,0.0,0.0,0.0,0.0,0.0,0.0,0.0,0.0,0.0,0.0,0.0,0.0,0.0,0.0,0.0,0.0,,,,,
423,Oliver Skipp,Spurs,0.0,0.0,0.0,0.0,0.0,0.0,0.0,0.0,0.0,0.0,0.0,0.0,0.0,0.0,0.0,0.0,0.0,0.0,0.0,0.0,0.0,0.0,0.0,0.0,0.0,0.0
424,Charlie Daniels,Bournemouth,0.0,0.0,0.0,0.0,0.0,0.0,0.0,0.0,0.0,0.0,0.0,0.0,0.0,0.0,0.0,0.0,0.0,0.0,0.0,0.0,0.0,0.0,0.0,0.0,0.0,0.0
425,Rachid Ghezzal,Leicester,0.0,0.0,0.0,0.0,0.0,0.0,0.0,0.0,0.0,0.0,0.0,0.0,0.0,0.0,0.0,0.0,0.0,0.0,0.0,0.0,0.0,0.0,0.0,0.0,0.0,0.0
426,Brandon Austin,Spurs,0.0,0.0,0.0,0.0,0.0,0.0,0.0,0.0,0.0,0.0,0.0,0.0,0.0,0.0,0.0,0.0,0.0,0.0,,,,,,,,
427,David Martin,West Ham,0.0,0.0,,0.0,0.0,0.0,0.0,0.0,,0.0,0.0,0.0,0.0,0.0,0.0,0.0,0.0,0.0,0.0,,,,,,,
428,Jeremy Ngakia,West Ham,0.0,0.0,,0.0,0.0,,,,,,,,,,,,,,,,,,,,,
429,Gonçalo Bento Soares Cardoso,West Ham,0.0,0.0,,0.0,0.0,,,,,,,,,,,,,,,,,,,,,
430,Bernardo Costa Da Rosa,West Ham,0.0,0.0,,0.0,0.0,,,,,,,,,,,,,,,,,,,,,
431,Darren Randolph,West Ham,0.0,0.0,,0.0,,,,,,,,,,,,,,,,,,,,,,
432,Mohamed Elneny,Arsenal,0.0,0.0,0.0,0.0,0.0,0.0,0.0,0.0,0.0,0.0,0.0,0.0,0.0,0.0,0.0,0.0,0.0,0.0,0.0,0.0,0.0,0.0,0.0,0.0,0.0,0.0
433,Conor Coady,Wolves,0.0,0.0,0.0,0.0,0.0,0.0,0.0,0.0,0.0,0.0,0.0,0.0,0.0,0.0,0.0,0.0,0.0,0.0,0.0,0.0,0.0,0.0,0.0,0.0,0.0,0.0
434,Bernd Leno,Arsenal,0.0,0.0,0.0,0.0,0.0,0.0,0.0,0.0,0.0,0.0,0.0,0.0,0.0,0.0,0.0,0.0,0.0,0.0,0.0,0.0,0.0,0.0,0.0,0.0,0.0,0.0
435,Max Kilman,Wolves,0.0,0.0,0.0,0.0,0.0,0.0,0.0,0.0,0.0,0.0,0.0,0.0,0.0,0.0,0.0,0.0,0.0,0.0,0.0,0.0,0.0,0.0,0.0,0.0,0.0,0.0
436,Rui Pedro dos Santos Patrício,Wolves,0.0,0.0,0.0,0.0,0.0,0.0,0.0,0.0,0.0,0.0,0.0,0.0,0.0,0.0,0.0,0.0,0.0,0.0,0.0,0.0,0.0,0.0,0.0,0.0,0.0,0.0
437,John Ruddy,Wolves,0.0,0.0,0.0,0.0,0.0,0.0,0.0,0.0,0.0,0.0,0.0,0.0,0.0,0.0,0.0,0.0,0.0,0.0,0.0,0.0,0.0,0.0,0.0,0.0,0.0,0.0
438,Will Norris,Wolves,0.0,0.0,0.0,0.0,0.0,0.0,0.0,0.0,0.0,0.0,0.0,0.0,0.0,0.0,0.0,0.0,0.0,0.0,0.0,0.0,0.0,0.0,0.0,0.0,0.0,0.0
439,Carl Jenkinson,Arsenal,0.0,0.0,0.0,0.0,0.0,0.0,0.0,0.0,0.0,0.0,0.0,0.0,0.0,0.0,0.0,0.0,0.0,0.0,0.0,0.0,0.0,0.0,0.0,0.0,0.0,0.0
440,Konstantinos Mavropanos,Arsenal,0.0,0.0,0.0,0.0,0.0,0.0,0.0,0.0,0.0,0.0,0.0,0.0,0.0,0.0,0.0,0.0,0.0,0.0,0.0,0.0,0.0,0.0,0.0,0.0,0.0,0.0
441,Laurent Koscielny,Arsenal,0.0,0.0,0.0,0.0,0.0,0.0,0.0,0.0,0.0,0.0,0.0,0.0,0.0,0.0,0.0,0.0,0.0,0.0,0.0,0.0,0.0,0.0,0.0,0.0,0.0,0.0
442,Hélder Costa,Wolves,0.0,0.0,0.0,0.0,0.0,0.0,0.0,0.0,0.0,0.0,0.0,0.0,0.0,0.0,0.0,0.0,0.0,0.0,0.0,0.0,0.0,0.0,0.0,0.0,0.0,0.0
443,Ivan Cavaleiro,Wolves,0.0,0.0,0.0,0.0,0.0,0.0,0.0,0.0,0.0,0.0,0.0,0.0,0.0,0.0,0.0,0.0,0.0,0.0,0.0,0.0,0.0,0.0,0.0,0.0,0.0,0.0
444,Jesús Vallejo Lázaro,Wolves,0.0,0.0,0.0,0.0,0.0,0.0,0.0,0.0,0.0,0.0,0.0,0.0,0.0,0.0,0.0,0.0,0.0,0.0,0.0,0.0,0.0,0.0,0.0,0.0,0.0,0.0
445,Bernard Ashley-Seal,Wolves,0.0,0.0,0.0,0.0,0.0,0.0,0.0,0.0,0.0,0.0,0.0,0.0,0.0,0.0,0.0,0.0,0.0,,,,,,,,,
446,Taylor Perry,Wolves,0.0,0.0,0.0,0.0,0.0,0.0,0.0,0.0,0.0,0.0,0.0,0.0,0.0,0.0,0.0,0.0,,,,,,,,,,
447,Owen Otasowie,Wolves,0.0,0.0,0.0,0.0,0.0,0.0,0.0,0.0,0.0,0.0,0.0,0.0,0.0,,,,,,,,,,,,,
448,Luke Cundle,Wolves,0.0,0.0,0.0,0.0,0.0,0.0,0.0,0.0,0.0,0.0,0.0,0.0,0.0,,,,,,,,,,,,,
449,Oskar Buur,Wolves,0.0,0.0,0.0,0.0,0.0,0.0,0.0,,,,,,,,,,,,,,,,,,,
450,Ryan Giles,Wolves,0.0,0.0,0.0,0.0,,,,,,,,,,,,,,,,,,,,,,
451,Joseph Anang,West Ham,0.0,0.0,,0.0,0.0,0.0,0.0,0.0,,,,,,,,,,,,,,,,,,
452,Emiliano Martínez,Arsenal,0.0,0.0,0.0,0.0,0.0,0.0,0.0,0.0,0.0,0.0,0.0,0.0,0.0,0.0,0.0,0.0,0.0,0.0,0.0,0.0,0.0,0.0,0.0,0.0,0.0,0.0
453,Marc Navarro,Watford,0.0,0.0,0.0,0.0,0.0,0.0,0.0,0.0,0.0,0.0,0.0,0.0,0.0,0.0,0.0,0.0,0.0,0.0,0.0,0.0,0.0,0.0,0.0,0.0,0.0,0.0
454,Roberto Jimenez Gago,West Ham,0.0,0.0,,0.0,0.0,0.0,0.0,0.0,,0.0,0.0,0.0,0.0,0.0,0.0,0.0,0.0,0.0,0.0,0.0,0.0,0.0,0.0,0.0,0.0,0.0
455,Lovre Kalinic,Aston Villa,0.0,0.0,0.0,0.0,0.0,0.0,0.0,0.0,0.0,0.0,0.0,0.0,0.0,0.0,0.0,0.0,0.0,0.0,0.0,0.0,0.0,0.0,0.0,0.0,0.0,0.0
456,Pontus Dahlberg,Watford,0.0,0.0,0.0,0.0,0.0,0.0,0.0,0.0,0.0,0.0,0.0,0.0,0.0,0.0,0.0,0.0,0.0,0.0,0.0,0.0,0.0,0.0,0.0,0.0,0.0,0.0
457,Jed Steer,Aston Villa,0.0,0.0,0.0,0.0,0.0,0.0,0.0,0.0,0.0,0.0,0.0,0.0,0.0,0.0,0.0,0.0,0.0,0.0,0.0,0.0,0.0,0.0,0.0,0.0,0.0,0.0
458,Ken Sema,Watford,0.0,0.0,0.0,0.0,0.0,0.0,0.0,0.0,0.0,0.0,0.0,0.0,0.0,0.0,0.0,0.0,0.0,0.0,0.0,0.0,0.0,0.0,0.0,0.0,0.0,0.0
459,Tom Heaton,Aston Villa,0.0,0.0,0.0,0.0,0.0,0.0,0.0,0.0,0.0,0.0,0.0,0.0,0.0,0.0,0.0,0.0,0.0,0.0,0.0,0.0,0.0,0.0,0.0,0.0,0.0,0.0
460,Heurelho da Silva Gomes,Watford,0.0,0.0,0.0,0.0,0.0,0.0,0.0,0.0,0.0,0.0,0.0,0.0,0.0,0.0,0.0,0.0,0.0,0.0,0.0,0.0,0.0,0.0,0.0,0.0,0.0,0.0
461,Dimitri Foulquier,Watford,0.0,0.0,0.0,0.0,0.0,0.0,0.0,0.0,0.0,0.0,0.0,0.0,0.0,0.0,0.0,0.0,0.0,0.0,0.0,0.0,0.0,0.0,,,,
462,Ayotomiwa Dele-Bashiru,Watford,0.0,0.0,0.0,0.0,0.0,0.0,0.0,0.0,0.0,0.0,0.0,0.0,0.0,0.0,,,,,,,,,,,,
463,William Smallbone,Southampton,0.0,0.0,0.0,0.0,0.0,0.0,0.0,,,,,,,,,,,,,,,,,,,
464,Birkir Bjarnason,Aston Villa,0.0,0.0,0.0,0.0,0.0,0.0,0.0,0.0,0.0,0.0,0.0,0.0,0.0,0.0,0.0,0.0,0.0,0.0,0.0,0.0,0.0,0.0,0.0,0.0,0.0,0.0
465,Andre Green,Aston Villa,0.0,0.0,0.0,0.0,0.0,0.0,0.0,0.0,0.0,0.0,0.0,0.0,0.0,0.0,0.0,0.0,0.0,0.0,0.0,0.0,0.0,0.0,0.0,0.0,0.0,0.0
466,Ørjan Nyland,Aston Villa,0.0,0.0,0.0,0.0,0.0,0.0,0.0,0.0,0.0,0.0,0.0,0.0,0.0,0.0,0.0,0.0,0.0,0.0,0.0,0.0,0.0,0.0,0.0,0.0,0.0,0.0
467,Winston Reid,West Ham,0.0,0.0,,0.0,0.0,0.0,0.0,0.0,,0.0,0.0,0.0,0.0,0.0,0.0,0.0,0.0,0.0,0.0,0.0,0.0,0.0,0.0,0.0,0.0,0.0
468,Ben Johnson,West Ham,0.0,0.0,,0.0,0.0,0.0,0.0,0.0,,0.0,0.0,0.0,0.0,0.0,0.0,0.0,0.0,0.0,0.0,0.0,0.0,0.0,0.0,0.0,0.0,0.0
469,Marko Arnautovic,West Ham,0.0,0.0,,0.0,0.0,0.0,0.0,0.0,,0.0,0.0,0.0,0.0,0.0,0.0,0.0,0.0,0.0,0.0,0.0,0.0,0.0,0.0,0.0,0.0,0.0
470,Alexandre Nascimento Costa Silva,West Ham,0.0,0.0,,0.0,0.0,0.0,0.0,0.0,,0.0,0.0,0.0,0.0,0.0,0.0,0.0,0.0,0.0,0.0,0.0,0.0,0.0,0.0,0.0,0.0,0.0
471,Lukasz Fabianski,West Ham,0.0,0.0,,0.0,0.0,0.0,0.0,0.0,,0.0,0.0,0.0,0.0,0.0,0.0,0.0,0.0,0.0,0.0,0.0,0.0,0.0,0.0,0.0,0.0,0.0
472,James Chester,Aston Villa,0.0,0.0,0.0,0.0,0.0,0.0,0.0,0.0,0.0,0.0,0.0,0.0,0.0,0.0,0.0,0.0,0.0,0.0,0.0,0.0,0.0,0.0,0.0,0.0,0.0,0.0
473,Tyreece John-Jules,Arsenal,0.0,0.0,0.0,0.0,0.0,0.0,0.0,,,,,,,,,,,,,,,,,,,
474,Emile Smith Rowe,Arsenal,0.0,0.0,0.0,0.0,0.0,0.0,0.0,0.0,0.0,0.0,,,,,,,,,,,,,,,,
475,Carlos Sánchez,West Ham,0.0,0.0,,0.0,0.0,0.0,0.0,0.0,,0.0,0.0,0.0,0.0,0.0,0.0,0.0,0.0,0.0,0.0,0.0,0.0,0.0,0.0,0.0,0.0,0.0
476,Grady Diangana,West Ham,0.0,0.0,,0.0,0.0,0.0,0.0,0.0,,0.0,0.0,0.0,0.0,0.0,0.0,0.0,0.0,0.0,0.0,0.0,0.0,0.0,0.0,0.0,0.0,0.0
477,Pedro Obiang,West Ham,0.0,0.0,,0.0,0.0,0.0,0.0,0.0,,0.0,0.0,0.0,0.0,0.0,0.0,0.0,0.0,0.0,0.0,0.0,0.0,0.0,0.0,0.0,0.0,0.0
478,João Pedro Junqueira de Jesus,Watford,0.0,0.0,0.0,0.0,0.0,,,,,,,,,,,,,,,,,,,,,
479,Mathew Ryan,Brighton,0.0,0.0,0.0,0.0,0.0,0.0,0.0,0.0,0.0,0.0,0.0,0.0,0.0,0.0,0.0,0.0,0.0,0.0,0.0,0.0,0.0,0.0,0.0,0.0,0.0,0.0
480,Harry Lewis,Southampton,0.0,0.0,0.0,0.0,0.0,0.0,0.0,0.0,0.0,0.0,0.0,0.0,0.0,0.0,0.0,0.0,0.0,0.0,0.0,0.0,,,,,,
481,Claudio Bravo,Man City,0.0,0.0,0.0,0.0,0.0,0.0,0.0,0.0,0.0,0.0,0.0,0.0,0.0,0.0,0.0,0.0,0.0,0.0,0.0,0.0,0.0,0.0,0.0,0.0,0.0,0.0
482,Leroy Sané,Man City,0.0,0.0,0.0,0.0,0.0,0.0,0.0,0.0,0.0,0.0,0.0,0.0,0.0,0.0,0.0,0.0,0.0,0.0,0.0,0.0,0.0,0.0,0.0,0.0,0.0,0.0
483,Nya Kirby,Crystal Palace,0.0,0.0,0.0,0.0,0.0,0.0,,,,,,,,,,,,,,,,,,,,
484,James Daly,Crystal Palace,0.0,0.0,0.0,0.0,0.0,0.0,0.0,0.0,0.0,,,,,,,,,,,,,,,,,
485,Tyrick Mitchell,Crystal Palace,0.0,0.0,0.0,0.0,0.0,0.0,0.0,0.0,0.0,0.0,,,,,,,,,,,,,,,,
486,Sam Woods,Crystal Palace,0.0,0.0,0.0,0.0,0.0,0.0,0.0,0.0,0.0,0.0,,,,,,,,,,,,,,,,
487,Stephen Henderson,Crystal Palace,0.0,0.0,0.0,0.0,0.0,0.0,0.0,0.0,0.0,0.0,0.0,0.0,0.0,0.0,0.0,0.0,0.0,0.0,,,,,,,,
488,Víctor Camarasa,Crystal Palace,0.0,0.0,0.0,0.0,0.0,0.0,0.0,0.0,0.0,0.0,0.0,0.0,0.0,0.0,0.0,0.0,0.0,0.0,0.0,0.0,0.0,0.0,0.0,0.0,0.0,0.0
489,Eric Garcia,Man City,0.0,0.0,0.0,0.0,0.0,0.0,0.0,0.0,0.0,0.0,0.0,0.0,0.0,0.0,0.0,0.0,0.0,0.0,0.0,0.0,0.0,,,,,
490,Scott Carson,Man City,0.0,0.0,0.0,0.0,0.0,0.0,0.0,0.0,0.0,0.0,0.0,0.0,0.0,0.0,0.0,,,,,,,,,,,
491,Luke Dreher,Crystal Palace,0.0,0.0,0.0,0.0,0.0,0.0,0.0,0.0,0.0,0.0,0.0,0.0,0.0,0.0,0.0,0.0,0.0,0.0,0.0,0.0,0.0,0.0,0.0,0.0,0.0,0.0
492,Chris Smalling,Man Utd,0.0,0.0,0.0,0.0,0.0,0.0,0.0,0.0,0.0,0.0,0.0,0.0,0.0,0.0,0.0,0.0,0.0,0.0,0.0,0.0,0.0,0.0,0.0,0.0,0.0,0.0
493,Eric Bailly,Man Utd,0.0,0.0,0.0,0.0,0.0,0.0,0.0,0.0,0.0,0.0,0.0,0.0,0.0,0.0,0.0,0.0,0.0,0.0,0.0,0.0,0.0,0.0,0.0,0.0,0.0,0.0
494,Matteo Darmian,Man Utd,0.0,0.0,0.0,0.0,0.0,0.0,0.0,0.0,0.0,0.0,0.0,0.0,0.0,0.0,0.0,0.0,0.0,0.0,0.0,0.0,0.0,0.0,0.0,0.0,0.0,0.0
495,Romelu Lukaku,Man Utd,0.0,0.0,0.0,0.0,0.0,0.0,0.0,0.0,0.0,0.0,0.0,0.0,0.0,0.0,0.0,0.0,0.0,0.0,0.0,0.0,0.0,0.0,0.0,0.0,0.0,0.0
496,Wayne Hennessey,Crystal Palace,0.0,0.0,0.0,0.0,0.0,0.0,0.0,0.0,0.0,0.0,0.0,0.0,0.0,0.0,0.0,0.0,0.0,0.0,0.0,0.0,0.0,0.0,0.0,0.0,0.0,0.0
497,Vicente Guaita,Crystal Palace,0.0,0.0,0.0,0.0,0.0,0.0,0.0,0.0,0.0,0.0,0.0,0.0,0.0,0.0,0.0,0.0,0.0,0.0,0.0,0.0,0.0,0.0,0.0,0.0,0.0,0.0
498,David de Gea,Man Utd,0.0,0.0,0.0,0.0,0.0,0.0,0.0,0.0,0.0,0.0,0.0,0.0,0.0,0.0,0.0,0.0,0.0,0.0,0.0,0.0,0.0,0.0,0.0,0.0,0.0,0.0
499,Sergio Romero,Man Utd,0.0,0.0,0.0,0.0,0.0,0.0,0.0,0.0,0.0,0.0,0.0,0.0,0.0,0.0,0.0,0.0,0.0,0.0,0.0,0.0,0.0,0.0,0.0,0.0,0.0,0.0
500,Lee Grant,Man Utd,0.0,0.0,0.0,0.0,0.0,0.0,0.0,0.0,0.0,0.0,0.0,0.0,0.0,0.0,0.0,0.0,0.0,0.0,0.0,0.0,0.0,0.0,0.0,0.0,0.0,0.0
501,Alexis Sánchez,Man Utd,0.0,0.0,0.0,0.0,0.0,0.0,0.0,0.0,0.0,0.0,0.0,0.0,0.0,0.0,0.0,0.0,0.0,0.0,0.0,0.0,0.0,0.0,0.0,0.0,0.0,0.0
502,Tariq Lamptey,Chelsea,0.0,0.0,0.0,0.0,0.0,0.0,0.0,,,,,,,,,,,,,,,,,,,
503,Addji Keaninkin Marc-Israel Guehi,Chelsea,0.0,0.0,0.0,0.0,0.0,0.0,0.0,0.0,0.0,0.0,0.0,0.0,0.0,0.0,0.0,0.0,0.0,0.0,0.0,0.0,,,,,,
504,Billy Gilmour,Chelsea,0.0,0.0,0.0,0.0,0.0,0.0,0.0,0.0,0.0,0.0,0.0,0.0,0.0,0.0,0.0,0.0,0.0,0.0,0.0,0.0,0.0,0.0,0.0,,,
505,Tahith Chong,Man Utd,0.0,0.0,0.0,0.0,0.0,0.0,0.0,0.0,0.0,0.0,0.0,0.0,0.0,0.0,0.0,0.0,0.0,0.0,0.0,0.0,0.0,0.0,0.0,0.0,0.0,0.0
506,James Garner,Man Utd,0.0,0.0,0.0,0.0,0.0,0.0,0.0,0.0,0.0,0.0,0.0,0.0,0.0,0.0,0.0,0.0,0.0,0.0,0.0,0.0,0.0,0.0,0.0,0.0,0.0,0.0
507,Axel Tuanzebe,Man Utd,0.0,0.0,0.0,0.0,0.0,0.0,0.0,0.0,0.0,0.0,0.0,0.0,0.0,0.0,0.0,0.0,0.0,0.0,0.0,0.0,0.0,0.0,0.0,0.0,0.0,0.0
508,Robert Kenedy Nunes do Nascimento,Chelsea,0.0,0.0,0.0,0.0,0.0,0.0,0.0,0.0,0.0,0.0,0.0,0.0,0.0,0.0,0.0,0.0,0.0,0.0,0.0,0.0,0.0,0.0,0.0,0.0,0.0,0.0
509,Ethan Ampadu,Chelsea,0.0,0.0,0.0,0.0,0.0,0.0,0.0,0.0,0.0,0.0,0.0,0.0,0.0,0.0,0.0,0.0,0.0,0.0,0.0,0.0,0.0,0.0,0.0,0.0,0.0,0.0
510,Ruben Loftus-Cheek,Chelsea,0.0,0.0,0.0,0.0,0.0,0.0,0.0,0.0,0.0,0.0,0.0,0.0,0.0,0.0,0.0,0.0,0.0,0.0,0.0,0.0,0.0,0.0,0.0,0.0,0.0,0.0
511,Giovanni McGregor,Crystal Palace,0.0,0.0,0.0,0.0,,,,,,,,,,,,,,,,,,,,,,
512,Ederson Santana de Moraes,Man City,0.0,0.0,0.0,0.0,0.0,0.0,0.0,0.0,0.0,0.0,0.0,0.0,0.0,0.0,0.0,0.0,0.0,0.0,0.0,0.0,0.0,0.0,0.0,0.0,0.0,0.0
513,Daniel N'Lundulu,Southampton,0.0,0.0,0.0,0.0,0.0,0.0,0.0,0.0,0.0,0.0,0.0,0.0,0.0,0.0,0.0,0.0,0.0,0.0,0.0,0.0,0.0,0.0,0.0,,,
514,Jordan Pickford,Everton,0.0,0.0,0.0,0.0,0.0,0.0,0.0,0.0,0.0,0.0,0.0,0.0,0.0,0.0,0.0,0.0,0.0,0.0,0.0,0.0,0.0,0.0,0.0,0.0,0.0,0.0
515,Danny Ward,Leicester,0.0,0.0,0.0,0.0,0.0,0.0,0.0,0.0,0.0,0.0,0.0,0.0,0.0,0.0,0.0,0.0,0.0,0.0,0.0,0.0,0.0,0.0,0.0,0.0,0.0,0.0
516,Eldin Jakupovic,Leicester,0.0,0.0,0.0,0.0,0.0,0.0,0.0,0.0,0.0,0.0,0.0,0.0,0.0,0.0,0.0,0.0,0.0,0.0,0.0,0.0,0.0,0.0,0.0,0.0,0.0,0.0
517,Matty James,Leicester,0.0,0.0,0.0,0.0,0.0,0.0,0.0,0.0,0.0,0.0,0.0,0.0,0.0,0.0,0.0,0.0,0.0,0.0,0.0,0.0,0.0,0.0,0.0,0.0,0.0,0.0
518,Daniel Amartey,Leicester,0.0,0.0,0.0,0.0,0.0,0.0,0.0,0.0,0.0,0.0,0.0,0.0,0.0,0.0,0.0,0.0,0.0,0.0,0.0,0.0,0.0,0.0,0.0,0.0,0.0,0.0
519,Kasper Schmeichel,Leicester,0.0,0.0,0.0,0.0,0.0,0.0,0.0,0.0,0.0,0.0,0.0,0.0,0.0,0.0,0.0,0.0,0.0,0.0,0.0,0.0,0.0,0.0,0.0,0.0,0.0,0.0
520,Andy King,Leicester,0.0,0.0,0.0,0.0,0.0,0.0,0.0,0.0,0.0,0.0,0.0,0.0,0.0,0.0,0.0,0.0,0.0,0.0,0.0,0.0,0.0,0.0,0.0,0.0,0.0,0.0
521,Filip Benkovic,Leicester,0.0,0.0,0.0,0.0,0.0,,,,,,,,,,,,,,,,,,,,,
522,Rhu-endly Martina,Everton,0.0,0.0,0.0,0.0,0.0,0.0,0.0,0.0,0.0,0.0,,,,,,,,,,,,,,,,
523,Oumar Niasse,Everton,0.0,0.0,0.0,0.0,0.0,0.0,0.0,0.0,0.0,0.0,0.0,,,,,,,,,,,,,,,
524,Joseph Gomez,Liverpool,0.0,0.0,,0.0,0.0,0.0,0.0,0.0,,0.0,0.0,0.0,0.0,0.0,0.0,0.0,0.0,0.0,0.0,0.0,0.0,0.0,0.0,0.0,0.0,0.0
525,Beni Baningime,Everton,0.0,0.0,0.0,0.0,0.0,0.0,0.0,0.0,0.0,0.0,0.0,0.0,0.0,0.0,0.0,0.0,0.0,0.0,,,,,,,,
526,Jean-Philippe Gbamin,Everton,0.0,0.0,0.0,0.0,0.0,0.0,0.0,0.0,0.0,0.0,0.0,0.0,0.0,0.0,0.0,0.0,0.0,0.0,0.0,0.0,0.0,0.0,0.0,0.0,0.0,0.0
527,Alisson Ramses Becker,Liverpool,0.0,0.0,,0.0,0.0,0.0,0.0,0.0,,0.0,0.0,0.0,0.0,0.0,0.0,0.0,0.0,0.0,0.0,0.0,0.0,0.0,0.0,0.0,0.0,0.0
528,Simon Mignolet,Liverpool,0.0,0.0,,0.0,0.0,0.0,0.0,0.0,,0.0,0.0,0.0,0.0,0.0,0.0,0.0,0.0,0.0,0.0,0.0,0.0,0.0,0.0,0.0,0.0,0.0
529,Jonas Lössl,Everton,0.0,0.0,0.0,0.0,0.0,0.0,0.0,0.0,0.0,0.0,0.0,0.0,0.0,0.0,0.0,0.0,0.0,0.0,0.0,0.0,0.0,0.0,0.0,0.0,0.0,0.0
530,Lewis Gibson,Everton,0.0,0.0,0.0,0.0,0.0,0.0,0.0,0.0,0.0,0.0,0.0,0.0,0.0,0.0,0.0,0.0,0.0,0.0,0.0,0.0,0.0,0.0,0.0,0.0,0.0,0.0
531,Idrissa Gueye,Everton,0.0,0.0,0.0,0.0,0.0,0.0,0.0,0.0,0.0,0.0,0.0,0.0,0.0,0.0,0.0,0.0,0.0,0.0,0.0,0.0,0.0,0.0,0.0,0.0,0.0,0.0
532,Rafael Camacho,Liverpool,0.0,0.0,,0.0,0.0,0.0,0.0,0.0,,0.0,0.0,0.0,0.0,0.0,0.0,0.0,0.0,0.0,0.0,0.0,0.0,0.0,0.0,0.0,0.0,0.0
533,Rhian Brewster,Liverpool,0.0,0.0,,0.0,0.0,0.0,0.0,0.0,,0.0,0.0,0.0,0.0,0.0,0.0,0.0,0.0,0.0,0.0,0.0,0.0,0.0,0.0,0.0,0.0,0.0
534,Adrián San Miguel del Castillo,Liverpool,0.0,0.0,,0.0,0.0,0.0,0.0,0.0,,0.0,0.0,0.0,0.0,0.0,0.0,0.0,0.0,0.0,0.0,0.0,0.0,0.0,0.0,0.0,0.0,0.0
535,Andy Lonergan,Liverpool,0.0,0.0,,0.0,0.0,0.0,0.0,0.0,,0.0,0.0,0.0,0.0,0.0,0.0,0.0,0.0,0.0,0.0,0.0,0.0,0.0,0.0,0.0,0.0,
536,Caoimhin Kelleher,Liverpool,0.0,0.0,,0.0,0.0,0.0,0.0,0.0,,0.0,0.0,0.0,0.0,0.0,0.0,0.0,0.0,0.0,0.0,0.0,0.0,0.0,0.0,0.0,0.0,
537,Harvey Elliott,Liverpool,0.0,0.0,,0.0,0.0,0.0,0.0,0.0,,0.0,0.0,0.0,0.0,0.0,0.0,0.0,0.0,0.0,0.0,,,,,,,
538,Neco Williams,Liverpool,0.0,0.0,,0.0,0.0,0.0,0.0,0.0,,0.0,,,,,,,,,,,,,,,,
539,Nathaniel Phillips,Liverpool,0.0,0.0,,0.0,0.0,0.0,,,,,,,,,,,,,,,,,,,,
540,Takumi Minamino,Liverpool,0.0,0.0,,0.0,0.0,,,,,,,,,,,,,,,,,,,,,
541,Ademola Lookman,Everton,0.0,0.0,0.0,0.0,0.0,0.0,0.0,0.0,0.0,0.0,0.0,0.0,0.0,0.0,0.0,0.0,0.0,0.0,0.0,0.0,0.0,0.0,0.0,0.0,0.0,0.0
542,Maarten Stekelenburg,Everton,0.0,0.0,0.0,0.0,0.0,0.0,0.0,0.0,0.0,0.0,0.0,0.0,0.0,0.0,0.0,0.0,0.0,0.0,0.0,0.0,0.0,0.0,0.0,0.0,0.0,0.0
543,Danilo Luiz da Silva,Man City,0.0,0.0,0.0,0.0,0.0,0.0,0.0,0.0,0.0,0.0,0.0,0.0,0.0,0.0,0.0,0.0,0.0,0.0,0.0,0.0,0.0,0.0,0.0,0.0,0.0,0.0
544,Willy Caballero,Chelsea,0.0,0.0,0.0,0.0,0.0,0.0,0.0,0.0,0.0,0.0,0.0,0.0,0.0,0.0,0.0,0.0,0.0,0.0,0.0,0.0,0.0,0.0,0.0,0.0,0.0,0.0
545,Jose Luis Mato Sanmartín,Newcastle,0.0,0.0,0.0,0.0,0.0,0.0,0.0,0.0,0.0,0.0,0.0,0.0,0.0,0.0,0.0,0.0,0.0,0.0,0.0,0.0,0.0,0.0,0.0,0.0,0.0,0.0
546,Martin Dubravka,Newcastle,0.0,0.0,0.0,0.0,0.0,0.0,0.0,0.0,0.0,0.0,0.0,0.0,0.0,0.0,0.0,0.0,0.0,0.0,0.0,0.0,0.0,0.0,0.0,0.0,0.0,0.0
547,Karl Darlow,Newcastle,0.0,0.0,0.0,0.0,0.0,0.0,0.0,0.0,0.0,0.0,0.0,0.0,0.0,0.0,0.0,0.0,0.0,0.0,0.0,0.0,0.0,0.0,0.0,0.0,0.0,0.0
548,Anthony Knockaert,Brighton,0.0,0.0,0.0,0.0,0.0,0.0,0.0,0.0,0.0,0.0,0.0,0.0,0.0,0.0,0.0,0.0,0.0,0.0,0.0,0.0,0.0,0.0,0.0,0.0,0.0,0.0
549,José Heriberto Izquierdo Mena,Brighton,0.0,0.0,0.0,0.0,0.0,0.0,0.0,0.0,0.0,0.0,0.0,0.0,0.0,0.0,0.0,0.0,0.0,0.0,0.0,0.0,0.0,0.0,0.0,0.0,0.0,0.0
550,Jake Eastwood,Sheffield Utd,0.0,0.0,0.0,0.0,0.0,0.0,0.0,0.0,0.0,0.0,0.0,0.0,0.0,0.0,0.0,0.0,0.0,0.0,0.0,0.0,0.0,0.0,0.0,0.0,0.0,0.0
551,Mark Duffy,Sheffield Utd,0.0,0.0,0.0,0.0,0.0,0.0,0.0,0.0,0.0,0.0,0.0,0.0,0.0,0.0,0.0,0.0,0.0,0.0,0.0,0.0,0.0,0.0,0.0,0.0,0.0,0.0
552,David Button,Brighton,0.0,0.0,0.0,0.0,0.0,0.0,0.0,0.0,0.0,0.0,0.0,0.0,0.0,0.0,0.0,0.0,0.0,0.0,0.0,0.0,0.0,0.0,0.0,0.0,0.0,0.0
553,Simon Moore,Sheffield Utd,0.0,0.0,0.0,0.0,0.0,0.0,0.0,0.0,0.0,0.0,0.0,0.0,0.0,0.0,0.0,0.0,0.0,0.0,0.0,0.0,0.0,0.0,0.0,0.0,0.0,0.0
554,Matthew Clarke,Brighton,0.0,0.0,0.0,0.0,0.0,0.0,0.0,0.0,0.0,0.0,0.0,0.0,0.0,0.0,0.0,0.0,0.0,0.0,0.0,0.0,0.0,0.0,0.0,0.0,0.0,0.0
555,Michael Verrips,Sheffield Utd,0.0,0.0,0.0,0.0,0.0,0.0,0.0,0.0,0.0,0.0,0.0,0.0,0.0,0.0,0.0,0.0,0.0,0.0,0.0,0.0,0.0,0.0,0.0,0.0,0.0,0.0
556,Jack Rodwell,Sheffield Utd,0.0,0.0,0.0,0.0,0.0,,,,,,,,,,,,,,,,,,,,,
557,Jack Robinson,Sheffield Utd,0.0,0.0,,,,,,,,,,,,,,,,,,,,,,,,
558,Leon Balogun,Brighton,0.0,0.0,0.0,0.0,0.0,0.0,0.0,0.0,0.0,0.0,0.0,0.0,0.0,0.0,0.0,0.0,0.0,0.0,0.0,0.0,0.0,0.0,0.0,0.0,0.0,0.0
559,Kayne Ramsay,Southampton,0.0,0.0,0.0,0.0,0.0,0.0,0.0,0.0,0.0,0.0,0.0,0.0,0.0,0.0,0.0,0.0,0.0,0.0,0.0,0.0,0.0,0.0,0.0,0.0,0.0,0.0
560,Charlie Austin,Southampton,0.0,0.0,0.0,0.0,0.0,0.0,0.0,0.0,0.0,0.0,0.0,0.0,0.0,0.0,0.0,0.0,0.0,0.0,0.0,0.0,0.0,0.0,0.0,0.0,0.0,0.0
561,Mihai-Alexandru Dobre,Bournemouth,0.0,0.0,0.0,0.0,0.0,0.0,0.0,0.0,0.0,0.0,,,,,,,,,,,,,,,,
562,Gavin Kilkenny,Bournemouth,0.0,0.0,0.0,0.0,0.0,0.0,0.0,0.0,0.0,0.0,0.0,0.0,0.0,,,,,,,,,,,,,
563,Christian Saydee,Bournemouth,0.0,0.0,0.0,0.0,0.0,0.0,0.0,0.0,0.0,0.0,0.0,0.0,0.0,,,,,,,,,,,,,
564,Sam Gallagher,Southampton,0.0,0.0,0.0,0.0,0.0,0.0,0.0,0.0,0.0,0.0,0.0,0.0,0.0,0.0,0.0,0.0,0.0,0.0,0.0,0.0,0.0,0.0,0.0,0.0,0.0,0.0
565,Fraser Forster,Southampton,0.0,0.0,0.0,0.0,0.0,0.0,0.0,0.0,0.0,0.0,0.0,0.0,0.0,0.0,0.0,0.0,0.0,0.0,0.0,0.0,0.0,0.0,0.0,0.0,0.0,0.0
566,Alex McCarthy,Southampton,0.0,0.0,0.0,0.0,0.0,0.0,0.0,0.0,0.0,0.0,0.0,0.0,0.0,0.0,0.0,0.0,0.0,0.0,0.0,0.0,0.0,0.0,0.0,0.0,0.0,0.0
567,Angus Gunn,Southampton,0.0,0.0,0.0,0.0,0.0,0.0,0.0,0.0,0.0,0.0,0.0,0.0,0.0,0.0,0.0,0.0,0.0,0.0,0.0,0.0,0.0,0.0,0.0,0.0,0.0,0.0
568,Aaron Ramsdale,Bournemouth,0.0,0.0,0.0,0.0,0.0,0.0,0.0,0.0,0.0,0.0,0.0,0.0,0.0,0.0,0.0,0.0,0.0,0.0,0.0,0.0,0.0,0.0,0.0,0.0,0.0,0.0
569,Mohamed Elyounoussi,Southampton,0.0,0.0,0.0,0.0,0.0,0.0,0.0,0.0,0.0,0.0,0.0,0.0,0.0,0.0,0.0,0.0,0.0,0.0,0.0,0.0,0.0,0.0,0.0,0.0,0.0,0.0
570,Mario Lemina,Southampton,0.0,0.0,0.0,0.0,0.0,0.0,0.0,0.0,0.0,0.0,0.0,0.0,0.0,0.0,0.0,0.0,0.0,0.0,0.0,0.0,0.0,0.0,0.0,0.0,0.0,0.0
571,Andrew Surman,Bournemouth,0.0,0.0,0.0,0.0,0.0,0.0,0.0,0.0,0.0,0.0,0.0,0.0,0.0,0.0,0.0,0.0,0.0,0.0,0.0,0.0,0.0,0.0,0.0,0.0,0.0,0.0
572,Tyreke Johnson,Southampton,0.0,0.0,0.0,0.0,0.0,0.0,0.0,0.0,0.0,0.0,0.0,0.0,0.0,0.0,0.0,0.0,0.0,0.0,0.0,0.0,0.0,0.0,0.0,0.0,0.0,0.0
573,Callum Slattery,Southampton,0.0,0.0,0.0,0.0,0.0,0.0,0.0,0.0,0.0,0.0,0.0,0.0,0.0,0.0,0.0,0.0,0.0,0.0,0.0,0.0,0.0,0.0,0.0,0.0,0.0,0.0
574,Jordon Ibe,Bournemouth,0.0,0.0,0.0,0.0,0.0,0.0,0.0,0.0,0.0,0.0,0.0,0.0,0.0,0.0,0.0,0.0,0.0,0.0,0.0,0.0,0.0,0.0,0.0,0.0,0.0,0.0
575,Wesley Hoedt,Southampton,0.0,0.0,0.0,0.0,0.0,0.0,0.0,0.0,0.0,0.0,0.0,0.0,0.0,0.0,0.0,0.0,0.0,0.0,0.0,0.0,0.0,0.0,0.0,0.0,0.0,0.0
576,David Brooks,Bournemouth,0.0,0.0,0.0,0.0,0.0,0.0,0.0,0.0,0.0,0.0,0.0,0.0,0.0,0.0,0.0,0.0,0.0,0.0,0.0,0.0,0.0,0.0,0.0,0.0,0.0,0.0
577,Richard Stearman,Sheffield Utd,0.0,0.0,0.0,0.0,0.0,0.0,0.0,0.0,0.0,0.0,0.0,0.0,0.0,0.0,0.0,0.0,0.0,0.0,0.0,0.0,0.0,0.0,0.0,0.0,0.0,0.0
578,Beram Kayal,Brighton,0.0,0.0,0.0,0.0,0.0,0.0,0.0,0.0,0.0,0.0,0.0,0.0,0.0,0.0,0.0,0.0,0.0,0.0,0.0,0.0,0.0,0.0,0.0,0.0,0.0,0.0
579,Tudor Baluta,Brighton,0.0,0.0,0.0,0.0,0.0,0.0,0.0,0.0,0.0,0.0,0.0,0.0,0.0,0.0,0.0,0.0,0.0,0.0,0.0,0.0,0.0,0.0,,,,
580,Kelland Watts,Newcastle,0.0,0.0,0.0,0.0,0.0,,,,,,,,,,,,,,,,,,,,,
581,Frederick Woodman,Newcastle,0.0,0.0,0.0,0.0,0.0,0.0,0.0,0.0,0.0,0.0,0.0,0.0,0.0,0.0,0.0,0.0,0.0,0.0,0.0,0.0,0.0,0.0,0.0,0.0,0.0,0.0
582,Kepa Arrizabalaga,Chelsea,0.0,0.0,0.0,0.0,0.0,0.0,0.0,0.0,0.0,0.0,0.0,0.0,0.0,0.0,0.0,0.0,0.0,0.0,0.0,0.0,0.0,0.0,0.0,0.0,0.0,0.0
583,Sung-yueng Ki,Newcastle,0.0,0.0,0.0,0.0,0.0,0.0,0.0,0.0,0.0,0.0,0.0,0.0,0.0,0.0,0.0,0.0,0.0,0.0,0.0,0.0,0.0,0.0,0.0,0.0,0.0,0.0
584,Davide Zappacosta,Chelsea,0.0,0.0,0.0,0.0,0.0,0.0,0.0,0.0,0.0,0.0,0.0,0.0,0.0,0.0,0.0,0.0,0.0,0.0,0.0,0.0,0.0,0.0,0.0,0.0,0.0,0.0
585,Abd-Al-Ali Morakinyo Olaposi Koiki,Burnley,0.0,0.0,0.0,0.0,0.0,,,,,,,,,,,,,,,,,,,,,
586,Jack Colback,Newcastle,0.0,0.0,0.0,0.0,0.0,0.0,0.0,0.0,0.0,0.0,0.0,0.0,0.0,0.0,0.0,0.0,0.0,0.0,0.0,0.0,0.0,0.0,0.0,0.0,0.0,0.0
587,Jacob Murphy,Newcastle,0.0,0.0,0.0,0.0,0.0,0.0,0.0,0.0,0.0,0.0,0.0,0.0,0.0,0.0,0.0,0.0,0.0,0.0,0.0,0.0,0.0,0.0,0.0,0.0,0.0,0.0
588,Anthony Driscoll-Glennon,Burnley,0.0,0.0,0.0,0.0,0.0,0.0,0.0,0.0,0.0,0.0,0.0,,,,,,,,,,,,,,,
589,Rolando Aarons,Newcastle,0.0,0.0,0.0,0.0,0.0,0.0,0.0,0.0,0.0,0.0,0.0,0.0,0.0,0.0,0.0,0.0,0.0,0.0,0.0,0.0,0.0,0.0,0.0,0.0,0.0,0.0
590,Mace Goodridge,Burnley,0.0,0.0,0.0,0.0,0.0,0.0,0.0,0.0,0.0,0.0,0.0,,,,,,,,,,,,,,,
591,Bailey Peacock-Farrell,Burnley,0.0,0.0,0.0,0.0,0.0,0.0,0.0,0.0,0.0,0.0,0.0,0.0,0.0,0.0,0.0,0.0,0.0,0.0,0.0,0.0,0.0,0.0,0.0,0.0,0.0,0.0
592,Robert Elliot,Newcastle,0.0,0.0,0.0,0.0,0.0,0.0,0.0,0.0,0.0,0.0,,,,,,,,,,,,,,,,
593,Thomas Allan,Newcastle,0.0,0.0,0.0,0.0,0.0,,,,,,,,,,,,,,,,,,,,,
594,Liam Gibson,Newcastle,0.0,0.0,0.0,,,,,,,,,,,,,,,,,,,,,,,
595,Kieron Freeman,Sheffield Utd,0.0,0.0,0.0,0.0,0.0,0.0,0.0,0.0,0.0,0.0,0.0,0.0,0.0,0.0,0.0,0.0,0.0,0.0,0.0,0.0,0.0,0.0,0.0,0.0,0.0,0.0
596,Nabil Bentaleb,Newcastle,0.0,0.0,,,,,,,,,,,,,,,,,,,,,,,,
597,Timm Klose,Norwich,0.0,0.0,0.0,0.0,0.0,0.0,0.0,0.0,0.0,0.0,0.0,0.0,0.0,0.0,0.0,0.0,0.0,0.0,0.0,0.0,0.0,0.0,0.0,0.0,0.0,0.0
598,Tim Krul,Norwich,0.0,0.0,0.0,0.0,0.0,0.0,0.0,0.0,0.0,0.0,0.0,0.0,0.0,0.0,0.0,0.0,0.0,0.0,0.0,0.0,0.0,0.0,0.0,0.0,0.0,0.0
599,Michael McGovern,Norwich,0.0,0.0,0.0,0.0,0.0,0.0,0.0,0.0,0.0,0.0,0.0,0.0,0.0,0.0,0.0,0.0,0.0,0.0,0.0,0.0,0.0,0.0,0.0,0.0,0.0,0.0
600,Steven Defour,Burnley,0.0,0.0,0.0,0.0,0.0,0.0,0.0,0.0,0.0,0.0,0.0,0.0,0.0,0.0,0.0,0.0,0.0,0.0,0.0,0.0,0.0,0.0,0.0,0.0,0.0,0.0
601,Joe Hart,Burnley,0.0,0.0,0.0,0.0,0.0,0.0,0.0,0.0,0.0,0.0,0.0,0.0,0.0,0.0,0.0,0.0,0.0,0.0,0.0,0.0,0.0,0.0,0.0,0.0,0.0,0.0
602,Ben Gibson,Burnley,0.0,0.0,0.0,0.0,0.0,0.0,0.0,0.0,0.0,0.0,0.0,0.0,0.0,0.0,0.0,0.0,0.0,0.0,0.0,0.0,0.0,0.0,0.0,0.0,0.0,0.0
603,Kevin Long,Burnley,0.0,0.0,0.0,0.0,0.0,0.0,0.0,0.0,0.0,0.0,0.0,0.0,0.0,0.0,0.0,0.0,0.0,0.0,0.0,0.0,0.0,0.0,0.0,0.0,0.0,0.0
604,Patrick Roberts,Norwich,0.0,0.0,0.0,0.0,0.0,0.0,0.0,0.0,0.0,0.0,0.0,0.0,0.0,0.0,0.0,0.0,0.0,0.0,0.0,0.0,0.0,0.0,0.0,0.0,0.0,0.0
605,Ralf Fahrmann,Norwich,0.0,0.0,0.0,0.0,0.0,0.0,0.0,0.0,0.0,0.0,0.0,0.0,0.0,0.0,0.0,0.0,0.0,0.0,0.0,0.0,0.0,0.0,0.0,0.0,0.0,0.0
606,Philip Heise,Norwich,0.0,0.0,0.0,0.0,0.0,0.0,0.0,0.0,0.0,0.0,0.0,0.0,0.0,0.0,0.0,0.0,0.0,0.0,0.0,0.0,0.0,0.0,0.0,0.0,0.0,0.0
607,Archie Mair,Norwich,0.0,0.0,0.0,0.0,0.0,0.0,0.0,0.0,0.0,0.0,0.0,0.0,0.0,0.0,0.0,0.0,0.0,0.0,0.0,,,,,,,
608,Akin Famewo,Norwich,0.0,0.0,0.0,0.0,0.0,0.0,0.0,0.0,0.0,0.0,0.0,0.0,0.0,0.0,0.0,0.0,0.0,0.0,0.0,,,,,,,
609,Bruno André Cavaco Jordao,Wolves,0.0,0.0,0.0,0.0,,,,,,,,,,,,,,,,,,,,,,
