,Name,Team,Creativity per fixture,Creativity per game,Creativity GW26,Creativity GW25,Creativity GW24*,Creativity GW24,Creativity GW23,Creativity GW22,Creativity GW21,Creativity GW20,Creativity GW19,Creativity GW18,Creativity GW17,Creativity GW16,Creativity GW15,Creativity GW14,Creativity GW13,Creativity GW12,Creativity GW11,Creativity GW10,Creativity GW9,Creativity GW8,Creativity GW7,Creativity GW6,Creativity GW5,Creativity GW4,Creativity GW3,Creativity GW2,Creativity GW1
1,Kevin De Bruyne,Man City,53.40800000000001,55.63333333333335,,46.4,,55.6,104.8,40.7,27.3,17.8,13.8,86.6,32.0,80.3,46.9,91.1,38.1,52.1,61.9,91.1,34.8,0.0,33.6,109.4,36.8,26.7,42.3,127.7,37.4
2,Trent Alexander-Arnold,Liverpool,43.29599999999999,43.29599999999999,,2.1,71.8,71.8,34.9,15.2,36.3,37.1,55.3,,18.8,28.9,12.0,30.5,61.9,30.3,53.4,100.3,33.2,69.1,7.7,29.8,102.6,33.3,80.3,29.5,36.3
3,James Maddison,Leicester,40.05199999999999,41.720833333333324,,65.8,,50.2,62.2,24.5,46.3,24.8,1.7,12.1,86.0,76.7,50.5,24.5,51.0,48.3,110.8,20.4,32.6,14.3,0.0,30.9,9.3,19.7,37.0,52.5,49.2
4,Emiliano Buendía,Norwich,38.647999999999996,40.258333333333326,,6.2,,0.0,52.3,29.7,62.2,31.4,72.3,114.1,61.8,72.3,1.8,38.8,0.1,5.6,44.8,25.6,56.8,38.8,45.8,15.3,40.1,5.3,41.8,62.8,40.5
5,João Filipe Iria Santos Moutinho,Wolves,33.91999999999999,33.91999999999999,,57.7,,17.3,17.8,26.4,36.6,20.9,76.2,30.0,68.8,22.8,54.6,48.4,43.8,30.3,56.1,31.4,4.6,16.0,7.3,17.3,58.0,0.9,36.2,38.8,29.8
6,Lucas Digne,Everton,33.903846153846146,35.25999999999999,48.6,1.8,,39.5,66.3,41.9,14.8,0.0,27.5,16.3,18.6,19.9,19.4,53.5,55.8,58.8,57.3,42.5,49.6,26.8,26.4,19.3,40.8,36.5,53.4,29.8,16.4
7,Jack Grealish,Aston Villa,32.808,35.660869565217396,,63.8,,51.3,18.5,15.8,34.9,35.8,33.8,85.3,12.9,35.6,17.5,14.9,75.4,0.0,0.0,2.5,69.2,27.5,36.1,46.3,33.7,3.8,13.5,70.0,22.1
8,Pascal Groß,Brighton,30.923076923076923,34.95652173913044,8.3,57.9,,21.8,18.5,16.8,0.0,0.0,46.3,5.1,59.3,29.8,79.4,28.8,0.0,16.8,41.8,2.5,69.7,58.0,33.5,41.3,69.1,0.8,14.9,72.7,10.9
9,Willian Borges Da Silva,Chelsea,28.66399999999999,29.858333333333324,,1.7,,10.9,58.7,33.1,17.4,91.8,32.9,70.3,47.7,21.6,42.2,7.5,14.2,56.3,54.1,35.3,44.8,41.8,14.2,9.6,6.4,2.8,0.3,1.0,0.0
10,James Ward-Prowse,Southampton,26.204000000000004,26.204000000000004,,53.2,,24.1,26.5,5.7,32.6,55.8,15.4,15.8,8.4,45.8,35.8,4.6,41.3,27.8,1.3,6.1,45.3,25.9,19.8,38.3,30.5,18.6,31.9,29.5,15.1
11,Mason Mount,Chelsea,24.488000000000003,24.488000000000003,,35.7,,5.1,50.7,46.3,17.1,17.5,22.6,16.8,9.9,21.8,8.2,32.9,0.6,33.8,14.4,23.7,19.4,23.4,27.6,16.8,44.8,18.0,30.2,23.1,51.8
12,Gylfi Sigurdsson,Everton,24.01153846153846,27.143478260869564,13.3,30.5,,0.0,0.0,16.7,40.6,33.9,69.3,1.7,0.0,15.8,16.2,16.6,21.8,42.8,1.2,1.4,0.8,28.2,67.3,58.0,14.7,71.6,23.0,25.8,13.1
13,Mohamed Salah,Liverpool,23.884,27.14090909090909,,32.5,47.3,47.3,32.7,40.2,40.2,38.5,15.9,,3.9,51.5,0.0,12.7,0.0,3.3,1.2,15.3,0.0,37.7,13.3,15.3,41.8,38.4,16.6,11.8,39.7
14,Dwight McNeil,Burnley,23.643999999999995,23.643999999999995,,68.8,,1.8,20.0,15.7,30.9,11.6,43.3,4.8,32.8,35.0,0.3,33.9,25.8,66.0,1.3,26.3,17.2,2.3,30.2,35.0,6.3,19.3,30.4,26.8,5.3
15,Andrew Robertson,Liverpool,23.215999999999994,23.215999999999994,,4.8,26.9,26.9,18.6,10.9,66.3,16.5,38.2,,11.3,3.6,26.3,5.7,23.3,29.7,24.1,32.0,33.2,16.9,17.0,16.7,33.7,5.0,49.8,18.3,24.7
16,Riyad Mahrez,Man City,22.872000000000003,27.22857142857143,,27.0,,40.9,1.9,40.8,45.6,33.2,1.7,50.7,3.7,21.1,11.8,9.2,16.9,0.0,0.0,0.0,0.0,4.9,59.7,51.8,18.8,66.3,13.6,1.0,51.2
17,Gerard Deulofeu,Watford,22.47692307692308,22.47692307692308,11.3,22.4,,17.9,15.8,19.4,24.3,72.8,14.5,14.4,3.8,45.3,16.3,2.8,59.3,13.3,26.5,7.6,12.1,11.3,12.9,0.3,92.0,1.0,32.3,29.3,5.5
18,Robert Snodgrass,West Ham,22.264000000000006,27.830000000000005,,30.2,29.3,29.3,25.1,14.3,45.2,14.8,23.8,,32.1,18.4,22.8,42.3,67.7,14.0,73.3,36.5,0.0,0.0,0.0,0.0,0.0,16.2,0.0,5.5,15.8
19,Raheem Sterling,Man City,22.260000000000005,24.19565217391305,,27.8,,9.0,13.5,0.0,0.0,26.2,1.8,36.3,31.4,30.6,8.3,34.8,4.4,4.9,49.6,37.3,41.8,18.1,52.3,0.0,57.8,14.5,12.8,30.6,12.7
20,Adama Traoré,Wolves,22.227999999999994,23.154166666666658,,30.4,,40.3,26.5,26.4,32.5,1.3,46.1,49.9,18.8,3.4,27.3,16.7,34.3,18.8,27.3,33.6,3.7,14.3,20.5,49.8,15.8,1.3,0.8,15.9,0.0
21,Oliver Norwood,Sheffield Utd,22.073076923076922,22.073076923076922,2.8,27.3,,5.5,24.4,40.8,11.3,37.4,43.3,15.2,25.0,1.3,8.2,16.6,23.0,18.2,2.8,4.9,15.7,43.0,19.4,0.8,54.8,17.3,31.8,61.8,21.3
22,Sadio Mané,Liverpool,22.003999999999998,23.917391304347824,,0.0,17.0,17.0,25.5,10.6,15.8,15.5,36.3,,15.2,0.0,28.1,32.9,24.7,22.3,45.7,32.6,36.3,16.5,3.6,3.4,26.0,16.6,51.2,56.0,1.3
23,Ryan Fraser,Bournemouth,21.78846153846155,22.660000000000014,51.2,30.7,,27.8,30.3,54.8,16.9,10.8,16.8,19.0,13.3,26.8,13.6,17.3,16.8,31.3,24.3,37.1,7.6,16.0,0.0,0.1,3.3,42.6,2.0,31.4,24.7
24,Roberto Firmino,Liverpool,21.576,21.576,,43.8,46.4,46.4,36.1,45.4,5.6,4.6,23.3,,13.1,21.9,10.3,3.1,4.0,11.0,45.5,14.8,5.8,26.5,14.9,12.6,49.6,26.9,5.8,7.2,14.8
25,John Fleck,Sheffield Utd,21.27692307692308,24.05217391304348,36.5,27.6,,6.0,22.3,40.4,8.2,2.8,17.8,0.0,8.5,18.9,19.1,35.0,33.5,25.7,16.8,43.3,46.8,11.2,33.0,16.6,39.2,0.0,0.0,15.5,28.5
26,Youri Tielemans,Leicester,20.732,21.59583333333333,,27.3,,16.1,6.5,11.0,26.3,0.0,3.8,12.3,21.9,25.8,14.7,20.7,13.9,44.6,17.5,47.5,37.2,4.3,25.3,29.3,9.7,31.9,35.2,4.8,30.7
27,Raúl Jiménez,Wolves,20.068,20.068,,2.0,,36.3,6.9,5.4,4.7,10.3,38.2,26.2,17.4,44.8,27.1,29.8,24.2,46.3,14.4,32.3,3.6,31.0,12.0,41.6,5.3,2.8,24.4,2.5,12.2
28,Ashley Westwood,Burnley,19.984,22.70909090909091,,43.9,,1.8,2.3,2.1,51.6,37.3,19.5,12.8,26.6,0.0,0.0,0.0,9.6,16.8,18.8,3.2,31.9,39.4,19.6,50.3,32.4,15.3,30.3,22.6,11.5
29,Mesut Özil,Arsenal,19.964000000000002,33.27333333333333,,27.8,,3.1,53.3,5.0,17.8,36.7,50.8,0.0,13.8,31.3,35.2,71.3,60.7,18.7,54.8,0.0,0.0,0.0,0.0,0.0,18.8,0.0,0.0,0.0,0.0
30,Ilkay Gündogan,Man City,19.216000000000005,21.83636363636364,,33.9,,0.0,42.6,0.9,23.1,3.8,2.2,14.8,19.6,11.3,0.0,26.3,10.3,36.0,42.4,31.8,42.3,41.2,14.8,0.0,23.3,2.3,13.4,40.3,3.8
31,David Silva,Man City,18.928,26.288888888888888,,0.0,,0.0,17.5,65.8,1.5,0.0,0.0,0.0,0.0,49.3,51.9,50.4,17.7,0.0,5.7,31.8,27.9,17.2,0.3,21.9,9.6,42.4,29.4,0.6,32.3
32,Frederico Rodrigues de Paula Santos,Man Utd,18.523999999999997,22.05238095238095,,32.2,,28.4,27.9,8.5,19.3,4.2,47.1,50.3,52.0,22.2,21.5,39.9,6.5,19.1,38.5,2.8,2.2,8.0,10.8,21.3,0.4,0.0,0.0,0.0,0.0
33,Bernardo Mota Veiga de Carvalho e Silva,Man City,18.34,21.833333333333332,,12.1,,0.0,43.7,0.0,0.0,40.9,3.4,17.9,14.2,26.4,43.2,1.3,0.0,24.3,25.1,47.8,42.5,4.9,0.3,33.0,33.2,1.1,21.8,21.4,0.0
34,Manuel Lanzini,West Ham,17.756000000000004,23.363157894736847,,0.1,21.1,21.1,5.9,4.2,12.0,32.9,40.8,,0.0,0.0,0.0,0.0,0.0,11.1,27.0,15.2,9.3,7.3,22.0,0.0,16.8,59.4,82.1,48.8,6.8
35,Jordan Henderson,Liverpool,17.6,18.333333333333332,,21.7,52.3,52.3,15.8,20.1,53.9,14.0,8.5,,12.7,30.9,16.7,3.0,18.2,16.2,32.5,17.7,7.6,1.6,8.7,2.6,0.0,16.8,6.7,3.3,6.2
36,Enda Stevens,Sheffield Utd,17.5,17.5,32.5,5.3,,20.1,30.4,18.0,3.4,28.3,24.4,27.4,16.7,7.8,31.3,17.7,18.6,17.4,26.2,13.8,2.8,7.7,47.4,1.7,23.7,12.3,3.8,13.2,3.1
37,César Azpilicueta,Chelsea,17.292,18.795652173913044,,7.8,,23.6,15.6,13.9,3.3,13.8,5.3,3.1,55.8,33.1,34.6,0.0,13.3,0.0,8.0,13.2,5.3,2.2,12.1,54.9,12.5,31.6,22.0,30.5,16.8
38,Leandro Trossard,Brighton,16.78846153846154,21.825000000000003,3.3,39.1,,0.8,16.7,16.7,42.7,45.6,10.8,1.2,17.9,31.0,0.5,12.0,14.3,28.8,53.7,14.3,0.0,0.0,0.0,0.0,0.0,3.8,81.0,2.3,0.0
39,Luka Milivojevic,Crystal Palace,16.78076923076923,19.831818181818182,0.9,27.3,,0.0,0.0,0.0,3.9,35.3,18.3,26.7,15.8,11.7,17.9,7.3,11.7,15.5,15.1,3.4,1.6,0.0,22.2,20.1,32.8,101.3,10.9,21.8,14.8
40,Nicolas Pépé,Arsenal,16.776,19.97142857142857,,0.0,,1.7,29.1,16.0,53.6,0.3,1.3,0.0,12.9,7.7,14.8,0.0,1.7,1.1,0.0,67.0,35.8,19.6,6.0,61.8,14.2,29.2,17.7,26.3,1.6
41,Andreas Pereira,Man Utd,16.716,18.995454545454546,,6.3,,13.8,12.2,38.5,12.8,47.7,27.1,0.0,0.0,14.5,0.4,34.1,3.3,36.1,11.7,45.5,31.9,5.0,22.3,17.8,13.3,3.2,0.0,0.3,20.1
42,Wilfried Zaha,Crystal Palace,16.411538461538463,16.411538461538463,21.3,37.3,,16.8,11.7,19.3,21.9,12.1,24.8,7.3,16.2,14.1,14.3,29.5,9.7,11.9,22.2,6.6,14.8,14.9,58.7,6.5,2.2,15.0,2.0,14.8,0.8
43,Heung-Min Son,Spurs,16.155999999999995,20.194999999999997,,2.3,,3.7,45.6,2.7,0.0,0.0,0.0,1.3,3.3,53.2,5.4,51.2,37.0,29.5,12.8,2.5,4.7,2.4,34.8,36.2,15.4,24.7,35.2,0.0,0.0
44,Anwar El Ghazi,Aston Villa,16.040000000000003,18.22727272727273,,24.7,,42.8,6.8,3.8,0.0,5.1,5.2,28.9,30.8,31.3,0.0,14.0,24.5,31.1,26.2,0.3,3.3,36.0,2.0,30.1,37.2,0.0,0.5,11.1,5.3
45,Felipe Anderson Pereira Gomes,West Ham,15.856,20.86315789473684,,0.0,0.0,0.0,0.0,29.4,2.9,38.9,3.4,,0.0,15.1,38.7,6.6,1.1,9.6,53.8,8.3,4.3,16.4,27.8,27.0,33.9,37.3,40.3,0.0,1.6
46,Benjamin Chilwell,Leicester,15.748000000000001,19.685000000000002,,16.1,,9.6,0.0,15.0,9.3,0.0,2.8,1.0,29.3,36.0,0.0,28.9,31.7,27.3,13.0,76.8,5.6,4.7,27.2,12.6,4.5,25.6,0.0,0.0,16.7
47,Abdoulaye Doucouré,Watford,15.642307692307694,16.268,12.8,14.6,,15.8,18.6,38.4,24.4,4.9,0.0,2.5,33.5,2.6,4.7,12.8,25.0,2.8,29.2,13.3,11.7,7.5,5.3,1.0,39.8,3.7,46.5,12.2,23.1
48,Diego Rico,Bournemouth,15.492307692307692,19.18095238095238,17.9,4.9,,1.1,19.0,0.0,0.9,11.8,0.0,6.6,29.0,1.0,27.3,31.3,15.6,1.8,9.9,16.5,39.3,19.2,86.3,15.0,31.8,0.0,0.0,0.0,16.6
49,Aaron Mooy,Brighton,15.357692307692307,21.01578947368421,20.6,3.1,,68.8,5.7,0.0,31.3,68.3,13.3,32.8,21.0,4.5,38.1,15.9,42.3,0.0,0.0,0.0,1.5,14.9,0.8,15.0,0.9,0.0,0.0,0.5,0.0
50,Nathan Redmond,Southampton,15.196000000000002,16.51739130434783,,15.7,,40.0,30.3,33.5,27.0,12.7,1.0,28.6,1.8,3.4,13.7,3.4,23.3,3.4,23.5,2.6,5.0,2.3,18.8,40.4,0.0,0.0,23.5,22.9,3.1
51,Marcus Rashford,Man Utd,15.176000000000002,17.245454545454546,,0.0,,0.0,0.0,9.4,3.8,9.3,8.4,39.0,16.3,11.9,3.9,17.1,20.1,28.0,24.9,29.3,12.0,24.2,23.1,12.5,16.0,21.8,18.3,25.2,4.9
52,John McGinn,Aston Villa,15.012,20.85,,0.0,,0.0,0.0,0.0,0.0,0.0,0.0,1.1,38.7,21.5,32.9,32.0,14.8,17.2,17.9,2.1,37.8,18.2,23.8,12.0,14.1,30.6,16.8,30.4,13.4
53,Pierre-Emile Højbjerg,Southampton,14.94,15.5625,,3.0,,14.0,2.8,1.8,15.4,22.9,11.3,12.1,32.4,4.4,37.3,18.7,22.6,0.0,1.3,33.8,31.8,30.2,8.0,6.8,39.3,14.5,2.8,5.2,1.1
54,Todd Cantwell,Norwich,14.888000000000002,14.888000000000002,,23.1,,21.7,22.3,8.4,14.6,0.5,5.8,4.9,3.2,12.7,15.1,21.8,11.9,14.2,1.3,11.3,13.8,37.3,2.5,15.5,12.8,3.1,2.2,58.3,33.9
55,Daniel James,Man Utd,14.843999999999996,15.462499999999997,,11.8,,5.9,2.8,1.7,1.8,16.5,0.0,11.3,40.8,42.6,6.3,27.6,17.7,23.0,37.5,28.4,26.2,3.7,3.4,16.5,1.4,33.0,4.3,6.4,0.5
56,Serge Aurier,Spurs,14.819999999999999,18.525,,1.4,,45.5,32.9,40.3,17.6,3.2,12.8,17.6,1.4,2.6,6.7,28.5,26.3,28.0,11.7,14.1,23.9,0.0,1.0,26.2,28.8,0.0,0.0,0.0,0.0
57,N'Golo Kanté,Chelsea,14.767999999999999,21.71764705882353,,12.3,,13.7,16.3,0.0,48.3,3.8,23.1,18.1,16.8,43.9,57.3,23.8,30.2,36.5,0.0,0.0,0.0,2.3,0.0,3.5,0.0,0.0,0.0,18.4,0.9
58,Harvey Barnes,Leicester,14.572000000000003,15.839130434782613,,17.9,,45.2,35.7,1.7,0.0,11.3,11.4,13.2,5.5,1.3,6.2,5.4,28.3,19.0,1.3,50.3,38.4,0.8,23.9,23.3,1.3,15.7,5.1,0.0,2.1
59,Jonjo Shelvey,Newcastle,14.184000000000001,23.64,,0.0,,0.0,35.4,0.0,37.8,29.5,0.0,15.7,0.0,46.6,21.0,11.0,16.8,39.8,5.7,0.0,0.0,0.0,0.0,48.4,1.6,0.0,0.0,40.5,4.8
60,Rodrigo Hernandez,Man City,14.136,15.365217391304347,,16.2,,28.2,0.7,16.8,3.8,29.8,2.6,1.9,15.8,28.7,10.8,1.3,12.2,4.7,0.0,0.0,14.8,50.2,24.9,14.3,27.7,18.7,2.0,24.2,3.1
61,Ricardo Domingos Barbosa Pereira,Leicester,13.999999999999998,14.58333333333333,,2.5,,35.1,28.3,1.8,9.8,0.0,1.6,0.7,9.5,28.6,15.9,29.7,5.1,16.8,2.2,7.4,67.7,3.3,18.4,12.3,2.9,13.7,3.3,7.2,26.2
62,Christian Eriksen,Spurs,13.956000000000001,17.445,,0.0,,12.5,2.0,49.7,19.8,32.2,1.9,1.8,14.0,0.0,11.6,0.0,0.1,0.0,9.1,6.4,0.0,5.3,37.6,5.4,29.7,28.7,26.6,13.7,40.8
63,Richarlison de Andrade,Everton,13.842307692307694,14.995833333333335,16.4,21.8,,0.0,0.0,15.6,2.0,35.5,14.1,22.3,13.5,4.5,11.8,33.3,1.8,12.8,4.2,23.8,18.3,11.4,1.6,17.3,40.9,13.3,3.0,0.4,20.3
64,Matt Targett,Aston Villa,13.84,20.352941176470587,,21.9,,27.7,17.2,0.0,0.0,4.6,16.4,27.9,15.4,43.8,6.3,21.7,13.3,1.0,14.6,19.0,44.7,33.3,17.2,0.0,0.0,0.0,0.0,0.0,0.0
65,Pierre-Emerick Aubameyang,Arsenal,13.404000000000002,14.569565217391306,,31.0,,0.0,0.0,2.2,18.9,12.8,7.7,3.8,0.3,26.1,21.3,22.3,11.1,30.3,10.6,12.4,4.7,12.8,25.7,1.6,2.2,26.6,25.3,18.9,6.5
66,Jorge Luiz Frello Filho,Chelsea,13.095999999999998,14.234782608695651,,1.3,,29.9,23.4,2.3,1.8,3.7,22.4,14.5,14.0,0.0,0.0,2.6,3.2,0.0,36.3,3.9,20.2,3.6,42.4,17.8,38.8,22.4,13.6,5.0,4.3
67,Mateo Kovacic,Chelsea,13.040000000000003,14.81818181818182,,1.6,,16.3,0.0,0.0,11.3,4.8,0.0,15.3,5.8,32.4,45.8,18.5,22.8,16.6,24.4,16.3,3.0,0.6,21.2,4.3,4.3,4.8,26.5,0.4,29.0
68,Sébastien Haller,West Ham,12.896,13.433333333333335,,22.3,36.2,36.2,14.3,6.3,4.3,12.7,3.0,,11.8,0.3,1.5,0.6,3.3,3.7,16.7,27.8,14.6,3.9,44.1,4.7,37.4,6.6,2.3,0.0,7.8
69,Ryan Bertrand,Southampton,12.872,16.09,,22.5,,18.1,30.6,30.3,15.6,2.4,0.8,24.8,9.4,5.9,6.4,8.8,22.2,0.0,0.0,0.0,25.8,10.9,52.8,26.7,0.0,0.0,0.0,1.1,6.7
70,Callum Wilson,Bournemouth,12.869230769230771,13.384000000000004,27.7,11.5,,24.3,3.4,8.6,25.0,0.0,11.2,5.3,0.0,0.6,11.3,13.4,13.4,2.5,22.3,4.4,14.6,22.7,12.3,0.8,1.0,23.4,20.5,52.1,2.3
71,Ayoze Pérez,Leicester,12.836000000000002,14.586363636363638,,22.8,,18.7,19.3,5.0,55.4,27.4,0.4,11.7,0.0,0.0,14.2,4.2,21.6,7.3,5.8,15.6,5.9,10.3,21.7,12.4,2.8,0.0,24.7,10.1,3.6
72,Ashley Young,Man Utd,12.663999999999998,26.38333333333333,,0.0,,0.0,0.0,0.0,0.0,1.3,0.0,0.0,0.0,0.0,12.4,0.0,0.0,0.0,17.2,16.8,5.1,88.1,39.3,10.0,29.7,14.4,82.3,0.0,0.0
73,Joelinton Cássio Apolinário de Lira,Newcastle,12.636000000000001,12.636000000000001,,2.8,,2.9,5.0,5.6,1.7,25.0,38.8,4.3,28.4,2.9,0.6,11.8,25.7,12.8,14.2,13.2,5.2,12.3,1.3,23.8,24.4,14.1,24.3,12.3,2.5
74,Kenny McLean,Norwich,12.440000000000003,12.958333333333336,,15.5,,1.3,15.1,4.1,18.9,1.7,26.8,3.4,5.7,22.2,7.0,18.2,73.9,26.4,3.3,3.6,12.9,13.9,2.0,3.0,1.1,28.8,1.6,0.0,0.6
75,Callum Hudson-Odoi,Chelsea,12.420000000000002,18.264705882352946,,8.0,,40.5,40.0,40.7,4.9,3.8,18.7,0.0,10.6,1.6,0.3,3.3,0.0,0.3,1.3,15.8,72.0,34.8,13.9,0.0,0.0,0.0,0.0,0.0,0.0
76,Teemu Pukki,Norwich,12.372,12.887500000000001,,2.6,,31.9,13.8,0.0,1.0,1.0,2.6,3.5,12.7,14.0,12.3,11.6,11.3,38.1,14.0,2.3,13.8,31.1,33.0,2.4,10.8,0.9,10.8,12.6,21.2
77,Davy Pröpper,Brighton,12.315384615384614,13.921739130434782,16.2,31.8,,25.0,4.4,11.3,3.2,12.7,0.0,13.0,15.7,5.3,3.2,4.8,4.3,2.6,29.0,16.9,29.6,0.0,0.0,44.8,12.9,1.4,2.7,13.1,16.3
78,Diogo Jota,Wolves,12.18,14.5,,33.0,,0.3,0.0,0.0,11.8,0.9,14.5,5.7,25.7,5.8,18.5,10.0,41.6,8.0,48.3,5.5,11.2,0.0,0.0,18.0,4.8,0.8,14.5,13.3,12.3
79,John Lundstram,Sheffield Utd,12.130769230769232,12.616000000000001,0.6,12.5,,0.1,1.5,11.7,5.1,0.0,5.6,4.3,31.1,23.3,16.2,7.8,7.3,15.8,15.9,12.8,13.4,27.5,16.3,15.4,14.0,2.4,9.1,18.5,27.2
80,Emerson Palmieri dos Santos,Chelsea,11.936,21.314285714285713,,0.0,,73.4,1.0,0.0,0.0,1.0,29.5,0.0,5.5,0.0,0.0,42.3,7.1,13.3,26.4,0.0,0.0,0.0,0.0,0.1,0.0,3.4,53.7,22.0,19.7
81,Aaron Wan-Bissaka,Man Utd,11.8,13.409090909090908,,32.8,,53.2,22.6,8.3,6.3,0.0,22.9,1.6,3.8,10.9,2.6,16.7,5.2,12.2,2.8,4.2,12.7,0.0,0.0,2.4,12.4,13.2,21.1,11.0,16.1
82,Benjamin Mendy,Man City,11.784000000000002,26.78181818181819,,0.0,,0.0,75.8,34.3,37.7,0.0,11.0,55.3,20.8,0.0,0.0,28.3,6.5,0.0,0.0,7.8,12.8,0.0,0.0,4.3,0.0,0.0,0.0,0.0,0.0
83,Maximillian Aarons,Norwich,11.68,12.695652173913043,,28.2,,6.6,21.1,2.1,30.3,2.3,46.8,2.8,15.8,4.3,30.7,1.8,11.4,3.7,0.8,22.4,12.5,14.0,4.4,0.0,0.0,12.3,2.1,14.2,1.4
84,Harry Kane,Spurs,11.644000000000005,14.555000000000007,,0.0,,0.0,0.0,0.0,30.5,24.4,17.8,16.5,12.1,30.0,5.9,24.8,12.5,11.5,0.0,10.8,2.8,28.8,1.3,2.9,18.0,11.8,2.8,1.8,24.1
85,Lucas Rodrigues Moura da Silva,Spurs,11.539999999999997,12.543478260869563,,11.0,,26.8,23.4,31.9,2.7,14.3,7.8,1.1,47.3,15.5,15.2,0.1,14.3,0.6,3.1,0.3,14.6,11.4,0.0,1.7,0.1,0.0,5.8,0.1,39.4
86,Jordan Ayew,Crystal Palace,11.465384615384616,11.924000000000001,4.3,23.0,,13.2,2.2,12.9,19.8,2.6,38.8,46.8,15.2,4.4,2.1,3.1,13.3,3.9,3.4,12.5,2.7,2.1,26.6,1.8,13.6,14.9,2.1,0.0,12.8
87,Djibril Sidibé,Everton,11.323076923076927,16.35555555555556,24.3,21.1,,18.8,3.7,3.2,20.1,31.2,44.8,6.3,0.0,35.9,0.2,19.3,9.4,15.3,3.2,15.5,20.6,1.5,0.0,0.0,0.0,0.0,0.0,0.0,0.0
88,Anthony Martial,Man Utd,11.308000000000003,14.878947368421057,,16.1,,34.6,6.1,3.6,25.1,7.5,14.3,41.1,13.5,12.3,0.0,2.8,6.0,44.0,3.9,16.8,0.3,0.0,0.0,0.0,0.0,0.0,13.1,3.3,18.3
89,Bamidele Alli,Spurs,11.267999999999999,15.649999999999999,,0.6,,5.8,26.7,12.1,13.2,28.6,14.3,3.1,14.8,24.1,23.6,15.9,24.3,26.3,17.4,2.3,27.7,0.0,0.0,0.0,0.0,0.9,0.0,0.0,0.0
90,James McArthur,Crystal Palace,11.253846153846156,11.704000000000002,14.0,27.8,,1.3,11.5,3.1,3.3,1.4,9.6,14.3,2.3,2.3,33.3,7.2,20.9,0.8,3.5,25.8,22.5,2.1,24.9,23.1,0.0,22.1,0.8,3.1,11.6
91,Juan Mata,Man Utd,11.199999999999998,17.499999999999996,,11.6,,68.1,6.5,44.1,16.3,0.0,22.7,19.7,11.1,0.0,0.0,13.2,0.0,0.0,0.0,0.0,0.0,2.8,0.0,14.3,13.2,34.1,0.7,0.7,0.9
92,Christian Pulisic,Chelsea,10.876000000000001,16.993750000000002,,0.0,,0.0,0.0,0.0,13.2,0.0,1.3,0.0,2.0,12.1,24.6,29.3,16.6,38.1,10.3,40.8,14.3,13.5,0.0,0.0,0.0,4.1,36.4,3.5,11.8
93,George Baldock,Sheffield Utd,10.811538461538463,10.811538461538463,7.3,2.3,,15.1,0.9,20.4,0.8,2.1,16.7,12.0,7.4,15.5,38.6,20.0,4.3,6.6,10.4,1.2,5.8,10.0,15.2,1.0,26.7,5.9,22.8,8.3,3.8
94,Aaron Cresswell,West Ham,10.8,14.210526315789474,,16.8,23.8,23.8,59.3,24.1,23.1,0.0,26.7,,3.3,2.5,3.6,16.1,12.9,13.5,7.8,3.8,0.0,1.3,3.9,2.2,0.0,0.0,0.0,0.0,1.5
95,Rúben Diogo da Silva Neves,Wolves,10.64,10.64,,5.3,,16.7,0.6,3.8,3.1,0.8,46.3,14.7,25.6,26.7,3.5,6.8,12.5,32.5,13.1,5.0,0.7,0.7,0.4,0.9,2.3,5.5,26.3,1.4,10.8
96,Tammy Abraham,Chelsea,10.616000000000003,11.058333333333337,,10.9,,11.9,1.8,11.1,12.4,1.1,2.7,2.2,18.3,4.4,23.0,0.0,22.7,1.8,13.2,12.3,2.6,10.3,28.3,0.8,1.9,46.8,12.5,11.6,0.8
97,Alexandre Lacazette,Arsenal,10.552,14.655555555555557,,16.0,,2.9,11.5,21.9,26.8,2.8,25.7,0.0,0.0,0.0,22.8,17.1,25.4,2.3,36.9,16.2,11.1,0.0,0.0,0.0,0.0,12.1,0.5,11.8,0.0
98,Jonathan Castro Otto,Wolves,10.504000000000003,10.94166666666667,,1.8,,2.3,11.0,3.9,2.3,11.9,32.6,3.3,4.8,22.7,19.8,13.3,24.4,2.1,35.9,22.9,2.9,0.0,3.3,16.7,4.3,0.0,5.3,2.8,12.3
99,Jesse Lingard,Man Utd,10.471999999999998,13.089999999999998,,0.6,,1.9,0.0,0.0,15.3,0.9,18.6,4.1,32.3,2.2,46.3,1.9,43.6,2.6,22.7,11.1,0.0,0.0,13.5,0.8,0.0,12.2,14.3,3.6,13.3
100,Alex Iwobi,Everton,10.280769230769234,15.72352941176471,0.0,13.5,,0.0,0.0,0.0,0.0,0.0,0.0,0.3,3.1,19.5,31.9,16.3,22.4,13.9,13.8,4.5,27.3,18.9,31.8,13.3,14.3,15.7,6.8,0.0,0.0
101,Martín Montoya,Brighton,10.234615384615388,12.671428571428574,0.0,30.6,,0.0,0.3,11.7,12.6,3.3,0.0,26.7,19.1,0.0,0.2,16.7,2.7,0.5,29.1,2.5,18.8,4.1,25.3,4.1,0.0,17.4,1.8,26.0,12.6
102,Oleksandr Zinchenko,Man City,10.116,22.99090909090909,,5.3,,12.3,0.0,0.0,0.0,36.7,0.0,0.0,1.3,0.0,0.0,0.0,0.0,0.0,0.0,0.0,0.0,49.0,18.4,0.0,14.6,7.2,65.3,17.8,25.0
103,Conor Hourihane,Aston Villa,10.076,15.743750000000002,,0.0,,0.0,14.2,12.0,0.1,47.5,11.2,2.8,0.0,0.0,0.9,2.7,41.7,0.0,0.6,0.0,30.4,36.3,14.6,1.0,0.0,25.1,0.0,0.0,10.8
104,Mahmoud Ahmed Ibrahim Hassan,Aston Villa,9.952000000000002,11.30909090909091,,0.0,,25.3,11.8,15.1,26.4,0.0,27.9,18.5,0.0,1.4,0.9,1.3,0.0,15.6,2.3,12.0,17.0,0.3,14.3,24.0,0.0,1.2,11.5,7.6,14.4
105,Patrick van Aanholt,Crystal Palace,9.934615384615386,13.594736842105263,6.1,11.2,,0.0,0.0,0.0,0.0,0.0,17.4,66.3,0.0,0.0,0.8,1.8,15.9,12.2,1.8,26.8,17.1,24.3,18.7,3.2,1.3,17.4,1.1,14.4,0.5
106,Danny Ings,Southampton,9.920000000000002,9.920000000000002,,31.4,,0.0,1.9,11.4,1.3,2.5,0.2,17.0,11.7,3.3,21.8,26.6,11.3,0.6,1.7,1.8,10.9,10.8,12.6,10.3,0.7,14.8,31.6,0.8,11.0
107,Ryan Fredericks,West Ham,9.876000000000001,12.994736842105265,,5.9,0.0,0.0,0.0,0.0,29.7,16.3,0.0,,14.3,12.8,3.7,1.6,21.3,12.7,2.1,0.0,1.4,57.3,13.3,3.8,22.4,12.0,2.9,11.6,1.8
108,Pablo Fornals,West Ham,9.808,10.216666666666667,,0.3,3.9,3.9,5.1,1.0,10.1,18.5,13.1,,32.8,21.1,17.9,13.4,3.1,6.6,0.0,14.3,5.2,0.8,41.3,14.9,11.8,0.8,1.1,2.8,1.4
109,Kyle Walker,Man City,9.568000000000001,12.589473684210528,,19.4,,4.3,0.0,0.0,0.0,7.1,15.7,14.8,3.1,16.8,9.3,23.2,0.0,2.3,28.1,0.0,0.0,3.1,18.8,2.8,8.5,3.8,4.3,30.5,23.3
110,Joshua King,Bournemouth,9.546153846153846,14.6,0.0,0.0,,0.0,0.0,0.0,0.0,12.8,4.6,4.8,10.9,0.0,0.0,0.0,0.0,19.9,21.1,25.6,20.8,13.0,17.0,3.2,42.9,22.5,13.2,3.5,12.4
111,Neal Maupay,Brighton,9.407692307692308,9.783999999999999,11.0,0.0,,23.8,13.0,2.8,16.6,16.2,0.4,1.6,4.1,2.3,13.4,0.8,12.1,2.8,4.1,26.1,26.9,24.0,4.1,4.2,2.9,12.0,10.8,5.8,2.8
112,Bernard Anício Caldeira Duarte,Everton,9.299999999999999,15.112499999999999,2.3,0.0,,27.5,3.8,51.6,0.0,0.0,37.8,0.0,14.0,0.5,17.0,0.0,0.0,0.0,0.0,0.7,12.8,0.0,0.0,12.6,4.6,1.5,1.7,34.9,18.5
113,Matteo Guendouzi,Arsenal,9.260000000000002,11.023809523809526,,3.9,,1.5,0.0,0.9,0.3,2.2,0.0,0.0,6.8,2.3,0.0,15.4,19.8,12.6,12.8,22.5,15.1,20.4,4.5,37.8,14.9,18.1,1.4,3.9,14.4
114,Dan Burn,Brighton,9.16923076923077,10.836363636363638,3.6,0.0,,0.0,0.0,0.0,0.0,1.3,0.8,19.9,14.4,6.6,12.4,17.1,17.3,1.5,13.8,1.9,21.8,25.8,1.1,22.4,16.0,1.5,12.6,25.3,1.3
115,Mark Noble,West Ham,9.044,10.277272727272727,,22.7,3.9,3.9,27.1,2.3,14.4,0.0,14.2,,3.3,14.8,6.1,1.4,22.9,0.1,1.6,4.1,15.2,14.8,2.8,14.8,4.5,18.7,12.5,0.0,0.0
116,Erik Lamela,Spurs,8.963999999999999,14.939999999999998,,1.7,,2.9,13.5,0.5,0.8,2.2,0.0,0.0,0.0,0.0,0.0,0.0,0.0,0.0,0.0,0.0,27.2,24.9,11.8,39.6,19.2,11.9,14.5,15.1,38.3
117,Jamie Vardy,Leicester,8.916000000000002,9.69130434782609,,16.7,,5.3,1.3,20.8,0.0,0.0,1.6,15.5,5.3,21.7,3.3,16.7,12.8,21.8,0.9,3.0,16.5,1.8,12.8,11.2,11.3,13.6,1.8,2.3,4.9
118,Chris Wood,Burnley,8.868,9.63913043478261,,43.5,,13.2,2.2,13.1,24.3,2.1,0.8,1.7,3.4,1.7,11.6,15.6,11.8,1.3,0.0,0.0,17.7,1.1,1.3,14.4,0.4,13.2,13.8,12.8,0.7
119,Sergio Agüero,Man City,8.824,11.610526315789473,,5.0,,20.6,2.2,25.3,0.0,5.1,1.3,0.0,0.0,0.0,0.0,0.0,22.3,1.7,1.1,0.3,0.0,12.6,2.8,38.1,13.3,23.1,34.6,10.9,0.3
120,Ahmed El Mohamady,Aston Villa,8.756,19.900000000000002,,0.0,,0.0,0.0,30.5,0.0,17.3,17.1,0.0,0.0,30.8,34.9,0.0,0.0,0.0,0.1,0.0,0.0,0.0,0.0,14.5,1.8,0.0,0.3,70.6,1.0
121,Ismaïla Sarr,Watford,8.715384615384616,14.162500000000001,0.0,0.0,,0.0,56.3,24.3,26.0,17.4,5.2,0.6,17.8,28.3,16.6,1.8,0.8,0.0,0.0,0.0,0.0,0.5,13.3,0.7,15.8,0.0,1.2,0.0,0.0
122,Dale Stephens,Brighton,8.711538461538462,9.847826086956522,0.0,13.3,,2.2,13.0,6.7,0.0,0.7,12.4,16.6,0.0,14.3,22.8,14.2,4.1,2.1,15.0,4.8,25.2,4.0,2.7,25.6,7.8,1.8,3.3,2.6,11.3
123,Granit Xhaka,Arsenal,8.675999999999998,11.415789473684208,,13.3,,1.0,7.5,1.8,7.3,0.0,41.3,4.3,0.0,9.2,22.8,4.3,0.0,0.0,0.0,13.1,4.0,2.3,2.7,16.5,2.0,37.1,2.2,0.0,24.2
124,Fabio Henrique Tavares,Liverpool,8.644000000000002,13.506250000000003,,12.1,2.6,2.6,0.0,0.0,0.0,0.0,0.0,,0.0,0.0,0.0,0.0,6.3,1.1,0.0,33.0,24.6,6.7,16.5,16.4,18.3,12.8,51.0,0.3,11.8
125,Roberto Pereyra,Watford,8.630769230769232,11.220000000000002,1.5,2.3,,15.4,0.6,4.2,0.0,0.0,11.8,10.8,0.0,14.3,0.0,0.0,0.0,12.4,14.6,4.4,12.3,13.0,37.5,1.4,21.9,35.4,0.0,7.3,3.3
126,Paul Pogba,Man Utd,8.624,30.800000000000004,,0.0,,0.0,0.0,0.0,0.0,0.0,29.3,18.3,0.0,0.0,0.0,0.0,0.0,0.0,0.0,0.0,0.0,0.0,27.8,0.0,0.0,47.5,27.6,17.3,47.8
127,Troy Deeney,Watford,8.542307692307693,14.806666666666668,1.8,15.0,,14.4,25.1,43.5,23.8,36.8,1.3,4.9,13.6,13.1,1.2,0.0,0.3,0.0,0.0,0.0,0.0,0.0,0.0,0.0,0.0,0.0,0.0,12.8,14.5
128,Declan Rice,West Ham,8.508000000000001,8.508000000000001,,11.3,25.4,25.4,2.9,1.6,11.9,27.1,6.3,,14.8,3.7,5.0,2.8,1.4,11.5,6.4,3.8,11.3,3.3,2.7,2.2,15.2,1.2,1.8,11.9,1.8
129,Scott McTominay,Man Utd,8.448,12.423529411764704,,0.0,,0.0,0.0,0.0,0.0,0.0,22.3,2.2,46.3,0.7,1.8,0.0,0.0,21.8,14.2,5.7,1.7,13.6,12.0,14.6,2.4,32.2,14.6,3.9,1.2
130,Georginio Wijnaldum,Liverpool,8.384,8.733333333333333,,11.8,20.2,20.2,13.6,6.9,6.3,2.8,9.3,,1.8,0.0,15.1,13.3,13.3,3.1,14.2,4.0,2.8,2.1,6.5,2.9,10.3,13.2,8.3,2.4,5.2
131,Gabriel Fernando de Jesus,Man City,8.344000000000001,9.933333333333335,,1.9,,11.2,16.3,20.8,24.7,10.4,0.0,2.1,12.9,3.9,1.5,12.6,1.3,0.7,12.8,23.6,24.5,2.3,6.7,0.0,12.8,0.0,0.0,0.8,4.8
132,Andriy Yarmolenko,West Ham,8.336000000000002,13.893333333333338,,0.0,0.0,0.0,0.0,0.0,0.0,0.0,0.0,,0.4,0.0,1.3,0.1,1.2,17.5,0.6,48.6,14.8,18.6,29.3,14.8,12.8,24.3,22.8,1.3,0.0
133,Miguel Almirón,Newcastle,8.304000000000002,8.650000000000002,,12.4,,2.3,6.3,4.6,1.5,1.8,10.3,7.9,0.0,17.2,1.8,12.9,22.5,25.7,2.7,26.8,3.3,0.9,13.1,0.5,1.3,14.0,1.4,2.9,13.5
134,Francisco Femenía Far,Watford,8.242307692307692,12.605882352941178,0.0,0.0,,0.0,0.0,0.0,5.9,2.0,1.8,17.8,1.7,19.5,13.4,5.3,8.0,0.0,14.8,0.0,0.1,0.0,0.0,1.7,38.7,16.3,30.5,1.9,34.9
135,Steven Alzate,Brighton,8.180769230769231,11.816666666666668,1.4,0.0,,24.3,4.1,2.6,3.1,23.5,2.8,0.0,0.3,24.4,18.4,19.6,0.0,23.6,26.0,3.8,0.1,3.8,6.5,24.4,0.0,,,,
136,Allan Saint-Maximin,Newcastle,8.1,14.464285714285712,,12.8,,0.0,25.2,0.0,0.0,0.0,0.0,0.0,0.0,13.3,11.5,1.8,2.0,31.2,15.2,15.7,39.4,22.0,0.0,10.2,0.0,0.0,1.0,0.0,1.2
137,Moussa Sissoko,Spurs,8.076,10.095000000000002,,0.0,,0.0,0.0,0.0,1.7,0.0,25.0,13.8,12.4,1.6,2.4,16.3,0.0,13.9,1.4,4.4,18.0,4.5,3.3,1.5,5.9,3.8,50.0,1.7,20.3
138,Theo Walcott,Everton,8.038461538461537,10.999999999999998,14.6,3.4,,41.6,13.1,16.2,1.6,11.0,0.0,0.0,0.0,13.8,0.0,0.0,3.2,39.1,14.3,2.1,27.0,0.0,0.0,5.2,0.7,0.0,0.6,1.5,0.0
139,José Holebas,Watford,7.9923076923076914,17.316666666666666,0.0,0.0,,0.0,0.0,0.0,0.0,0.0,0.0,0.0,0.0,0.0,0.0,33.9,11.2,27.6,0.0,0.0,4.3,1.6,21.4,10.5,20.8,0.0,44.8,27.9,3.8
140,Cédric Soares,Arsenal,7.872000000000001,13.120000000000001,,0.0,0.0,0.0,30.5,1.5,17.6,2.7,1.0,1.4,32.8,15.2,15.5,20.9,1.8,0.3,0.0,0.0,0.0,0.0,0.0,47.1,2.8,5.7,0.0,0.0,0.0
141,Jetro Willems,Newcastle,7.840000000000001,10.315789473684212,,0.0,,0.0,0.0,21.6,0.9,39.3,1.7,0.0,2.0,3.2,5.3,1.3,1.5,1.1,41.1,15.8,1.9,30.6,0.0,1.9,12.3,3.3,0.0,0.0,11.2
142,Dominic Calvert-Lewin,Everton,7.726923076923076,8.370833333333332,13.9,5.6,,38.1,7.9,4.8,2.0,55.0,2.6,3.3,3.1,17.2,0.7,5.0,21.3,1.2,0.3,0.6,0.0,0.8,1.7,0.0,0.8,0.6,2.5,0.7,11.2
143,Harry Wilson,Bournemouth,7.673076923076924,9.06818181818182,5.8,16.1,,13.4,11.6,3.4,0.9,1.4,11.0,0.0,0.0,0.0,15.1,0.6,1.0,1.4,3.3,24.2,6.4,14.8,20.5,0.8,2.3,13.5,27.7,4.3,0.0
144,Toby Alderweireld,Spurs,7.648000000000001,7.966666666666668,,0.1,,14.3,10.9,6.5,4.3,14.6,14.2,0.3,0.2,3.1,17.3,13.3,0.1,0.0,3.2,10.1,30.8,2.0,0.3,0.3,12.8,0.1,5.8,0.1,26.5
145,Frédéric Guilbert,Aston Villa,7.6160000000000005,9.52,,19.1,,17.7,2.0,0.0,4.9,11.2,0.0,5.4,1.6,0.3,0.0,14.5,7.4,1.5,0.5,15.7,16.8,11.9,16.1,15.8,11.3,15.6,1.1,0.0,0.0
146,Lucas Torreira,Arsenal,7.5680000000000005,8.600000000000001,,21.5,,11.7,6.7,4.1,2.2,3.0,13.9,13.2,11.8,13.6,13.3,0.8,2.1,2.1,2.8,0.0,0.0,0.5,5.3,17.6,0.6,27.3,14.8,0.3,0.0
147,Wilfred Ndidi,Leicester,7.516000000000002,8.94761904761905,,0.0,,2.2,0.0,0.0,15.4,0.5,3.3,0.4,12.5,2.8,1.5,49.4,2.3,12.2,1.7,16.0,5.6,4.8,14.9,1.3,3.3,22.2,0.0,1.8,13.8
148,Harry Winks,Spurs,7.488,9.360000000000001,,4.2,,2.2,13.1,5.9,0.0,0.0,6.9,0.0,0.0,0.0,2.5,0.1,17.3,14.9,0.0,0.8,15.2,3.5,4.0,16.0,3.6,22.1,24.5,0.8,29.6
149,Sean Longstaff,Newcastle,7.484000000000001,10.394444444444446,,1.3,,3.3,0.4,12.6,0.2,0.0,15.2,1.3,2.1,0.0,0.0,0.0,0.0,0.0,0.0,34.7,1.3,48.0,11.2,0.0,0.0,41.7,0.5,11.5,1.8
150,Jack O'Connell,Sheffield Utd,7.476923076923077,7.476923076923077,21.1,5.8,,1.4,11.3,1.2,15.2,5.9,22.2,1.2,2.3,1.7,4.9,1.4,11.1,12.3,10.9,24.3,11.2,3.0,1.3,0.3,1.6,1.1,15.9,1.2,4.6
151,Christian Atsu,Newcastle,7.468000000000002,10.372222222222225,,0.0,,0.8,0.0,1.0,0.0,0.0,11.5,0.0,13.9,0.0,0.3,10.3,0.6,0.0,1.6,0.2,14.5,0.0,7.1,4.5,40.9,48.2,31.3,0.0,0.0
152,Matt Ritchie,Newcastle,7.395999999999999,30.816666666666663,,55.6,,25.5,5.8,0.0,0.0,0.0,0.0,0.0,0.0,0.0,0.0,0.0,0.0,0.0,0.0,0.0,0.0,0.0,0.0,0.0,0.0,0.0,30.3,35.2,32.5
153,Etienne Capoue,Watford,7.33846153846154,9.085714285714287,10.9,11.8,,2.7,3.0,14.8,1.7,37.8,1.4,1.6,11.9,2.3,5.8,16.1,28.3,2.8,0.0,0.0,0.0,0.0,5.4,10.9,14.4,0.0,2.4,2.2,2.6
154,Daniel Ceballos Fernández,Arsenal,7.3199999999999985,16.636363636363633,,0.0,,0.0,0.0,0.0,0.0,0.0,0.0,0.0,0.0,0.0,0.0,0.0,0.0,0.0,18.2,17.4,5.0,41.3,2.2,15.8,7.8,22.7,1.4,48.3,2.9
155,Matthew Lowton,Burnley,7.1240000000000006,11.873333333333335,,1.8,,3.6,0.0,0.6,0.0,0.0,0.0,0.0,0.0,1.6,0.0,0.0,0.0,0.0,3.8,13.0,17.3,4.9,15.3,40.0,1.8,14.1,29.6,15.4,15.3
156,Danny Rose,Newcastle,7.075999999999999,13.607692307692306,,0.3,,0.0,0.0,3.3,0.0,0.0,0.0,1.0,0.0,0.0,0.0,0.0,0.0,0.0,0.0,28.9,9.7,0.0,12.4,16.3,24.5,0.3,26.9,0.3,53.0
157,Douglas Luiz Soares de Paulo,Aston Villa,7.0680000000000005,7.682608695652175,,24.6,,2.4,11.0,2.1,26.7,17.7,4.2,21.8,1.2,1.6,4.2,0.8,3.8,3.4,3.3,4.9,1.9,0.6,0.0,0.0,14.9,1.4,0.6,13.6,10.0
158,Reece James,Chelsea,7.064000000000001,13.584615384615386,,1.5,,0.0,36.1,46.9,16.2,0.0,0.0,1.7,0.0,21.2,32.8,10.8,4.6,3.5,0.0,1.3,0.0,0.0,0.0,0.0,0.0,0.0,0.0,0.0,0.0
159,Luke Shaw,Man Utd,7.047999999999999,12.585714285714285,,31.6,,23.4,0.4,0.0,15.3,0.3,8.9,17.1,5.2,1.4,13.0,1.2,0.0,0.0,0.0,0.0,0.0,0.0,0.0,0.0,0.0,0.0,25.7,29.7,3.0
160,Tanguy Ndombele,Spurs,7.000000000000001,10.937500000000002,,11.8,,0.0,0.0,0.0,0.4,24.8,0.0,11.8,0.0,0.0,1.6,13.7,0.0,23.8,1.1,24.0,1.2,0.9,11.5,14.3,2.3,0.0,0.0,11.5,20.3
161,David McGoldrick,Sheffield Utd,6.930769230769233,9.484210526315792,0.0,0.0,,0.0,0.0,0.8,6.5,1.0,25.6,2.7,15.1,23.7,0.8,3.2,3.9,44.8,18.3,13.9,2.3,0.0,0.0,0.0,4.1,2.7,3.0,2.5,5.3
162,Shane Long,Southampton,6.888000000000001,11.48,,31.9,,13.8,0.4,23.3,3.0,0.0,0.0,11.0,14.5,23.9,23.2,1.8,21.4,0.0,0.0,0.0,0.0,1.8,0.0,0.0,0.0,2.2,0.0,0.0,0.0
163,Tom Cleverley,Watford,6.876923076923077,19.866666666666667,0.0,0.0,,0.0,0.0,0.0,0.0,0.0,0.0,0.0,0.0,0.0,0.0,0.0,0.0,0.0,0.0,0.2,1.8,28.7,25.9,11.8,37.4,37.4,35.3,0.3,0.0
164,Wesley Moraes,Aston Villa,6.791999999999999,8.085714285714285,,0.0,,0.0,0.0,0.0,1.8,4.0,22.5,3.7,4.3,25.2,2.1,1.1,23.0,1.7,3.8,4.3,1.3,15.9,12.2,1.1,4.0,2.5,23.0,11.2,1.1
165,Will Hughes,Watford,6.784615384615386,9.800000000000002,17.3,0.0,,0.0,0.0,0.0,0.0,6.1,2.0,17.0,2.8,0.0,5.2,3.1,3.9,34.8,10.7,2.5,0.0,0.0,0.0,0.4,12.9,13.7,33.9,6.8,3.3
166,Solomon March,Brighton,6.684615384615384,15.799999999999999,27.8,2.3,,2.1,0.0,0.0,0.0,0.0,0.0,0.0,0.0,0.0,0.0,0.0,9.7,6.1,0.0,0.0,11.7,0.0,0.0,0.0,39.8,16.8,24.4,31.4,1.7
167,Giovani Lo Celso,Spurs,6.6160000000000005,11.026666666666667,,13.6,,50.5,4.3,6.6,15.5,13.3,2.8,0.0,0.0,0.0,0.7,0.1,0.0,33.3,0.3,0.0,0.0,0.0,0.0,0.0,0.0,0.5,23.6,0.3,0.0
168,Harry Maguire,Man Utd,6.5920000000000005,6.5920000000000005,,12.2,,2.1,0.8,2.0,2.4,11.2,3.2,2.0,2.8,0.1,0.2,13.3,11.8,0.8,11.8,21.4,0.1,23.2,1.4,0.3,0.4,12.6,6.4,11.5,10.8
169,José Ángel Esmorís Tasende,Man City,6.56,27.333333333333332,,0.0,,0.0,0.0,0.0,0.0,0.0,0.0,0.0,0.0,18.5,38.3,0.0,0.0,37.5,34.3,0.7,0.0,0.0,0.0,34.7,0.0,0.0,0.0,0.0,0.0
170,Jack Cork,Burnley,6.5280000000000005,7.095652173913044,,2.6,,5.2,11.5,1.8,25.2,1.3,3.6,1.8,2.5,3.2,1.0,1.8,4.8,23.3,4.1,16.0,0.0,0.0,2.0,23.1,1.3,21.4,1.8,1.8,2.1
171,João Pedro Cavaco Cancelo,Man City,6.34,15.85,,1.6,,0.0,15.4,16.3,28.3,0.0,0.0,0.0,0.0,0.0,0.0,0.0,2.8,0.0,0.0,6.0,55.2,29.8,0.0,3.1,0.0,0.0,0.0,0.0,0.0
172,Charlie Taylor,Burnley,6.339999999999999,12.19230769230769,,16.3,,4.6,25.4,1.1,53.9,0.6,10.3,5.0,0.0,0.0,0.0,0.8,0.9,6.1,18.9,0.0,0.0,14.6,0.0,0.0,0.0,0.0,0.0,0.0,0.0
173,Ross Barkley,Chelsea,6.336,15.84,,0.3,,5.6,4.3,22.3,0.0,0.0,0.0,0.0,0.0,0.0,0.0,0.0,0.0,0.0,0.0,0.0,2.2,0.0,25.4,0.0,21.1,2.8,60.0,0.0,14.4
174,Johann Berg Gudmundsson,Burnley,6.271999999999999,22.4,,0.0,,0.0,0.0,0.0,27.8,14.8,0.5,0.0,0.0,0.0,0.0,0.0,0.0,0.0,0.0,0.0,0.0,6.3,0.0,0.0,0.0,0.0,11.2,63.1,33.1
175,Sead Kolasinac,Arsenal,6.251999999999999,9.768749999999999,,0.0,,0.0,0.0,3.6,3.1,0.0,0.0,0.0,0.7,15.7,6.5,15.2,0.0,1.8,0.3,0.7,32.6,2.0,2.3,13.8,23.6,34.1,0.0,0.3,0.0
176,Matt Doherty,Wolves,6.236000000000001,6.778260869565218,,2.4,,2.2,0.8,3.3,3.5,0.0,8.6,26.6,14.5,4.7,2.2,13.8,4.7,13.8,16.3,14.0,1.4,0.3,12.8,2.1,1.7,0.0,3.6,0.8,1.8
177,Ainsley Maitland-Niles,Arsenal,6.216,11.1,,0.0,,0.0,3.8,1.3,2.3,1.3,3.2,15.6,17.9,1.8,0.0,0.0,0.0,0.0,0.0,0.0,0.0,0.0,0.0,12.6,12.2,41.7,9.6,19.8,12.3
178,Philip Billing,Bournemouth,6.215384615384616,6.733333333333334,3.1,22.8,,22.1,0.9,2.0,0.0,3.2,11.4,5.8,2.1,0.5,6.4,0.0,1.3,14.6,1.4,1.0,3.9,1.5,1.1,13.8,12.2,3.6,1.3,1.3,24.3
179,Lys Mousset,Sheffield Utd,6.196153846153847,7.004347826086957,10.6,13.3,,0.8,2.1,2.1,1.2,12.4,14.3,0.1,1.2,1.2,1.0,26.3,11.1,0.4,45.2,0.6,2.8,0.9,1.7,1.0,0.3,10.5,0.0,0.0,0.0
180,Jeff Hendrick,Burnley,6.188000000000001,7.735000000000001,,30.8,,1.3,1.9,1.6,0.0,0.8,0.0,0.1,1.4,2.0,11.7,48.4,11.3,7.7,3.1,12.4,2.4,11.5,2.8,2.8,0.7,0.0,0.0,0.0,0.0
181,Marco Stiepermann,Norwich,6.176,9.08235294117647,,0.0,,0.0,0.0,0.0,0.0,4.1,0.3,0.0,0.7,0.0,14.8,0.0,0.0,13.3,24.8,13.9,0.0,11.6,12.1,17.9,14.6,5.5,1.6,18.8,0.4
182,Dominic Solanke,Bournemouth,6.161538461538462,7.281818181818182,0.3,0.0,,21.1,1.5,4.3,4.3,11.5,0.0,0.3,0.3,0.3,14.8,46.5,0.0,1.8,0.0,0.5,1.3,11.9,2.4,12.4,11.8,2.1,0.3,10.5,0.0
183,Isaac Hayden,Newcastle,6.124,7.29047619047619,,0.9,,16.9,1.4,6.8,0.6,13.9,0.0,5.7,20.3,1.8,1.4,0.7,1.8,13.3,12.3,0.0,0.0,0.0,1.1,12.5,0.3,14.2,0.5,14.7,12.0
184,Erik Pieters,Burnley,6.1080000000000005,10.180000000000001,,0.0,,0.0,0.0,0.0,0.0,0.0,0.0,0.0,2.5,16.8,0.8,0.8,0.0,0.0,10.9,2.7,1.8,14.6,29.2,13.7,15.9,1.3,11.3,5.3,25.1
185,Alex Oxlade-Chamberlain,Liverpool,5.968,8.776470588235293,,13.6,17.7,17.7,6.6,15.2,0.0,0.0,0.0,,0.8,8.9,0.0,13.8,2.2,0.3,14.9,0.0,2.6,0.0,0.0,0.0,20.3,1.3,0.1,13.2,0.0
186,Sofiane Boufal,Southampton,5.964000000000001,9.318750000000001,,1.3,,0.0,0.9,0.0,0.0,3.8,0.2,0.0,0.0,11.3,0.0,15.7,10.8,1.1,0.0,0.0,0.7,0.3,24.8,14.9,28.9,11.8,10.3,0.0,12.3
187,Marcos Alonso,Chelsea,5.959999999999999,18.624999999999996,,0.0,,0.0,0.0,0.0,0.0,0.0,0.0,19.1,0.0,0.0,0.0,0.0,0.0,0.0,0.0,6.5,17.9,17.3,27.3,43.3,17.6,0.0,0.0,0.0,0.0
188,Marvelous Nakamba,Aston Villa,5.772,8.016666666666667,,1.6,,3.1,2.0,0.4,1.5,0.0,21.3,13.5,2.7,1.4,21.8,0.0,0.0,1.7,1.3,11.9,12.9,11.4,33.3,1.2,1.3,0.0,0.0,0.0,0.0
189,Christian Benteke,Crystal Palace,5.6923076923076925,8.705882352941176,21.8,22.5,,0.0,0.0,0.0,0.0,0.0,0.0,12.7,18.5,0.3,0.0,0.0,0.8,0.0,0.2,10.3,0.0,0.0,0.0,11.3,21.7,0.3,0.3,12.3,15.0
190,Oriol Romeu Vidal,Southampton,5.6080000000000005,7.010000000000001,,0.9,,23.5,0.0,0.1,0.0,0.0,0.1,0.1,4.9,0.0,0.6,0.0,0.0,1.5,2.5,3.4,12.3,4.8,5.9,34.1,2.9,12.7,2.9,14.4,12.6
191,Ondrej Duda,Norwich,5.564,46.36666666666667,,73.1,,41.8,24.2,,,,,,,,,,,,,,,,,,,,,,
192,Onel Hernández,Norwich,5.500000000000001,8.088235294117649,,0.8,,0.5,0.0,0.8,0.0,1.8,0.1,0.3,10.3,22.4,31.9,23.9,12.9,18.6,11.3,1.0,0.3,0.0,0.0,0.0,0.0,0.0,0.0,0.0,0.6
193,Cheikhou Kouyaté,Crystal Palace,5.319230769230769,5.762499999999999,10.1,0.1,,10.6,0.4,11.5,0.5,0.3,2.3,0.3,0.8,1.0,1.6,2.3,32.4,1.9,2.2,13.2,12.1,3.8,3.4,3.0,11.1,12.3,1.1,0.0,0.0
194,Pedro Lomba Neto,Wolves,5.315999999999999,7.383333333333332,,11.0,,7.9,19.4,6.3,13.1,14.4,1.3,15.3,0.0,0.1,11.0,0.0,0.0,0.3,0.1,5.8,0.0,0.0,21.9,0.7,0.0,1.3,1.4,1.6,0.0
195,Marc Albrighton,Leicester,5.312,12.072727272727274,,0.0,,0.0,0.0,0.0,0.0,13.6,0.7,4.3,0.0,10.9,0.0,0.5,0.0,0.0,0.0,16.2,0.0,4.8,30.5,0.0,0.0,25.3,0.0,10.9,15.1
196,Joseph Willock,Arsenal,5.303999999999999,7.366666666666666,,11.3,,0.3,0.0,0.0,0.0,14.3,0.3,10.3,0.3,0.0,0.8,1.9,0.1,1.6,0.0,0.0,1.1,10.9,21.0,11.8,0.7,0.0,15.9,28.3,1.7
197,Bukayo Saka,Arsenal,5.287999999999999,8.813333333333333,,1.1,,2.0,5.2,0.0,0.8,12.2,11.6,2.0,1.1,0.0,0.0,4.8,0.0,0.0,1.4,0.7,17.7,26.3,30.0,15.3,0.0,,,,
198,Jamal Lewis,Norwich,5.256,8.76,,0.0,,0.0,0.0,0.0,0.0,1.6,0.0,0.0,0.0,0.2,0.0,0.0,0.0,3.5,2.6,0.8,2.2,18.2,23.3,22.9,1.2,16.8,5.8,7.2,25.1
199,Fabian Delph,Everton,5.1692307692307695,8.96,0.0,20.6,,7.3,6.3,0.0,4.1,0.3,32.9,5.8,0.0,0.0,0.0,0.0,0.0,0.0,2.7,0.6,0.0,13.0,8.8,16.1,12.0,3.9,0.0,0.0,0.0
200,Arthur Masuaku,West Ham,5.156000000000001,9.207142857142857,,0.5,4.5,4.5,2.1,9.1,1.0,12.3,0.0,,0.0,16.3,0.0,0.3,0.0,0.0,0.0,0.0,15.3,0.0,0.0,0.0,17.5,27.0,15.7,2.8,0.0
201,Moritz Leitner,Norwich,5.1080000000000005,14.18888888888889,,0.0,,0.0,0.0,0.0,0.0,0.0,0.0,0.0,0.0,0.0,0.0,0.0,0.0,0.0,0.0,2.2,25.8,8.3,8.3,34.3,0.0,15.9,13.9,17.8,1.2
202,Andros Townsend,Crystal Palace,5.107692307692307,8.853333333333332,0.0,0.2,,0.0,0.0,0.0,0.0,0.0,0.0,0.0,0.0,1.8,1.7,17.2,41.1,4.8,0.0,22.4,0.8,0.5,15.2,0.0,1.3,10.5,0.0,3.6,11.7
203,Kelechi Iheanacho,Leicester,4.996,13.877777777777778,,0.4,,11.3,26.1,0.3,13.3,12.6,0.0,0.0,2.0,46.2,0.0,12.7,0.0,0.0,0.0,0.0,0.0,0.0,0.0,0.0,0.0,0.0,0.0,0.0,0.0
204,Che Adams,Southampton,4.9719999999999995,6.542105263157895,,1.8,,10.3,1.7,13.1,0.0,17.7,1.0,0.0,0.0,0.1,1.6,0.0,0.0,0.0,1.1,0.0,0.0,0.0,0.0,23.5,12.6,12.8,13.0,12.2,1.8
205,Michail Antonio,West Ham,4.968000000000001,10.350000000000001,,6.1,1.8,1.8,0.0,0.0,0.0,3.8,18.7,,43.1,3.2,0.0,5.9,11.7,0.0,0.0,0.0,0.0,0.0,0.0,0.0,0.0,0.0,14.6,1.2,12.3
206,James Milner,Liverpool,4.967999999999999,7.762499999999998,,0.0,0.0,0.0,0.0,0.0,18.2,0.1,1.0,,18.8,28.0,2.6,0.0,0.1,0.3,0.0,0.0,0.0,26.9,0.5,0.9,1.0,0.0,1.4,24.1,0.3
207,Jefferson Lerma,Bournemouth,4.888461538461539,5.777272727272727,0.0,1.1,,2.0,0.9,2.2,3.1,0.0,22.0,2.3,22.3,0.8,7.3,12.5,1.9,0.0,1.4,22.2,0.0,3.0,12.2,0.8,0.0,1.8,1.7,2.3,3.3
208,Phil Foden,Man City,4.879999999999999,10.166666666666666,,0.0,,0.0,0.0,13.3,28.8,1.1,0.0,0.3,23.6,0.0,0.8,11.6,2.2,0.0,1.0,38.6,0.3,0.0,0.0,0.0,0.0,0.0,0.0,0.0,0.4
209,Lewis Dunk,Brighton,4.834615384615383,5.237499999999999,13.0,0.4,,2.3,10.7,0.9,10.5,0.8,0.0,1.0,10.4,0.5,11.8,2.3,0.0,10.8,1.6,10.3,10.7,10.6,0.3,0.6,0.9,0.7,0.8,0.5,13.3
210,Romain Saïss,Wolves,4.808,5.723809523809524,,0.1,,20.6,0.3,1.3,3.2,11.2,14.8,1.3,10.8,1.3,21.7,0.0,4.3,0.4,0.4,26.0,0.0,0.0,0.4,1.0,0.8,0.2,0.0,0.0,0.1
211,Oliver McBurnie,Sheffield Utd,4.8076923076923075,5.208333333333333,23.0,13.0,,6.0,6.3,13.0,0.8,0.2,1.2,3.1,2.0,0.3,2.5,1.3,0.2,0.0,3.5,0.0,0.5,14.3,1.7,2.6,12.1,10.8,3.8,1.4,1.4
212,Pedro Rodríguez Ledesma,Chelsea,4.803999999999999,20.016666666666666,,6.8,,0.0,0.0,0.0,0.0,0.0,1.6,0.0,0.0,0.0,0.0,16.0,0.0,0.0,0.0,0.0,0.0,0.0,13.6,0.0,0.0,0.0,0.0,26.8,55.3
213,Andy Carroll,Newcastle,4.8,9.23076923076923,,0.0,,0.0,0.0,0.3,0.0,33.9,0.0,13.5,17.5,16.0,11.9,0.0,11.8,1.2,0.3,0.0,1.1,0.5,1.4,10.6,0.0,0.0,0.0,0.0,0.0
214,Andre Gray,Watford,4.753846153846154,6.505263157894737,0.0,0.0,,0.0,0.0,0.0,0.0,0.0,0.0,0.0,0.2,10.3,0.0,0.3,2.1,13.3,1.1,12.4,0.0,12.8,10.9,10.3,0.8,1.8,33.5,11.3,2.5
215,Seamus Coleman,Everton,4.699999999999999,7.188235294117646,1.9,0.0,,0.0,12.8,0.0,0.7,0.0,1.5,0.0,0.4,0.0,0.0,0.0,21.8,0.0,0.0,0.0,0.0,11.8,12.3,9.1,6.8,14.5,24.1,1.2,3.3
216,Chris Basham,Sheffield Utd,4.6961538461538455,4.6961538461538455,27.3,0.9,,11.1,1.3,1.3,0.0,1.5,16.0,0.6,4.1,0.8,18.5,1.1,1.5,1.7,1.3,0.6,0.7,3.2,1.2,1.0,1.1,11.3,1.7,10.8,1.5
217,Demarai Gray,Leicester,4.571999999999999,8.164285714285713,,0.0,,0.0,0.0,0.3,3.0,22.0,0.0,0.9,4.1,0.0,0.0,0.0,0.0,16.3,11.3,1.3,15.1,0.0,0.7,0.0,24.3,15.0,0.0,0.0,0.0
218,Calum Chambers,Arsenal,4.54,8.107142857142858,,0.0,,0.0,0.0,0.0,0.0,10.1,0.0,10.7,0.2,0.3,0.0,3.2,1.9,0.8,11.8,6.6,30.9,13.0,12.8,11.0,0.0,0.0,0.0,0.0,0.2
219,Brandon Williams,Man Utd,4.484,12.455555555555556,,0.0,,13.4,2.0,18.3,0.0,27.8,0.0,0.0,0.0,0.0,0.0,3.0,23.3,12.8,11.5,0.0,0.0,0.0,0.0,,,,,,
220,Dennis Praet,Leicester,4.468,6.570588235294117,,0.1,,0.0,15.1,2.8,0.0,0.0,4.9,0.5,27.9,15.9,1.8,0.0,2.4,5.2,10.1,0.0,0.3,3.1,8.4,0.7,0.0,0.0,12.4,0.1,0.0
221,Adam Webster,Brighton,4.434615384615384,5.764999999999999,0.0,0.4,,2.3,10.3,0.7,0.6,0.0,5.3,6.4,0.3,1.7,10.3,14.3,10.8,0.0,0.4,2.4,1.8,10.8,11.2,22.2,2.3,0.8,0.0,0.0,0.0
222,Stuart Armstrong,Southampton,4.411999999999999,6.127777777777776,,0.0,,14.8,1.4,30.2,29.8,1.1,16.7,2.1,1.3,0.0,0.0,0.0,2.8,1.8,5.3,0.7,0.0,0.0,0.6,0.4,0.3,0.3,0.0,0.7,0.0
223,Sam Byram,Norwich,4.324,6.75625,,4.4,,22.3,17.1,14.6,12.8,0.0,12.3,1.9,3.4,3.5,2.3,2.5,2.0,0.0,0.0,0.3,0.0,0.0,0.0,7.6,1.0,0.0,0.0,0.1,0.0
224,Billy Sharp,Sheffield Utd,4.234615384615384,6.881249999999999,2.4,1.1,,1.8,0.0,1.6,0.5,0.3,0.0,0.0,0.0,0.0,32.8,0.0,1.3,0.0,10.8,0.9,11.2,0.3,0.0,0.0,30.8,0.0,13.8,0.0,0.5
225,Adam Masina,Watford,4.1923076923076925,7.785714285714286,0.7,15.8,,19.3,5.3,5.1,0.5,0.0,0.0,0.0,0.0,12.1,15.8,0.4,11.5,0.0,10.3,12.2,0.0,0.0,0.0,0.0,0.0,0.0,0.0,0.0,0.0
226,Adam Smith,Bournemouth,4.176923076923076,7.239999999999999,1.9,13.1,,0.7,5.6,12.8,0.0,0.0,0.0,0.0,0.0,0.0,3.5,0.0,2.3,11.9,30.3,3.3,13.2,0.0,0.0,0.0,0.0,1.3,0.5,1.2,7.0
227,Daryl Janmaat,Watford,4.169230769230769,13.549999999999999,0.0,0.0,,0.0,0.0,0.0,0.0,0.0,0.0,0.0,0.0,0.0,0.0,0.0,0.0,10.4,25.8,2.5,14.8,28.3,18.4,0.0,5.2,3.0,0.0,0.0,0.0
228,Fernando Luiz Rosa,Man City,4.127999999999999,4.914285714285714,,3.5,,32.5,5.0,1.2,1.0,3.8,10.6,1.9,0.5,2.8,1.8,2.8,1.3,0.4,13.0,1.9,3.2,2.3,11.3,1.6,0.0,0.8,0.0,0.0,0.0
229,Lewis Cook,Bournemouth,3.980769230769231,5.75,0.0,0.0,,0.0,0.2,2.0,6.4,0.7,3.4,1.8,2.2,11.3,1.7,45.1,9.1,15.3,0.0,0.0,3.0,0.0,0.2,0.1,1.0,0.0,0.0,0.0,0.0
230,Alexander Tettey,Norwich,3.972,5.226315789473684,,3.1,,12.1,12.1,13.4,3.1,11.8,3.7,4.6,5.6,5.2,15.8,0.0,1.7,3.3,0.0,2.4,1.3,0.0,0.0,0.0,0.0,0.0,0.0,0.1,0.0
231,James McCarthy,Crystal Palace,3.93076923076923,4.866666666666666,12.9,2.3,,1.9,19.1,2.6,25.9,3.7,0.3,2.9,1.6,0.3,0.0,0.0,0.0,0.7,1.3,0.0,0.0,4.1,0.6,11.0,10.2,0.0,0.0,0.8,0.0
232,DeAndre Yedlin,Newcastle,3.804,7.925,,15.7,,0.0,0.0,0.0,0.9,17.3,0.3,0.0,0.0,0.0,0.0,0.0,28.3,0.8,0.8,18.3,7.4,5.0,0.3,0.0,0.0,0.0,0.0,0.0,0.0
233,Reiss Nelson,Arsenal,3.8,9.5,,0.0,,0.0,0.0,0.0,0.5,2.5,18.7,21.4,0.0,1.6,0.0,0.0,0.0,0.0,0.0,0.0,0.0,0.0,8.8,0.0,0.4,0.0,0.0,12.3,28.8
234,Moise Kean,Everton,3.7653846153846158,5.152631578947369,0.0,10.1,,2.1,12.3,0.0,2.2,13.7,10.3,0.1,0.0,0.0,0.3,0.3,0.0,0.0,0.0,0.0,0.0,1.3,0.0,18.8,1.4,12.3,10.8,0.7,1.2
235,Ben Mee,Burnley,3.759999999999999,3.759999999999999,,10.8,,20.5,0.8,0.0,0.9,0.0,0.3,0.5,0.4,4.4,0.5,0.4,0.1,10.5,1.1,10.5,0.4,10.3,0.0,0.3,0.1,0.3,0.2,20.6,0.1
236,Leander Dendoncker,Wolves,3.7239999999999998,3.7239999999999998,,0.0,,0.5,0.3,11.3,23.3,0.3,2.0,1.0,1.3,0.3,1.3,0.9,1.1,4.6,0.4,1.6,2.8,0.9,4.0,2.9,4.3,1.7,1.3,3.1,21.9
237,Martin Kelly,Crystal Palace,3.711538461538461,5.078947368421052,0.0,0.0,,0.1,0.1,4.8,15.3,0.8,1.0,2.8,42.3,0.8,1.1,0.8,14.1,0.8,0.0,0.0,0.0,10.4,0.4,0.0,0.0,0.1,0.0,0.8,0.0
238,Jeffrey Schlupp,Crystal Palace,3.6653846153846152,6.807142857142857,0.0,0.0,,0.0,0.0,0.0,0.0,0.0,0.0,0.0,0.0,0.9,0.5,0.7,0.6,3.3,22.9,0.0,0.6,16.8,7.8,11.8,0.8,17.3,10.9,0.4,0.0
239,Moussa Djenepo,Southampton,3.5879999999999996,5.9799999999999995,,4.5,,0.0,0.8,0.3,0.7,15.1,0.0,0.0,25.8,12.8,2.0,12.8,0.9,0.6,0.3,0.0,0.0,0.0,0.0,0.0,11.3,0.0,1.3,0.5,0.0
240,David Luiz Moreira Marinho,Arsenal,3.563999999999999,4.049999999999999,,13.3,,0.1,0.3,0.9,0.3,0.1,18.4,0.2,0.0,0.0,0.3,4.8,1.0,16.8,7.6,0.5,4.1,3.4,7.1,0.8,3.3,1.0,0.7,4.1,0.0
241,James Tarkowski,Burnley,3.555999999999999,3.555999999999999,,0.9,,10.4,0.4,0.1,11.2,0.3,0.2,0.1,0.1,10.2,0.3,0.3,0.3,10.3,0.3,10.8,10.3,10.4,0.3,0.0,10.3,0.6,0.5,0.1,0.2
242,Nathaniel Chalobah,Watford,3.5307692307692307,6.557142857142857,0.0,0.8,,1.1,25.8,20.3,2.8,0.1,14.6,0.1,0.0,0.0,0.0,0.0,0.0,0.0,23.9,0.3,0.6,0.0,0.0,0.0,0.0,1.4,0.0,0.0,0.0
243,Robbie Brady,Burnley,3.488,6.707692307692308,,0.0,,0.0,0.0,0.0,0.5,0.3,0.2,0.0,0.0,11.2,0.0,17.8,0.0,0.1,1.0,34.7,21.3,0.0,0.0,0.1,0.0,0.0,0.0,0.0,0.0
244,André Filipe Tavares Gomes,Everton,3.4769230769230766,11.299999999999999,0.0,0.0,,0.0,0.0,0.0,0.0,0.0,0.0,0.0,0.0,0.0,0.0,0.0,0.0,0.0,11.5,4.1,13.4,1.5,0.0,0.0,0.0,18.3,8.4,21.9,11.3
245,Divock Origi,Liverpool,3.4359999999999995,4.295,,0.0,2.9,2.9,0.0,0.8,3.1,1.6,1.3,,10.0,0.0,2.2,0.0,0.6,0.0,11.6,0.0,3.5,0.3,16.5,0.0,0.8,0.8,0.0,0.6,26.4
246,Ashley Barnes,Burnley,3.4040000000000004,4.4789473684210535,,0.0,,0.0,0.0,0.0,3.3,10.6,0.3,2.3,21.3,0.0,0.2,0.9,1.9,5.1,1.2,11.3,0.0,0.1,10.8,3.0,1.3,4.0,2.2,3.5,1.8
247,Mario Vrancic,Norwich,3.2920000000000003,7.481818181818183,,0.3,,0.0,0.0,5.0,12.6,14.6,1.1,0.2,0.1,25.6,0.0,0.0,0.0,11.8,0.0,0.0,0.0,0.0,0.0,0.0,0.0,0.0,0.8,10.2,0.0
248,Naby Keita,Liverpool,3.24,10.125,,14.3,0.4,0.4,0.0,0.0,0.0,1.4,18.0,,0.0,43.5,0.0,0.0,0.0,0.0,0.5,0.0,2.5,0.0,0.0,0.0,0.0,0.0,0.0,0.0,0.0
249,Tom Davies,Everton,3.1615384615384605,4.326315789473683,10.8,0.0,,0.3,2.3,13.0,6.3,12.9,0.6,12.3,1.4,0.6,1.3,1.4,2.6,2.1,5.3,2.3,5.8,0.0,0.8,0.0,0.0,0.0,0.0,0.0,0.1
250,Kieran Tierney,Arsenal,3.0039999999999996,15.02,,0.0,,0.0,0.0,0.0,0.0,0.0,0.0,0.0,0.0,1.8,18.1,0.0,35.6,0.0,3.3,16.3,0.0,0.0,0.0,0.0,0.0,0.0,0.0,0.0,0.0
251,Mason Greenwood,Man Utd,2.9599999999999995,3.6999999999999993,,1.0,,13.4,0.7,2.4,2.0,0.0,26.9,1.6,11.6,0.0,3.4,0.3,0.3,0.0,0.5,3.3,0.0,1.7,0.9,0.0,0.0,0.3,1.1,2.0,0.6
252,Morgan Schneiderlin,Everton,2.95,5.478571428571429,2.1,0.6,,16.2,0.0,0.0,0.0,0.0,0.0,0.0,0.0,1.1,0.3,0.1,4.9,12.4,0.0,0.0,0.0,13.4,2.8,2.1,2.5,0.0,5.1,0.0,13.1
253,Tyrone Mings,Aston Villa,2.92,3.4761904761904763,,1.1,,10.7,0.3,0.0,0.5,0.0,0.0,0.0,0.0,0.0,0.3,0.3,21.0,0.8,0.0,10.2,1.2,0.3,0.3,0.3,0.5,0.8,0.0,14.4,10.0
254,Luke Freeman,Sheffield Utd,2.888461538461539,8.344444444444445,0.0,0.0,,0.0,0.0,0.0,0.0,0.0,0.0,5.9,0.0,0.0,15.3,0.0,0.0,0.0,0.0,0.0,0.3,0.0,0.0,0.0,0.0,14.1,20.1,13.4,6.0
255,Eric Dier,Spurs,2.8360000000000003,6.445454545454546,,0.3,,0.3,0.0,0.0,0.0,0.0,0.0,1.1,15.6,12.3,0.0,13.5,13.3,3.3,0.0,0.0,0.0,11.0,0.2,0.0,0.0,0.0,0.0,0.0,0.0
256,Callum Robinson,Sheffield Utd,2.8000000000000003,4.550000000000001,0.0,0.0,,0.0,14.7,0.0,0.0,17.0,0.0,0.0,0.0,1.5,0.0,0.5,10.6,0.0,0.0,11.1,0.0,1.7,6.1,0.3,0.1,4.0,2.0,2.3,0.9
257,Joseph Gomez,Liverpool,2.784,4.35,,0.7,1.9,1.9,0.3,4.3,1.4,0.8,10.5,,1.6,32.9,0.7,0.0,0.3,0.0,0.0,0.5,0.0,0.0,0.0,0.0,0.0,0.0,0.0,0.0,11.8
258,Michael Obafemi,Southampton,2.76,6.2727272727272725,,0.6,,38.4,0.0,0.0,1.0,0.0,1.8,0.0,0.0,0.0,0.0,2.5,23.0,0.0,0.0,0.0,0.0,1.3,0.0,0.0,0.0,0.0,0.0,0.0,0.4
259,Rúben Gonçalo Silva Nascimento Vinagre,Wolves,2.7599999999999993,6.899999999999999,,0.0,,0.0,0.0,1.8,34.5,10.8,5.3,0.0,0.0,0.0,0.0,0.0,0.3,0.0,0.3,14.8,0.0,0.3,0.0,0.0,0.0,0.9,0.0,0.0,0.0
260,Adrian Mariappa,Watford,2.7576923076923077,4.78,1.4,1.3,,14.7,1.8,28.9,0.0,2.5,0.6,18.9,0.3,0.0,0.0,0.0,0.9,0.0,0.4,0.0,0.0,0.0,0.0,0.0,0.0,0.0,0.0,0.0,0.0
261,Virgil van Dijk,Liverpool,2.6839999999999997,2.6839999999999997,,0.4,1.8,1.8,0.4,0.9,1.4,1.3,1.3,,5.0,2.1,0.3,3.7,4.7,0.1,11.8,2.6,1.3,3.4,14.1,0.5,4.5,1.0,0.8,1.1,0.8
262,Dan Gosling,Bournemouth,2.6692307692307695,5.338461538461539,3.3,12.3,,0.0,0.8,2.3,6.8,4.8,2.9,1.4,24.5,0.0,0.0,10.3,0.0,0.0,0.0,0.0,0.0,0.0,0.0,0.0,0.0,0.0,0.0,0.0,0.0
263,Nathan Aké,Bournemouth,2.623076923076923,3.2476190476190476,0.3,0.2,,0.1,0.5,2.8,0.0,0.0,0.0,0.0,0.0,0.0,3.3,3.5,0.3,11.2,0.0,0.7,0.3,10.3,10.4,0.1,0.1,2.2,0.2,0.0,21.7
264,Fikayo Tomori,Chelsea,2.6159999999999997,4.671428571428571,,0.0,,0.0,0.0,0.0,0.0,1.2,5.4,1.5,0.0,0.0,0.0,1.2,0.3,4.9,10.7,11.1,1.8,0.8,1.1,10.8,0.8,13.8,0.0,0.0,0.0
265,Jannik Vestergaard,Southampton,2.612,5.441666666666666,,0.0,,1.4,0.0,0.0,0.0,0.0,0.0,0.0,0.0,0.0,0.0,0.0,0.0,0.3,0.5,0.0,0.3,0.0,23.1,1.9,0.8,0.7,20.8,14.2,1.3
266,Paul Dummett,Newcastle,2.524,3.94375,,0.0,,0.0,0.0,0.0,0.0,0.0,0.0,37.2,1.9,1.0,0.3,0.6,0.3,0.1,0.0,0.0,0.0,0.0,5.0,12.8,0.1,1.8,0.1,1.1,0.8
267,Jack Stephens,Southampton,2.512,3.6941176470588233,,0.3,,10.4,0.2,10.3,13.4,0.8,0.2,10.5,4.0,10.0,0.3,1.3,0.1,0.2,0.3,0.4,0.0,0.0,0.0,0.0,0.0,0.0,0.0,0.0,0.1
268,Hamza Choudhury,Leicester,2.5119999999999996,4.485714285714285,,11.0,,0.0,0.0,3.4,1.4,3.2,0.9,0.0,0.0,0.0,1.4,0.0,0.0,0.0,0.0,0.0,0.0,0.7,1.2,10.3,1.8,1.6,1.8,11.7,12.4
269,Yerry Mina,Everton,2.503846153846153,2.712499999999999,0.3,0.6,,1.0,0.3,0.0,0.3,0.1,10.2,10.8,0.0,0.0,10.4,10.1,14.0,0.3,1.0,0.0,0.3,0.4,0.7,0.8,0.5,0.3,1.8,0.1,0.8
270,Adam Lallana,Liverpool,2.488,4.7846153846153845,,0.0,0.0,0.0,1.1,2.4,0.0,13.3,0.8,,0.0,0.0,2.1,0.0,0.0,0.0,40.8,0.0,1.3,0.1,0.0,0.3,0.0,0.0,0.0,0.0,0.0
271,Phil Bardsley,Burnley,2.4679999999999995,6.169999999999999,,0.0,,0.0,1.6,0.0,17.9,22.1,0.5,0.8,1.4,0.0,1.8,1.3,0.8,13.5,0.0,0.0,0.0,0.0,0.0,0.0,0.0,0.0,0.0,0.0,0.0
272,Simon Francis,Bournemouth,2.4653846153846155,4.578571428571429,10.4,4.1,,0.3,10.7,12.0,2.7,0.0,0.0,0.3,0.0,0.7,1.2,0.0,1.7,19.4,0.0,0.0,0.0,0.3,0.3,0.0,0.0,0.0,0.0,0.0,0.0
273,Joel Ward,Crystal Palace,2.4615384615384612,3.7647058823529407,0.7,1.3,,0.5,0.0,0.0,0.0,0.0,0.0,0.0,0.0,0.0,0.0,0.0,0.8,0.5,2.3,2.7,1.5,6.3,2.8,7.3,14.8,16.9,0.8,3.9,0.9
274,Federico Fernández,Newcastle,2.424,3.1894736842105265,,5.8,,1.2,15.1,1.5,0.3,0.3,0.0,0.1,0.4,0.3,0.5,0.1,15.1,1.0,0.3,18.6,0.0,0.0,0.0,0.0,0.0,0.0,0.0,0.0,0.0
275,Aaron Connolly,Brighton,2.4192307692307695,3.9312500000000004,0.0,0.0,,0.0,10.4,0.0,0.6,0.0,1.3,1.0,0.0,0.0,0.3,1.7,0.0,1.3,5.8,0.3,10.6,23.8,0.6,4.8,0.3,0.1,,,
276,Victor Lindelöf,Man Utd,2.384,2.5913043478260867,,11.2,,0.0,0.7,1.2,0.7,0.5,1.0,1.8,10.8,0.1,0.4,1.2,0.9,0.1,1.4,0.6,0.3,0.0,0.5,10.7,0.4,11.3,2.8,0.9,0.1
277,Yves Bissouma,Brighton,2.3576923076923073,6.129999999999999,0.0,0.0,,0.0,0.0,0.0,4.0,19.3,1.2,6.8,4.0,0.0,0.0,15.9,1.0,0.0,0.0,0.0,0.0,0.4,2.3,6.4,0.0,0.0,0.0,0.0,0.0
278,Nemanja Matic,Man Utd,2.324,7.262499999999999,,0.0,,17.8,3.3,9.6,16.5,2.8,0.0,0.0,0.0,0.0,0.0,0.0,0.0,0.0,0.0,0.0,0.0,0.0,0.0,3.9,1.4,2.8,0.0,0.0,0.0
279,Ezri Konsa Ngoyo,Aston Villa,2.312,4.446153846153846,,0.1,,12.8,0.7,0.3,20.6,0.7,0.4,0.0,0.0,10.1,0.1,0.1,1.3,10.3,0.0,0.0,0.0,0.3,0.0,0.0,0.0,0.0,0.0,0.0,0.0
280,Bernardo Fernandes da Silva Junior,Brighton,2.253846153846154,6.511111111111111,0.0,2.8,,0.9,16.7,3.1,3.3,0.0,15.6,0.0,0.0,0.0,0.0,0.0,0.0,0.0,0.0,0.0,0.0,0.0,0.0,0.0,0.0,15.8,0.0,0.0,0.4
281,Willy Boly,Wolves,2.252,6.2555555555555555,,0.3,,0.0,0.0,0.0,0.0,0.0,0.0,0.0,0.0,0.0,0.0,0.0,0.0,0.0,0.0,0.0,0.5,0.3,10.8,1.2,0.0,20.8,21.8,0.3,0.3
282,José Ignacio Peleteiro Romallo,Aston Villa,2.2439999999999998,7.012499999999999,,0.0,,0.0,0.0,0.0,0.0,1.3,0.0,0.0,0.0,0.0,1.1,0.0,0.0,0.0,0.0,0.0,0.0,0.0,0.0,0.0,1.5,11.3,28.3,11.8,0.8
283,Olivier Giroud,Chelsea,2.224,11.120000000000001,,0.0,,0.0,0.0,0.0,0.0,0.0,0.0,0.0,0.0,0.0,0.0,3.9,0.0,0.0,0.0,4.9,0.0,0.0,0.0,0.0,0.0,0.0,12.4,33.8,0.6
284,Çaglar Söyüncü,Leicester,2.1799999999999993,2.2708333333333326,,0.4,,0.8,1.4,0.3,5.9,0.0,10.7,0.0,1.3,11.0,1.1,1.8,0.3,2.3,0.7,1.0,0.9,0.4,1.3,0.6,0.4,0.3,10.6,0.5,0.5
285,Conor Coady,Wolves,2.156,2.156,,0.1,,0.0,0.0,0.4,14.2,10.1,6.3,0.1,0.3,0.0,0.0,0.3,0.0,10.1,0.0,0.3,0.3,0.1,0.1,0.2,0.2,10.0,0.7,0.1,0.0
286,Alireza Jahanbakhsh,Brighton,2.1500000000000004,9.316666666666668,2.0,0.0,,12.3,0.0,2.5,31.6,5.2,0.0,0.0,0.0,2.3,0.0,0.0,0.0,0.0,0.0,0.0,0.0,0.0,0.0,0.0,0.0,0.0,0.0,0.0,0.0
287,Jay Rodriguez,Burnley,2.072,2.1583333333333337,,3.6,,3.3,5.3,0.0,0.9,0.3,1.4,0.0,1.5,1.2,1.1,11.6,0.3,0.3,1.6,5.3,1.8,0.6,10.3,0.8,0.0,0.5,0.1,0.0,0.0
288,Jan Vertonghen,Spurs,2.0560000000000005,3.212500000000001,,0.0,,0.8,0.2,0.0,0.4,0.9,16.8,0.7,0.6,21.1,1.1,1.7,0.0,0.0,0.0,0.0,4.2,0.9,0.0,0.2,1.7,0.1,0.0,0.0,0.0
289,Matthew Longstaff,Newcastle,2.0439999999999996,7.299999999999999,,0.0,,4.1,3.1,3.0,0.0,0.0,13.3,0.0,0.0,0.0,0.0,0.0,0.0,0.0,0.0,11.4,1.4,14.8,0.0,0.0,0.0,,,,
290,Cenk Tosun,Crystal Palace,2.023076923076923,6.575,0.0,0.0,,0.7,2.8,0.3,0.0,0.0,0.0,1.1,0.0,0.0,0.0,0.0,13.3,24.1,0.3,0.0,0.0,0.0,0.0,10.0,0.0,0.0,0.0,0.0,0.0
291,Pablo Zabaleta,West Ham,2.012,5.029999999999999,,0.0,0.4,0.4,27.1,2.3,0.0,0.0,1.8,,0.0,0.0,0.0,0.0,0.0,0.0,3.5,13.8,0.0,0.5,0.0,0.1,0.4,0.0,0.0,0.0,0.0
292,Mason Holgate,Everton,1.9461538461538461,2.6631578947368424,0.3,1.8,,0.3,10.7,0.3,3.3,0.5,1.1,1.0,1.1,0.0,1.2,0.2,4.4,10.4,0.6,13.3,0.0,0.0,0.0,0.0,0.0,0.0,0.0,0.1,0.0
293,John Stones,Man City,1.8880000000000001,4.290909090909091,,0.0,,0.0,13.3,0.6,0.0,0.0,0.0,0.0,0.0,1.8,0.0,2.0,1.5,0.8,8.3,1.6,0.0,0.0,0.0,0.0,16.5,0.0,0.0,0.0,0.8
294,Jonny Evans,Leicester,1.8879999999999995,1.8879999999999995,,0.1,,0.8,0.5,0.5,3.1,0.5,0.4,4.0,1.5,0.6,1.9,2.6,0.3,12.0,0.3,2.8,0.8,0.8,11.9,0.1,0.4,0.3,0.4,0.3,0.3
295,Christian Fuchs,Leicester,1.88,6.714285714285714,,0.0,,0.0,7.2,0.0,7.3,1.3,0.0,0.0,0.0,0.0,2.6,0.0,0.0,0.0,0.0,0.0,0.0,0.0,0.0,0.0,0.0,0.4,6.1,22.1,0.0
296,Xherdan Shaqiri,Liverpool,1.868,7.783333333333334,,0.0,0.0,0.0,0.0,14.5,0.0,0.0,0.0,,3.3,10.6,16.8,0.0,0.0,0.0,0.0,0.0,0.0,0.0,0.0,0.0,1.3,0.2,0.0,0.0,0.0
297,Nicolás Otamendi,Man City,1.844,2.88125,,1.3,,10.3,0.0,0.6,0.0,0.0,0.4,0.9,0.5,0.9,0.3,0.0,0.0,0.0,0.0,0.0,0.0,1.4,11.1,0.4,3.6,0.9,2.4,11.1,0.0
298,Ben Davies,Spurs,1.8200000000000003,7.583333333333335,,0.0,,0.0,0.0,0.0,0.0,0.0,0.0,0.0,0.0,0.0,0.0,0.0,15.8,8.8,15.6,0.0,0.0,3.7,0.0,0.0,0.4,0.0,1.2,0.0,0.0
299,Tom Trybull,Norwich,1.76,3.142857142857143,,0.0,,0.0,0.0,0.0,0.0,0.6,2.7,1.5,2.0,0.0,1.5,11.5,1.9,3.2,1.5,0.0,1.3,0.0,0.0,0.0,0.0,1.5,0.9,13.3,0.6
300,Fabian Schär,Newcastle,1.7400000000000002,2.7187500000000004,,0.0,,0.5,0.0,0.0,0.2,20.8,0.3,10.3,0.9,0.6,0.0,0.0,0.0,0.0,0.0,0.0,4.4,0.2,0.3,0.9,0.1,1.5,0.2,0.6,1.7
301,Morgan Gibbs-White,Wolves,1.74,10.875,,0.0,,0.3,0.0,0.0,0.0,0.0,0.0,0.0,0.0,0.0,0.0,0.0,0.0,0.0,0.0,0.0,0.0,0.0,5.3,0.0,12.3,0.0,25.6,0.0,0.0
302,Nabil Bentaleb,Newcastle,1.712,42.8,,42.8,,,,,,,,,,,,,,,,,,,,,,,,,
303,Glenn Murray,Brighton,1.711538461538462,2.61764705882353,1.3,7.8,,0.0,0.3,0.5,0.0,0.3,0.0,4.2,0.0,0.5,0.0,0.0,0.0,0.3,0.0,0.5,0.0,0.1,0.1,0.0,1.8,0.1,10.3,13.3,3.1
304,Kyle Walker-Peters,Southampton,1.7,14.166666666666666,,0.0,,0.0,0.0,0.0,0.0,0.0,0.0,0.0,0.0,0.0,0.0,0.0,0.0,0.0,0.0,0.0,0.0,0.0,0.0,0.0,0.0,0.0,22.3,0.9,19.3
305,Jack Stacey,Bournemouth,1.6884615384615385,4.877777777777777,0.0,0.0,,0.0,0.0,0.0,0.0,1.9,11.8,11.9,0.9,0.0,0.0,2.7,0.0,0.0,0.0,0.0,0.0,1.0,11.5,0.8,1.4,0.0,0.0,0.0,0.0
306,Javier Manquillo,Newcastle,1.6639999999999997,3.7818181818181813,,0.0,,0.0,0.0,0.0,0.1,0.0,1.3,1.8,6.5,2.4,15.2,0.7,0.0,0.0,0.0,0.0,0.0,0.0,0.0,2.0,0.2,0.3,0.0,0.0,11.1
307,Lukas Rupp,Norwich,1.6440000000000001,13.700000000000001,,23.8,,17.3,0.0,,,,,,,,,,,,,,,,,,,,,,
308,Nacho Monreal,Arsenal,1.632,13.6,,0.0,,0.0,0.0,0.0,0.0,0.0,0.0,0.0,0.0,0.0,0.0,0.0,0.0,0.0,0.0,0.0,0.0,0.0,0.0,0.0,0.0,0.0,1.2,24.0,15.6
309,Ryan Sessegnon,Spurs,1.5960000000000003,6.650000000000001,,0.0,,3.1,0.0,0.0,6.7,25.6,2.4,0.0,0.0,2.1,0.0,0.0,0.0,0.0,0.0,0.0,0.0,0.0,0.0,0.0,0.0,0.0,0.0,0.0,0.0
310,Sung-yueng Ki,Newcastle,1.5919999999999999,13.266666666666666,,0.0,,0.0,0.0,0.0,0.0,0.0,0.0,0.0,0.0,0.0,0.0,0.0,0.0,0.0,0.0,0.0,0.0,0.0,0.8,22.9,0.0,0.0,0.0,16.1,0.0
311,Yan Valery,Southampton,1.58,4.9375,,0.0,,0.0,0.0,0.0,0.0,0.0,0.0,0.0,0.0,0.0,0.0,0.7,0.0,0.0,4.1,0.5,0.8,1.0,0.0,0.0,0.0,0.0,1.1,16.1,15.2
312,Michy Batshuayi,Chelsea,1.56,2.7857142857142856,,0.0,,1.1,0.3,0.0,0.0,0.0,0.0,1.3,1.3,10.8,10.5,0.0,0.2,1.5,0.3,0.0,0.0,0.5,0.1,0.1,10.7,0.3,0.0,0.0,0.0
313,Arnaut Danjuma Groeneveld,Bournemouth,1.5307692307692307,4.422222222222222,0.0,0.0,,0.0,0.0,0.0,0.0,0.0,0.0,0.0,0.0,1.2,5.6,3.4,15.0,0.6,0.0,13.1,0.6,0.0,0.3,0.0,0.0,0.0,0.0,0.0,0.0
314,Aaron Lennon,Burnley,1.4999999999999998,2.678571428571428,,0.0,,0.0,0.0,0.9,0.0,0.0,0.0,0.6,0.0,0.7,14.5,11.6,0.0,0.0,0.0,0.0,2.4,0.8,0.0,1.4,1.6,2.4,0.3,0.3,0.0
315,Jairo Riedewald,Crystal Palace,1.4692307692307691,4.7749999999999995,0.0,0.0,,11.9,3.5,1.9,15.5,2.3,2.1,0.0,0.4,0.6,0.0,0.0,0.0,0.0,0.0,0.0,0.0,0.0,0.0,0.0,0.0,,,,
316,Gabriel Teodoro Martinelli Silva,Arsenal,1.464,2.6142857142857143,,11.5,,3.3,1.3,0.6,0.0,0.0,0.0,2.1,0.8,11.5,0.0,0.1,0.0,0.0,0.3,0.0,0.8,3.8,0.0,0.0,0.0,0.0,0.0,0.0,0.5
317,Steve Cook,Bournemouth,1.453846153846154,1.9894736842105265,0.0,0.0,,0.0,0.0,0.7,0.7,0.5,0.8,0.0,0.0,0.0,0.0,0.2,11.0,1.1,0.1,0.3,0.7,0.3,0.0,0.0,10.3,0.2,10.7,0.1,0.1
318,Gary Cahill,Crystal Palace,1.4423076923076923,2.2058823529411766,0.3,0.5,,0.1,10.5,0.3,0.0,0.0,0.0,0.0,0.0,0.0,0.0,0.0,0.0,0.3,0.5,0.5,1.0,10.8,0.8,10.6,0.0,1.3,0.0,0.0,0.0
319,Patrick Cutrone,Wolves,1.4240000000000002,2.966666666666667,,0.0,,0.0,0.0,0.0,0.0,0.0,0.0,1.5,0.0,0.3,0.3,0.0,0.0,0.3,0.0,0.0,11.3,1.5,3.3,0.1,1.3,15.7,0.0,0.0,0.0
320,Andreas Christensen,Chelsea,1.4199999999999997,2.9583333333333326,,0.2,,13.6,3.0,0.4,0.0,0.0,0.0,0.0,0.0,0.7,0.5,0.0,0.0,0.0,0.0,0.0,0.0,0.0,0.9,13.3,0.3,0.0,0.8,0.2,1.6
321,Nampalys Mendy,Leicester,1.368,8.55,,0.0,,16.6,2.3,0.0,0.0,15.3,0.0,0.0,0.0,0.0,0.0,0.0,0.0,0.0,0.0,0.0,0.0,0.0,0.0,0.0,0.0,0.0,0.0,0.0,0.0
322,Henrikh Mkhitaryan,Arsenal,1.3559999999999999,11.299999999999999,,0.0,,0.0,0.0,0.0,0.0,0.0,0.0,0.0,0.0,0.0,0.0,0.0,0.0,0.0,0.0,0.0,0.0,0.0,0.0,0.0,0.0,13.0,1.5,0.0,19.4
323,Ryan Bennett,Leicester,1.3479999999999999,3.063636363636363,,0.0,,0.0,0.0,0.0,0.8,0.3,0.0,0.0,0.0,0.0,0.0,0.0,0.0,0.1,0.0,0.0,0.3,0.2,0.0,0.0,0.0,10.7,20.0,0.9,0.4
324,Junior Stanislas,Bournemouth,1.3384615384615386,11.600000000000001,1.7,0.0,,0.0,0.0,0.0,5.0,28.1,0.0,0.0,0.0,0.0,0.0,0.0,0.0,0.0,0.0,0.0,0.0,0.0,0.0,0.0,0.0,0.0,0.0,0.0,0.0
325,Connor Wickham,Crystal Palace,1.3269230769230769,5.75,0.0,0.0,,10.8,0.3,0.0,12.3,0.0,10.3,0.0,0.0,0.0,0.0,0.0,0.0,0.0,0.0,0.0,0.0,0.0,0.0,0.0,0.0,0.0,0.0,0.3,0.5
326,Craig Cathcart,Watford,1.2961538461538462,1.4041666666666668,0.0,0.3,,0.0,10.2,0.0,0.0,0.4,0.0,0.0,3.0,10.3,0.1,0.1,4.4,0.3,0.1,0.7,0.1,1.1,0.8,0.0,0.0,0.3,0.3,0.9,0.3
327,Sokratis Papastathopoulos,Arsenal,1.2719999999999998,1.7666666666666666,,0.0,,0.0,0.0,0.2,0.2,0.0,0.7,0.0,0.3,0.3,0.2,0.0,4.4,0.0,0.4,0.3,0.8,0.7,0.3,10.5,0.2,0.2,0.3,11.4,0.4
328,Neil Taylor,Aston Villa,1.264,3.1599999999999997,,0.0,,0.0,0.0,1.5,1.6,0.0,0.0,0.0,0.0,0.0,0.0,0.0,0.0,1.0,0.0,0.0,0.0,0.0,0.8,1.9,3.9,2.1,0.9,16.9,1.0
329,Antonio Rüdiger,Chelsea,1.224,3.06,,3.3,,13.0,3.1,0.8,0.4,2.1,1.9,1.8,3.3,0.0,0.0,0.0,0.0,0.0,0.0,0.0,0.0,0.0,0.0,0.0,0.9,0.0,0.0,0.0,0.0
330,Michael Keane,Everton,1.2153846153846153,1.5799999999999998,0.2,0.0,,0.0,0.0,0.8,0.0,10.1,0.0,0.1,0.3,0.3,0.5,3.4,0.0,0.0,0.0,0.1,0.3,0.3,0.6,1.7,0.7,0.4,11.1,0.2,0.5
331,Kurt Zouma,Chelsea,1.2120000000000002,1.5150000000000001,,0.0,,0.0,0.0,0.0,10.3,1.5,0.3,0.3,3.2,1.8,1.1,1.9,0.4,1.3,0.8,0.7,1.7,0.3,0.0,0.3,1.5,0.3,1.7,0.3,0.6
332,Nick Pope,Burnley,1.212,1.212,,0.0,,0.0,0.0,0.0,0.0,0.0,0.0,0.0,0.0,0.0,0.0,0.0,10.0,0.0,0.0,0.0,0.0,0.0,0.0,0.0,0.0,0.0,0.0,10.3,10.0
333,Aymeric Laporte,Man City,1.184,5.92,,0.0,,2.2,0.0,0.0,0.0,0.0,0.0,0.0,0.0,0.0,0.0,0.0,0.0,0.0,0.0,0.0,0.0,0.0,0.0,0.0,0.0,0.5,24.3,1.7,0.9
334,James Justin,Leicester,1.18,9.833333333333334,,0.0,,0.0,0.0,0.0,0.0,7.3,0.0,0.0,0.0,1.0,21.2,0.0,0.0,0.0,0.0,0.0,0.0,0.0,0.0,0.0,0.0,0.0,0.0,0.0,0.0
335,Charlie Daniels,Bournemouth,1.1384615384615384,14.8,0.0,0.0,,0.0,0.0,0.0,0.0,0.0,0.0,0.0,0.0,0.0,0.0,0.0,0.0,0.0,0.0,0.0,0.0,0.0,0.0,0.0,0.0,0.0,0.0,29.6,0.0
336,Dwight Gayle,Newcastle,1.1360000000000001,3.155555555555556,,0.0,,0.0,0.0,25.2,0.0,1.6,0.8,0.0,0.4,0.0,0.0,0.3,0.0,0.0,0.0,0.1,0.0,0.0,,,,,,,
337,Héctor Bellerín,Arsenal,1.124,5.62,,3.3,,2.1,0.0,0.0,0.0,0.0,0.0,0.0,0.0,0.0,2.0,0.0,5.8,14.9,0.0,0.0,0.0,0.0,0.0,0.0,0.0,0.0,0.0,0.0,0.0
338,Danny Welbeck,Watford,1.0884615384615386,4.042857142857143,0.3,0.4,,0.0,0.0,0.0,0.0,0.0,0.0,0.0,0.0,0.0,0.0,0.0,0.0,0.0,0.0,0.0,0.3,2.3,13.8,0.0,0.0,0.0,10.4,0.8,0.0
339,Henri Lansbury,Aston Villa,1.0879999999999999,3.0222222222222217,,0.0,,0.0,0.0,0.4,0.0,2.8,0.0,0.0,2.0,0.0,0.0,0.0,0.5,20.4,0.0,0.0,0.0,0.0,0.0,0.4,0.0,0.7,0.0,0.0,0.0
340,Gaëtan Bong,Brighton,1.0730769230769233,6.9750000000000005,0.0,0.0,,0.0,0.0,0.0,0.0,0.0,0.0,0.0,0.0,0.0,0.0,0.0,0.0,0.0,0.0,0.0,0.0,0.5,26.6,0.8,0.0,0.0,0.0,0.0,0.0
341,James Tomkins,Crystal Palace,1.0653846153846156,1.538888888888889,0.2,0.6,,0.0,0.2,0.3,1.3,0.0,0.3,0.2,10.4,0.0,0.1,3.0,10.5,0.2,0.1,0.2,0.1,0.0,0.0,0.0,0.0,0.0,0.0,0.0,0.0
342,Max Meyer,Crystal Palace,1.0538461538461539,2.1076923076923078,0.3,1.9,,0.4,0.0,1.1,2.1,1.6,15.1,0.1,0.8,0.0,0.0,0.0,0.0,0.0,0.0,0.0,0.0,0.0,0.4,0.0,0.0,0.0,0.0,2.6,1.0
343,Kevin Danso,Southampton,1.04,4.333333333333334,,0.0,,0.0,0.0,0.0,0.0,0.0,0.0,0.0,0.0,0.0,0.0,0.0,0.0,0.0,0.3,11.3,0.0,0.0,0.0,0.5,0.0,12.3,1.6,0.0,
344,Keinan Davis,Aston Villa,1.036,3.7,,2.6,,0.0,0.0,0.0,0.0,0.0,0.0,0.0,0.0,0.0,0.0,0.0,0.0,0.0,0.0,0.6,0.5,0.0,10.1,0.0,0.5,11.3,0.0,0.3,0.0
345,Angel Gomes,Man Utd,0.992,12.4,,0.0,,0.0,0.0,23.8,0.0,0.0,0.0,0.0,0.0,0.0,0.0,0.0,0.0,0.0,0.0,0.0,0.0,0.0,0.0,1.0,0.0,0.0,0.0,0.0,0.0
346,Angelo Ogbonna,West Ham,0.956,1.1949999999999998,,0.3,3.0,3.0,0.4,0.5,0.5,0.0,0.4,,0.6,0.3,0.6,0.2,0.3,0.0,0.0,0.0,10.1,1.1,0.7,0.4,0.6,0.4,0.0,0.5,0.0
347,Mbwana Samatta,Aston Villa,0.932,23.3,,23.3,,,,,,,,,,,,,,,,,,,,,,,,,
348,Davinson Sánchez,Spurs,0.9319999999999999,1.2944444444444443,,0.0,,0.0,0.0,0.3,0.0,0.6,0.8,1.6,0.1,0.1,1.5,1.7,0.3,0.3,0.1,0.3,1.1,0.0,0.0,0.0,0.0,1.1,1.6,0.0,11.8
349,Albian Ajeti,West Ham,0.916,2.8625000000000003,,0.0,0.0,0.0,0.3,0.0,0.0,0.0,0.0,,0.0,0.0,0.0,0.0,0.0,0.8,21.8,0.0,0.0,0.0,0.0,0.0,0.0,0.0,0.0,0.0,0.0
350,Leighton Baines,Everton,0.9000000000000001,7.800000000000001,0.0,0.0,,0.0,0.0,0.0,0.0,21.1,0.0,0.0,2.3,0.0,0.0,0.0,0.0,0.0,0.0,0.0,0.0,0.0,0.0,0.0,0.0,0.0,0.0,0.0,0.0
351,Bjorn Engels,Aston Villa,0.8640000000000002,1.4400000000000004,,15.9,,0.0,0.0,0.0,0.0,0.0,0.0,0.2,0.3,0.0,0.0,0.0,0.0,0.0,0.1,0.1,1.5,0.3,0.4,0.3,0.7,0.9,0.3,0.6,0.0
352,Ben Osborn,Sheffield Utd,0.8538461538461539,4.44,0.0,0.0,,0.0,0.0,0.0,0.0,0.0,0.0,11.9,0.0,0.0,0.0,0.0,0.0,0.0,0.0,0.0,0.0,0.0,0.0,0.0,0.0,10.3,0.0,0.0,0.0
353,Joel Matip,Liverpool,0.8360000000000001,2.985714285714286,,0.0,0.0,0.0,0.0,0.0,0.0,0.0,0.0,,0.0,0.0,0.0,0.0,0.0,0.0,0.0,0.0,1.3,0.0,2.0,0.3,3.9,0.8,11.3,1.3,0.0
354,Kortney Hause,Aston Villa,0.8280000000000001,2.3000000000000003,,11.3,,2.0,0.9,0.3,0.5,1.1,0.3,1.2,3.1,0.0,0.0,0.0,0.0,0.0,0.0,0.0,0.0,0.0,0.0,0.0,0.0,0.0,0.0,0.0,0.0
355,Dejan Lovren,Liverpool,0.828,2.5875,,0.0,0.0,0.0,0.0,0.0,0.0,0.0,0.0,,0.0,0.6,13.0,0.5,2.1,0.4,1.8,2.3,0.0,0.0,0.0,0.0,0.0,0.0,0.0,0.0,0.0
356,Muhamed Bešić,Sheffield Utd,0.8269230769230769,2.388888888888889,0.0,0.0,,3.1,0.3,1.6,0.4,4.0,0.0,0.0,0.7,10.9,0.0,0.0,0.0,0.0,0.0,0.5,0.0,0.0,0.0,0.0,0.0,0.0,0.0,0.0,0.0
357,Brandon Pierrick,Crystal Palace,0.8076923076923077,21.0,0.0,0.0,,0.0,0.0,0.0,21.0,0.0,0.0,0.0,,,,,,,,,,,,,,,,,
358,Issa Diop,West Ham,0.7879999999999999,1.0368421052631578,,0.3,0.2,0.2,0.0,0.0,0.0,0.2,0.0,,0.0,0.0,0.0,0.0,0.1,0.1,1.9,0.6,0.0,1.9,0.3,0.7,0.4,1.1,0.2,11.2,0.3
359,Jan Bednarek,Southampton,0.784,0.8166666666666668,,0.1,,0.0,0.6,0.2,0.3,0.7,0.0,0.1,0.4,0.2,0.5,0.5,0.3,0.3,0.3,0.4,0.3,0.3,1.1,0.8,0.4,0.0,0.3,0.7,10.8
360,Shane Duffy,Brighton,0.7461538461538461,1.3857142857142857,5.0,0.0,,0.0,0.0,10.3,0.0,0.6,0.0,0.0,0.0,0.0,0.0,0.0,0.6,0.5,0.8,0.0,0.0,0.0,0.0,0.0,0.4,0.0,0.2,0.8,0.2
361,Ibrahim Amadou,Norwich,0.732,1.6636363636363638,,0.0,,0.0,0.0,0.2,0.0,0.0,0.0,0.0,0.0,0.0,0.1,16.0,0.0,0.0,0.0,0.0,0.2,0.0,0.6,0.9,0.0,0.3,0.0,0.0,0.0
362,Fabián Balbuena,West Ham,0.728,1.4,,0.0,0.0,0.0,0.0,0.2,0.0,0.5,0.1,,0.0,0.6,3.3,10.2,0.0,0.3,2.0,0.6,0.0,0.0,0.0,0.0,0.0,0.0,0.0,0.0,0.4
363,Ben Godfrey,Norwich,0.7160000000000001,0.9944444444444446,,0.0,,0.0,1.3,0.0,0.0,0.0,0.0,0.0,3.3,0.9,1.1,0.3,0.3,3.8,0.9,0.4,0.2,0.5,2.3,0.4,0.0,1.4,0.4,0.3,0.1
364,Craig Dawson,Watford,0.6923076923076922,0.9473684210526314,0.0,0.0,,0.3,0.3,3.1,0.6,0.0,0.0,0.0,0.0,0.0,0.0,0.0,10.0,0.1,0.1,0.0,0.0,0.2,1.1,0.1,0.3,0.5,0.7,0.2,0.4
365,Chris Mepham,Bournemouth,0.6346153846153846,1.5,0.0,0.0,,0.0,0.0,0.0,0.8,10.7,0.7,0.1,0.3,0.0,1.4,0.0,0.0,0.0,0.0,0.0,0.0,0.0,0.0,0.0,0.0,0.4,0.9,0.0,1.2
366,Christoph Zimmermann,Norwich,0.6160000000000001,1.1,,1.1,,0.3,0.1,0.2,0.1,0.3,1.5,0.5,0.2,10.3,0.4,0.1,0.3,0.0,0.0,0.0,0.0,0.0,0.0,0.0,0.0,0.0,0.0,0.0,0.0
367,Yoshinori Muto,Newcastle,0.6040000000000001,2.1571428571428575,,0.0,,0.0,0.0,0.0,11.0,0.0,0.0,0.0,0.8,0.0,0.0,0.0,0.0,0.0,0.0,0.0,0.0,0.0,0.3,0.0,0.5,1.0,0.0,1.5,0.0
368,Daniel Castelo Podence,Wolves,0.604,15.1,,15.1,,,,,,,,,,,,,,,,,,,,,,,,,
369,Matej Vydra,Burnley,0.5920000000000001,2.466666666666667,,0.0,,0.0,0.0,3.3,0.0,0.0,0.0,0.0,0.0,0.5,0.0,0.0,0.0,0.0,0.0,0.1,0.1,0.0,0.0,0.0,10.8,0.0,0.0,0.0,0.0
370,Takumi Minamino,Liverpool,0.584,4.866666666666666,,0.0,7.3,7.3,0.0,0.0,,,,,,,,,,,,,,,,,,,,,
371,Ciaran Clark,Newcastle,0.584,1.123076923076923,,0.8,,0.3,0.5,0.1,0.0,0.0,0.0,0.0,0.0,0.0,0.2,0.0,0.3,0.1,10.7,1.1,0.3,0.2,0.0,0.0,0.0,0.0,0.0,0.0,0.0
372,Jamaal Lascelles,Newcastle,0.5479999999999999,0.9133333333333333,,0.0,,0.2,0.3,0.0,0.0,0.0,0.0,0.0,0.0,0.0,0.0,0.0,0.0,0.0,0.1,0.2,0.1,0.0,0.3,0.6,0.0,11.4,0.0,0.1,0.4
373,Shkodran Mustafi,Arsenal,0.528,2.1999999999999997,,0.3,,10.5,1.2,0.0,0.0,0.2,0.2,0.0,0.0,0.0,0.0,0.8,0.0,0.0,0.0,0.0,0.0,0.0,0.0,0.0,0.0,0.0,0.0,0.0,0.0
374,Isaac Success Ajayi,Watford,0.5230769230769231,2.72,0.0,0.3,,0.0,0.0,0.0,0.0,0.0,0.0,0.0,0.0,0.0,1.0,0.0,0.0,0.0,0.0,0.0,0.0,0.0,0.0,0.0,0.0,12.3,0.0,0.0,0.0
375,Christian Kabasele,Watford,0.5192307692307693,0.8437500000000001,0.1,0.1,,0.0,0.0,0.0,0.1,0.2,0.1,10.3,0.0,0.3,0.0,0.0,0.0,0.4,0.8,0.6,0.2,0.3,0.0,0.0,0.0,0.0,0.0,0.0,0.0
376,Mamadou Sakho,Crystal Palace,0.5076923076923078,1.6500000000000001,0.0,0.0,,0.0,0.0,0.0,1.1,0.4,0.6,0.0,0.0,0.0,0.0,0.3,0.0,0.0,0.0,0.0,0.0,0.0,0.0,0.4,10.3,0.1,0.0,0.0,0.0
377,Florian Lejeune,Newcastle,0.504,2.1,,0.0,,0.5,0.0,0.1,0.6,10.1,0.5,0.8,0.0,0.0,0.0,0.0,0.0,0.0,0.0,0.0,0.0,0.0,0.0,0.0,0.0,0.0,0.0,0.0,0.0
378,Billy Gilmour,Chelsea,0.504,6.300000000000001,,0.0,,0.0,0.0,0.0,0.0,0.0,0.0,0.0,0.0,0.0,0.0,0.0,0.0,11.8,0.0,0.0,0.0,0.0,0.0,0.0,0.0,0.8,,,
379,Juan Foyth,Spurs,0.5,3.125,,0.0,,0.0,0.0,0.0,0.0,0.4,0.0,0.0,0.0,0.0,0.0,0.0,0.0,12.0,0.1,0.0,0.0,0.0,0.0,0.0,0.0,0.0,0.0,0.0,0.0
380,Jonathan Kodjia,Aston Villa,0.488,2.033333333333333,,0.0,,0.0,0.0,0.0,0.3,0.6,0.0,10.7,0.6,0.0,0.0,0.0,0.0,0.0,0.0,0.0,0.0,0.0,0.0,0.0,0.0,0.0,0.0,0.0,0.0
381,Jack Simpson,Bournemouth,0.4846153846153846,4.2,0.0,0.0,,0.0,0.0,0.0,0.6,0.0,12.0,0.0,0.0,0.0,0.0,0.0,0.0,0.0,0.0,0.0,0.0,0.0,0.0,0.0,0.0,0.0,0.0,0.0,0.0
382,Emil Krafth,Newcastle,0.48400000000000004,1.1,,0.0,,1.2,0.8,0.0,0.3,0.0,0.0,0.0,0.0,0.0,0.5,0.0,0.0,0.0,0.0,0.0,0.0,0.0,1.4,0.0,4.3,1.4,0.8,1.4,0.0
383,Tomas Soucek,West Ham,0.48,12.0,,12.0,,,,,,,,,,,,,,,,,,,,,,,,,
384,Gedson Carvalho Fernandes,Spurs,0.468,5.8500000000000005,,0.0,,0.9,10.8,,,,,,,,,,,,,,,,,,,,,,
385,Bruno Miguel Borges Fernandes,Man Utd,0.436,10.9,,10.9,,,,,,,,,,,,,,,,,,,,,,,,,
386,Florin Andone,Brighton,0.4346153846153846,3.766666666666667,0.0,0.0,,0.0,0.0,0.0,0.0,0.0,0.0,0.0,0.0,0.0,0.0,0.0,0.0,0.0,0.0,0.0,0.0,0.0,0.0,0.0,0.0,0.0,0.3,10.5,0.5
387,John Egan,Sheffield Utd,0.41923076923076924,0.436,0.8,0.3,,0.1,0.6,0.3,0.2,0.3,0.7,0.2,0.8,0.2,2.9,0.3,0.0,0.2,0.0,0.0,0.2,0.4,0.3,0.1,0.7,0.3,0.7,0.0,0.3
388,Scott Dann,Crystal Palace,0.41923076923076924,1.8166666666666667,0.0,0.0,,0.0,0.0,0.0,0.0,0.0,0.0,0.0,0.2,0.0,0.0,10.3,0.0,0.0,0.0,0.0,0.0,0.0,0.0,0.0,0.0,0.0,0.0,0.3,0.1
389,Edward Nketiah,Arsenal,0.41600000000000004,5.2,,0.1,,0.0,10.3,0.0,0.0,0.0,0.0,0.0,0.0,0.0,0.0,0.0,0.0,0.0,0.0,0.0,0.0,0.0,0.0,0.0,0.0,0.0,0.0,0.0,0.0
390,Kasper Schmeichel,Leicester,0.4,0.4,,0.0,,0.0,0.0,0.0,0.0,0.0,0.0,0.0,0.0,0.0,0.0,0.0,0.0,0.0,0.0,0.0,0.0,0.0,0.0,0.0,10.0,0.0,0.0,0.0,0.0
391,Alisson Ramses Becker,Liverpool,0.4,0.5882352941176471,,0.0,0.0,0.0,10.0,0.0,0.0,0.0,0.0,,0.0,0.0,0.0,0.0,0.0,0.0,0.0,0.0,0.0,0.0,0.0,0.0,0.0,0.0,0.0,0.0,0.0
392,Paulo Gazzaniga,Spurs,0.4,0.5882352941176471,,0.0,,0.0,0.0,0.0,0.0,0.0,0.0,0.0,0.0,0.0,0.0,0.0,0.0,0.0,0.0,10.0,0.0,0.0,0.0,0.0,0.0,0.0,0.0,0.0,0.0
393,Ben Foster,Watford,0.38846153846153847,0.38846153846153847,0.0,0.0,,0.0,0.0,0.0,0.0,0.0,0.0,0.0,0.0,0.0,0.0,0.1,0.0,0.0,0.0,0.0,0.0,0.0,0.0,0.0,0.0,0.0,10.0,0.0,0.0
394,Aaron Ramsdale,Bournemouth,0.38461538461538464,0.4,0.0,0.0,,0.0,0.0,0.0,0.0,0.0,0.0,0.0,0.0,0.0,0.0,0.0,0.0,0.0,0.0,0.0,0.0,0.0,0.0,10.0,0.0,0.0,0.0,0.0,0.0
395,Josip Drmic,Norwich,0.32400000000000007,0.8100000000000002,,0.0,,0.1,0.3,0.0,0.0,0.0,0.0,0.0,0.0,0.0,0.0,0.0,0.0,1.5,0.0,0.0,0.0,0.3,0.1,3.1,0.3,2.1,0.0,0.0,0.3
396,Daniel Drinkwater,Aston Villa,0.31200000000000006,1.9500000000000002,,0.0,,3.6,1.8,1.5,0.0,0.0,0.0,0.0,0.0,0.0,0.9,0.0,0.0,0.0,0.0,0.0,0.0,0.0,0.0,0.0,0.0,0.0,0.0,0.0,0.0
397,Jeremy Ngakia,West Ham,0.28800000000000003,3.6,,0.0,3.6,3.6,0.0,0.0,,,,,,,,,,,,,,,,,,,,,
398,Anthony Gordon,Everton,0.2846153846153846,7.4,0.0,0.0,,0.0,7.4,0.0,0.0,0.0,0.0,0.0,0.0,0.0,0.0,0.0,0.0,0.0,,,,,,,,,,,
399,Jesús Vallejo Lázaro,Wolves,0.28,3.5,,0.0,,0.0,0.0,0.0,0.0,0.0,0.0,0.0,0.0,0.0,0.0,0.0,0.0,0.0,0.0,0.0,1.3,0.0,0.0,0.0,5.7,0.0,0.0,0.0,0.0
400,Ezequiel Schelotto,Brighton,0.2615384615384615,1.133333333333333,2.8,1.3,,0.0,0.0,0.0,0.0,0.0,1.5,0.0,0.0,0.0,0.0,0.0,0.8,0.0,0.3,0.1,0.0,0.0,0.0,,,,,,
401,Jack Wilshere,West Ham,0.26,1.0833333333333333,,0.0,0.0,0.0,0.0,0.0,0.0,0.0,0.0,,0.0,0.0,0.0,0.0,0.0,0.0,0.0,0.0,0.9,0.6,0.3,0.8,0.0,0.0,0.0,1.8,2.1
402,Emile Smith Rowe,Arsenal,0.252,3.15,,0.0,,0.0,0.0,0.0,0.0,0.0,0.0,4.0,2.3,,,,,,,,,,,,,,,,
403,Axel Tuanzebe,Man Utd,0.24799999999999997,1.2399999999999998,,0.0,,0.0,0.0,0.0,0.0,0.0,0.0,0.0,0.0,0.0,0.0,0.0,0.5,0.0,0.0,0.0,0.0,2.3,3.4,0.0,0.0,0.0,0.0,0.0,0.0
404,Jean-Philippe Gbamin,Everton,0.2423076923076923,3.15,0.0,0.0,,0.0,0.0,0.0,0.0,0.0,0.0,0.0,0.0,0.0,0.0,0.0,0.0,0.0,0.0,0.0,0.0,0.0,0.0,0.0,0.0,0.0,0.0,1.7,4.6
405,Eric Garcia,Man City,0.21999999999999997,0.9166666666666665,,0.0,,0.0,0.0,0.0,1.8,2.8,0.3,0.0,0.0,0.0,0.0,0.0,0.0,0.0,0.0,0.0,0.0,0.0,0.0,0.6,,,,,
406,Jordon Ibe,Bournemouth,0.20769230769230768,2.6999999999999997,0.0,0.0,,0.0,0.0,0.0,0.0,0.0,0.0,0.0,0.0,0.0,0.0,0.0,0.0,0.0,0.0,0.0,0.0,0.0,0.0,0.0,0.0,5.1,0.3,0.0,0.0
407,Phil Jagielka,Sheffield Utd,0.18076923076923077,1.175,0.0,0.0,,0.0,0.0,0.0,0.0,0.0,0.0,0.0,0.0,0.0,0.0,0.0,4.7,0.0,0.0,0.0,0.0,0.0,0.0,0.0,0.0,0.0,0.0,0.0,0.0
408,José Diogo Dalot Teixeira,Man Utd,0.172,1.4333333333333333,,0.8,,0.0,1.0,0.0,0.0,0.0,0.0,0.0,0.0,0.0,0.0,0.0,0.0,0.0,0.0,0.0,0.0,2.5,0.0,0.0,0.0,0.0,0.0,0.0,0.0
409,Curtis Jones,Liverpool,0.16799999999999998,1.3999999999999997,,0.0,0.7,0.7,0.0,0.0,0.0,0.0,0.0,,0.0,2.8,,,,,,,,,,,,,,,
410,Nathan Holland,West Ham,0.152,1.9,,0.0,0.0,0.0,0.0,0.0,0.0,0.0,0.0,,0.0,2.0,1.8,,,,,,,,,,,,,,
411,Carlos Sánchez,West Ham,0.148,0.6166666666666666,,0.0,0.0,0.0,0.0,0.0,0.0,1.8,0.0,,0.0,0.0,0.0,0.0,0.5,0.0,0.0,0.0,0.0,0.0,0.0,0.0,0.0,1.3,0.0,0.1,0.0
412,Maya Yoshida,Southampton,0.148,0.46249999999999997,,0.0,,0.0,0.0,0.0,0.0,0.0,0.0,0.0,0.0,0.0,0.0,0.0,0.0,0.0,0.0,0.3,0.1,0.4,1.8,0.0,0.4,0.4,0.0,0.3,0.0
413,Andrew Surman,Bournemouth,0.1423076923076923,0.9249999999999999,1.5,0.0,,0.0,0.0,0.0,0.0,0.0,0.0,0.0,0.0,0.0,0.0,0.0,0.0,0.0,0.0,0.0,0.0,0.0,0.0,0.0,0.0,0.8,0.0,1.4,0.0
414,Japhet Tanganga,Spurs,0.14,1.1666666666666667,,1.3,,0.0,1.9,0.3,0.0,0.0,0.0,,,,,,,,,,,,,,,,,,
415,Dennis Srbeny,Norwich,0.136,0.425,,0.0,,0.0,0.0,0.0,0.0,0.0,0.0,2.3,0.0,0.3,0.0,0.0,0.0,0.0,0.6,0.0,0.0,0.1,0.0,0.0,0.0,0.0,0.1,0.0,0.0
416,Sander Berge,Sheffield Utd,0.13076923076923078,1.7000000000000002,2.1,1.3,,,,,,,,,,,,,,,,,,,,,,,,,
417,Ederson Santana de Moraes,Man City,0.12,0.13636363636363635,,0.0,,0.0,0.0,0.0,0.0,0.0,0.0,0.0,0.0,0.0,0.0,0.0,0.0,0.0,0.0,3.0,0.0,0.0,0.0,0.0,0.0,0.0,0.0,0.0,0.0
418,Phil Jones,Man Utd,0.12,1.5,,0.0,,2.4,0.0,0.0,0.0,0.0,0.0,0.0,0.0,0.0,0.0,0.0,0.6,0.0,0.0,0.0,0.0,0.0,0.0,0.0,0.0,0.0,0.0,0.0,0.0
419,Jordan Pickford,Everton,0.11538461538461539,0.11538461538461539,0.0,0.0,,0.0,0.0,0.0,0.0,0.0,0.0,0.0,0.0,0.0,0.0,0.0,0.0,0.0,3.0,0.0,0.0,0.0,0.0,0.0,0.0,0.0,0.0,0.0,0.0
420,James Garner,Man Utd,0.11199999999999999,2.8,,0.0,,0.0,0.0,0.0,0.0,0.0,0.0,0.0,0.0,0.0,0.0,0.0,0.0,0.0,0.0,2.8,0.0,0.0,0.0,0.0,0.0,0.0,0.0,0.0,0.0
421,Grant Hanley,Norwich,0.096,0.21818181818181817,,0.4,,0.2,0.0,0.4,0.5,0.0,0.3,0.2,0.0,0.0,0.0,0.0,0.0,0.0,0.0,0.0,0.0,0.0,0.0,0.0,0.0,0.0,0.3,0.1,0.0
422,Javier Hernández Balcázar,West Ham,0.08800000000000001,1.1,,0.0,0.0,0.0,0.0,0.0,0.0,0.0,0.0,,0.0,0.0,0.0,0.0,0.0,0.0,0.0,0.0,0.0,0.0,0.0,0.0,0.0,0.0,0.0,1.2,1.0
423,Marcos Rojo,Man Utd,0.07600000000000001,0.6333333333333334,,0.0,,0.0,0.0,0.0,0.0,0.0,0.0,0.0,0.0,0.0,0.0,0.0,0.0,0.0,0.0,0.0,0.3,1.6,0.0,0.0,0.0,0.0,0.0,0.0,0.0
424,Oumar Niasse,Everton,0.06923076923076923,0.6,0.0,0.0,,0.0,1.5,0.0,0.0,0.0,0.0,0.0,0.3,0.0,,,,,,,,,,,,,,,
425,Steven Bergwijn,Spurs,0.068,1.7,,1.7,,,,,,,,,,,,,,,,,,,,,,,,,
426,Adam Idah,Norwich,0.06,0.75,,0.0,,0.0,0.0,1.5,0.0,0.0,0.0,0.0,0.0,0.0,0.0,0.0,0.0,0.0,0.0,0.0,0.0,0.0,0.0,0.0,0.0,,,,
427,Valentino Lazaro,Newcastle,0.052000000000000005,1.3,,1.3,,,,,,,,,,,,,,,,,,,,,,,,,
428,Indiana Vassilev,Aston Villa,0.052000000000000005,0.65,,0.0,,0.5,0.8,0.0,,,,,,,,,,,,,,,,,,,,,
429,Jürgen Locadia,Brighton,0.05,0.65,0.0,0.0,,0.0,0.0,0.0,0.0,0.0,0.0,0.0,0.0,0.0,0.0,0.0,0.0,0.0,0.0,0.0,0.0,0.0,0.0,0.0,0.0,0.0,0.0,0.0,1.3
430,Max Kilman,Wolves,0.04800000000000001,0.4000000000000001,,0.0,,0.0,0.0,0.0,0.0,0.1,0.0,0.0,0.0,0.0,0.0,1.1,0.0,0.0,0.0,0.0,0.0,0.0,0.0,0.0,0.0,0.0,0.0,0.0,0.0
431,Dimitri Foulquier,Watford,0.038461538461538464,0.3333333333333333,0.0,0.0,,0.0,0.0,0.0,0.0,0.0,0.0,0.0,0.0,0.0,0.0,0.5,0.0,0.0,0.0,0.4,0.0,0.0,0.0,0.1,0.0,,,,
432,Victor Wanyama,Spurs,0.036000000000000004,0.45,,0.0,,0.0,0.0,0.0,0.0,0.0,0.0,0.0,0.0,0.0,0.0,0.0,0.0,0.0,0.0,0.0,0.0,0.0,0.0,0.9,0.0,0.0,0.0,0.0,0.0
433,Ignacio Pussetto,Watford,0.03461538461538461,0.22499999999999998,0.3,0.3,,0.3,0.0,,,,,,,,,,,,,,,,,,,,,,
434,Domingos Quina,Watford,0.03076923076923077,0.2,0.0,0.0,,0.0,0.0,0.3,0.0,0.0,0.0,0.0,0.0,0.0,0.3,0.0,0.0,0.0,0.0,0.0,0.0,0.0,0.0,0.0,0.0,0.0,0.2,0.0,0.0
435,Wes Morgan,Leicester,0.028000000000000004,0.1,,0.0,,0.0,0.0,0.0,0.2,0.4,0.0,0.0,0.0,0.0,0.0,0.0,0.1,0.0,0.0,0.0,0.0,0.0,0.0,0.0,0.0,0.0,0.0,0.0,0.0
436,Patrick Roberts,Norwich,0.024,0.19999999999999998,,0.0,,0.0,0.0,0.0,0.0,0.0,0.0,0.0,0.0,0.0,0.0,0.0,0.0,0.0,0.0,0.0,0.0,0.3,0.3,0.0,0.0,0.0,0.0,0.0,0.0
437,Ravel Morrison,Sheffield Utd,0.023076923076923075,0.6,0.0,0.0,,0.0,0.0,0.0,0.0,0.0,0.0,0.0,0.0,0.0,0.0,0.0,0.0,0.0,0.0,0.0,0.0,0.0,0.0,0.0,0.0,0.0,0.6,0.0,0.0
438,Tahith Chong,Man Utd,0.02,0.25,,0.0,,0.0,0.0,0.0,0.0,0.0,0.0,0.0,0.0,0.0,0.0,0.0,0.0,0.0,0.0,0.0,0.0,0.1,0.0,0.0,0.4,0.0,0.0,0.0,0.0
439,Rob Holding,Arsenal,0.016,0.2,,0.0,,0.0,0.0,0.0,0.0,0.0,0.0,0.0,0.0,0.0,0.0,0.0,0.0,0.4,0.0,0.0,0.0,0.0,0.0,0.0,0.0,0.0,0.0,0.0,0.0
440,Tom Heaton,Aston Villa,0.012,0.015,,0.0,,0.0,0.0,0.0,0.0,0.0,0.0,0.0,0.0,0.0,0.3,0.0,0.0,0.0,0.0,0.0,0.0,0.0,0.0,0.0,0.0,0.0,0.0,0.0,0.0
441,Sam Surridge,Bournemouth,0.011538461538461537,0.3,0.0,0.0,,0.0,0.0,0.3,0.0,0.0,0.0,0.0,0.0,0.0,0.0,0.0,0.0,0.0,0.0,0.0,0.0,0.0,0.0,0.0,0.0,0.0,0.0,0.0,0.0
442,Leon Clarke,Sheffield Utd,0.011538461538461537,0.3,0.0,0.0,,0.0,0.0,0.0,0.0,0.0,0.0,0.0,0.0,0.0,0.0,0.0,0.0,0.0,0.0,0.0,0.0,0.0,0.3,,,,,,
443,Oliver Skipp,Spurs,0.008,0.06666666666666667,,0.0,,0.0,0.0,0.0,0.0,0.0,0.0,0.0,0.0,0.0,0.0,0.0,0.0,0.0,0.0,0.0,0.0,0.0,0.0,0.0,0.0,0.0,0.0,0.1,0.1
444,Kevin Long,Burnley,0.004,0.1,,0.0,,0.0,0.0,0.0,0.0,0.0,0.1,0.0,0.0,0.0,0.0,0.0,0.0,0.0,0.0,0.0,0.0,0.0,0.0,0.0,0.0,0.0,0.0,0.0,0.0
445,Troy Parrott,Spurs,0.004,0.1,,0.0,,0.0,0.0,0.0,0.0,0.0,0.0,0.0,0.0,0.1,0.0,0.0,0.0,0.0,0.0,0.0,0.0,0.0,0.0,0.0,0.0,0.0,0.0,0.0,0.0
446,Sebastian Prödl,Watford,0.0038461538461538464,0.1,0.0,0.0,,0.0,0.0,0.0,0.0,0.0,0.0,0.0,0.0,0.0,0.0,0.0,0.0,0.0,0.0,0.0,0.0,0.1,0.0,0.0,0.0,0.0,0.0,0.0,0.0
447,Víctor Camarasa,Crystal Palace,0.0038461538461538464,0.1,0.0,0.0,,0.0,0.0,0.0,0.0,0.0,0.0,0.0,0.0,0.0,0.0,0.0,0.0,0.0,0.0,0.0,0.0,0.0,0.0,0.0,0.1,0.0,0.0,0.0,0.0
448,Carl Jenkinson,Arsenal,0.0,0.0,,0.0,,0.0,0.0,0.0,0.0,0.0,0.0,0.0,0.0,0.0,0.0,0.0,0.0,0.0,0.0,0.0,0.0,0.0,0.0,0.0,0.0,0.0,0.0,0.0,0.0
449,Mathew Ryan,Brighton,0.0,0.0,0.0,0.0,,0.0,0.0,0.0,0.0,0.0,0.0,0.0,0.0,0.0,0.0,0.0,0.0,0.0,0.0,0.0,0.0,0.0,0.0,0.0,0.0,0.0,0.0,0.0,0.0
450,Konstantinos Mavropanos,Arsenal,0.0,0.0,,0.0,,0.0,0.0,0.0,0.0,0.0,0.0,0.0,0.0,0.0,0.0,0.0,0.0,0.0,0.0,0.0,0.0,0.0,0.0,0.0,0.0,0.0,0.0,0.0,0.0
451,Mihai-Alexandru Dobre,Bournemouth,0.0,0.0,0.0,0.0,,0.0,0.0,0.0,0.0,0.0,0.0,0.0,0.0,,,,,,,,,,,,,,,,
452,Leon Balogun,Brighton,0.0,0.0,0.0,0.0,,0.0,0.0,0.0,0.0,0.0,0.0,0.0,0.0,0.0,0.0,0.0,0.0,0.0,0.0,0.0,0.0,0.0,0.0,0.0,0.0,0.0,0.0,0.0,0.0
453,Ken Sema,Watford,0.0,0.0,0.0,0.0,,0.0,0.0,0.0,0.0,0.0,0.0,0.0,0.0,0.0,0.0,0.0,0.0,0.0,0.0,0.0,0.0,0.0,0.0,0.0,0.0,0.0,0.0,0.0,0.0
454,Matthew Clarke,Brighton,0.0,0.0,0.0,0.0,,0.0,0.0,0.0,0.0,0.0,0.0,0.0,0.0,0.0,0.0,0.0,0.0,0.0,0.0,0.0,0.0,0.0,0.0,0.0,0.0,0.0,0.0,0.0,0.0
455,Pontus Dahlberg,Watford,0.0,0.0,0.0,0.0,,0.0,0.0,0.0,0.0,0.0,0.0,0.0,0.0,0.0,0.0,0.0,0.0,0.0,0.0,0.0,0.0,0.0,0.0,0.0,0.0,0.0,0.0,0.0,0.0
456,Ørjan Nyland,Aston Villa,0.0,0.0,,0.0,,0.0,0.0,0.0,0.0,0.0,0.0,0.0,0.0,0.0,0.0,0.0,0.0,0.0,0.0,0.0,0.0,0.0,0.0,0.0,0.0,0.0,0.0,0.0,0.0
457,Laurent Koscielny,Arsenal,0.0,0.0,,0.0,,0.0,0.0,0.0,0.0,0.0,0.0,0.0,0.0,0.0,0.0,0.0,0.0,0.0,0.0,0.0,0.0,0.0,0.0,0.0,0.0,0.0,0.0,0.0,0.0
458,David Button,Brighton,0.0,0.0,0.0,0.0,,0.0,0.0,0.0,0.0,0.0,0.0,0.0,0.0,0.0,0.0,0.0,0.0,0.0,0.0,0.0,0.0,0.0,0.0,0.0,0.0,0.0,0.0,0.0,0.0
459,Michel Vorm,Spurs,0.0,0.0,,0.0,,0.0,0.0,0.0,0.0,0.0,0.0,0.0,0.0,0.0,0.0,0.0,0.0,0.0,0.0,0.0,0.0,,,,,,,,
460,Brandon Austin,Spurs,0.0,0.0,,0.0,,0.0,0.0,0.0,0.0,0.0,0.0,0.0,0.0,0.0,0.0,0.0,0.0,0.0,0.0,0.0,0.0,,,,,,,,
461,Bruno André Cavaco Jordao,Wolves,0.0,0.0,,0.0,,0.0,0.0,,,,,,,,,,,,,,,,,,,,,,
462,Ryan Giles,Wolves,0.0,0.0,,0.0,,0.0,0.0,,,,,,,,,,,,,,,,,,,,,,
463,Ben Gibson,Burnley,0.0,0.0,,0.0,,0.0,0.0,0.0,0.0,0.0,0.0,0.0,0.0,0.0,0.0,0.0,0.0,0.0,0.0,0.0,0.0,0.0,0.0,0.0,0.0,0.0,0.0,0.0,0.0
464,Oskar Buur,Wolves,0.0,0.0,,0.0,,0.0,0.0,0.0,0.0,0.0,,,,,,,,,,,,,,,,,,,
465,Tariq Lamptey,Brighton,0.0,0.0,0.0,0.0,,0.0,0.0,0.0,0.0,0.0,,,,,,,,,,,,,,,,,,,
466,Tudor Baluta,Brighton,0.0,0.0,0.0,0.0,,0.0,0.0,0.0,0.0,0.0,0.0,0.0,0.0,0.0,0.0,0.0,0.0,0.0,0.0,0.0,0.0,0.0,0.0,0.0,0.0,,,,
467,Beram Kayal,Brighton,0.0,0.0,0.0,0.0,,0.0,0.0,0.0,0.0,0.0,0.0,0.0,0.0,0.0,0.0,0.0,0.0,0.0,0.0,0.0,0.0,0.0,0.0,0.0,0.0,0.0,0.0,0.0,0.0
468,Marc Navarro,Watford,0.0,0.0,0.0,0.0,,0.0,0.0,0.0,0.0,0.0,0.0,0.0,0.0,0.0,0.0,0.0,0.0,0.0,0.0,0.0,0.0,0.0,0.0,0.0,0.0,0.0,0.0,0.0,0.0
469,Luke Cundle,Wolves,0.0,0.0,,0.0,,0.0,0.0,0.0,0.0,0.0,0.0,0.0,0.0,0.0,0.0,0.0,,,,,,,,,,,,,
470,Anthony Knockaert,Brighton,0.0,0.0,0.0,0.0,,0.0,0.0,0.0,0.0,0.0,0.0,0.0,0.0,0.0,0.0,0.0,0.0,0.0,0.0,0.0,0.0,0.0,0.0,0.0,0.0,0.0,0.0,0.0,0.0
471,Owen Otasowie,Wolves,0.0,0.0,,0.0,,0.0,0.0,0.0,0.0,0.0,0.0,0.0,0.0,0.0,0.0,0.0,,,,,,,,,,,,,
472,Christian Saydee,Bournemouth,0.0,0.0,0.0,0.0,,0.0,0.0,0.0,0.0,0.0,0.0,0.0,0.0,0.0,0.0,0.0,,,,,,,,,,,,,
473,José Heriberto Izquierdo Mena,Brighton,0.0,0.0,0.0,0.0,,0.0,0.0,0.0,0.0,0.0,0.0,0.0,0.0,0.0,0.0,0.0,0.0,0.0,0.0,0.0,0.0,0.0,0.0,0.0,0.0,0.0,0.0,0.0,0.0
474,Taylor Perry,Wolves,0.0,0.0,,0.0,,0.0,0.0,0.0,0.0,0.0,0.0,0.0,0.0,0.0,0.0,0.0,0.0,0.0,0.0,,,,,,,,,,
475,Bernard Ashley-Seal,Wolves,0.0,0.0,,0.0,,0.0,0.0,0.0,0.0,0.0,0.0,0.0,0.0,0.0,0.0,0.0,0.0,0.0,0.0,0.0,,,,,,,,,
476,Gavin Kilkenny,Bournemouth,0.0,0.0,0.0,0.0,,0.0,0.0,0.0,0.0,0.0,0.0,0.0,0.0,0.0,0.0,0.0,,,,,,,,,,,,,
477,David Brooks,Bournemouth,0.0,0.0,0.0,0.0,,0.0,0.0,0.0,0.0,0.0,0.0,0.0,0.0,0.0,0.0,0.0,0.0,0.0,0.0,0.0,0.0,0.0,0.0,0.0,0.0,0.0,0.0,0.0,0.0
478,Heurelho da Silva Gomes,Watford,0.0,0.0,0.0,0.0,,0.0,0.0,0.0,0.0,0.0,0.0,0.0,0.0,0.0,0.0,0.0,0.0,0.0,0.0,0.0,0.0,0.0,0.0,0.0,0.0,0.0,0.0,0.0,0.0
479,Ivan Cavaleiro,Wolves,0.0,0.0,,0.0,,0.0,0.0,0.0,0.0,0.0,0.0,0.0,0.0,0.0,0.0,0.0,0.0,0.0,0.0,0.0,0.0,0.0,0.0,0.0,0.0,0.0,0.0,0.0,0.0
480,John Ruddy,Wolves,0.0,0.0,,0.0,,0.0,0.0,0.0,0.0,0.0,0.0,0.0,0.0,0.0,0.0,0.0,0.0,0.0,0.0,0.0,0.0,0.0,0.0,0.0,0.0,0.0,0.0,0.0,0.0
481,Grady Diangana,West Ham,0.0,0.0,,0.0,0.0,0.0,0.0,0.0,0.0,0.0,0.0,,0.0,0.0,0.0,0.0,0.0,0.0,0.0,0.0,0.0,0.0,0.0,0.0,0.0,0.0,0.0,0.0,0.0
482,Rui Pedro dos Santos Patrício,Wolves,0.0,0.0,,0.0,,0.0,0.0,0.0,0.0,0.0,0.0,0.0,0.0,0.0,0.0,0.0,0.0,0.0,0.0,0.0,0.0,0.0,0.0,0.0,0.0,0.0,0.0,0.0,0.0
483,Pedro Obiang,West Ham,0.0,0.0,,0.0,0.0,0.0,0.0,0.0,0.0,0.0,0.0,,0.0,0.0,0.0,0.0,0.0,0.0,0.0,0.0,0.0,0.0,0.0,0.0,0.0,0.0,0.0,0.0,0.0
484,Roberto Jimenez Gago,West Ham,0.0,0.0,,0.0,0.0,0.0,0.0,0.0,0.0,0.0,0.0,,0.0,0.0,0.0,0.0,0.0,0.0,0.0,0.0,0.0,0.0,0.0,0.0,0.0,0.0,0.0,0.0,0.0
485,Emiliano Martínez,Arsenal,0.0,0.0,,0.0,,0.0,0.0,0.0,0.0,0.0,0.0,0.0,0.0,0.0,0.0,0.0,0.0,0.0,0.0,0.0,0.0,0.0,0.0,0.0,0.0,0.0,0.0,0.0,0.0
486,Birkir Bjarnason,Aston Villa,0.0,0.0,,0.0,,0.0,0.0,0.0,0.0,0.0,0.0,0.0,0.0,0.0,0.0,0.0,0.0,0.0,0.0,0.0,0.0,0.0,0.0,0.0,0.0,0.0,0.0,0.0,0.0
487,David Martin,West Ham,0.0,0.0,,0.0,0.0,0.0,0.0,0.0,0.0,0.0,0.0,,0.0,0.0,0.0,0.0,0.0,0.0,0.0,0.0,0.0,0.0,,,,,,,
488,Tyreece John-Jules,Arsenal,0.0,0.0,,0.0,,0.0,0.0,0.0,0.0,0.0,,,,,,,,,,,,,,,,,,,
489,Joseph Anang,West Ham,0.0,0.0,,0.0,0.0,0.0,0.0,0.0,0.0,0.0,0.0,,,,,,,,,,,,,,,,,,
490,Pablo Marí,Arsenal,0.0,0.0,,0.0,,,,,,,,,,,,,,,,,,,,,,,,,
491,Gonçalo Bento Soares Cardoso,West Ham,0.0,0.0,,0.0,0.0,0.0,0.0,0.0,,,,,,,,,,,,,,,,,,,,,
492,Bernardo Costa Da Rosa,West Ham,0.0,0.0,,0.0,0.0,0.0,0.0,0.0,,,,,,,,,,,,,,,,,,,,,
493,Darren Randolph,West Ham,0.0,0.0,,0.0,0.0,0.0,0.0,,,,,,,,,,,,,,,,,,,,,,
494,James Chester,Aston Villa,0.0,0.0,,0.0,,0.0,0.0,0.0,0.0,0.0,0.0,0.0,0.0,0.0,0.0,0.0,0.0,0.0,0.0,0.0,0.0,0.0,0.0,0.0,0.0,0.0,0.0,0.0,0.0
495,Jarrod Bowen,West Ham,0.0,0.0,,,,,,,,,,,,,,,,,,,,,,,,,,,
496,Andre Green,Aston Villa,0.0,0.0,,0.0,,0.0,0.0,0.0,0.0,0.0,0.0,0.0,0.0,0.0,0.0,0.0,0.0,0.0,0.0,0.0,0.0,0.0,0.0,0.0,0.0,0.0,0.0,0.0,0.0
497,Jed Steer,Aston Villa,0.0,0.0,,0.0,,0.0,0.0,0.0,0.0,0.0,0.0,0.0,0.0,0.0,0.0,0.0,0.0,0.0,0.0,0.0,0.0,0.0,0.0,0.0,0.0,0.0,0.0,0.0,0.0
498,Lovre Kalinic,Aston Villa,0.0,0.0,,0.0,,0.0,0.0,0.0,0.0,0.0,0.0,0.0,0.0,0.0,0.0,0.0,0.0,0.0,0.0,0.0,0.0,0.0,0.0,0.0,0.0,0.0,0.0,0.0,0.0
499,José Reina,Aston Villa,0.0,0.0,,0.0,,0.0,0.0,,,,,,,,,,,,,,,,,,,,,,
500,Ben Johnson,West Ham,0.0,0.0,,0.0,0.0,0.0,0.0,0.0,0.0,0.0,0.0,,0.0,0.0,0.0,0.0,0.0,0.0,0.0,0.0,0.0,0.0,0.0,0.0,0.0,0.0,0.0,0.0,0.0
501,Ayotomiwa Dele-Bashiru,Watford,0.0,0.0,0.0,0.0,,0.0,0.0,0.0,0.0,0.0,0.0,0.0,0.0,0.0,0.0,0.0,0.0,,,,,,,,,,,,
502,João Pedro Junqueira de Jesus,Watford,0.0,0.0,0.0,0.0,,0.0,0.0,0.0,,,,,,,,,,,,,,,,,,,,,
503,Hélder Costa,Wolves,0.0,0.0,,0.0,,0.0,0.0,0.0,0.0,0.0,0.0,0.0,0.0,0.0,0.0,0.0,0.0,0.0,0.0,0.0,0.0,0.0,0.0,0.0,0.0,0.0,0.0,0.0,0.0
504,Mark Travers,Bournemouth,0.0,0.0,0.0,0.0,,0.0,0.0,0.0,0.0,0.0,0.0,0.0,0.0,0.0,0.0,0.0,0.0,0.0,0.0,0.0,0.0,0.0,0.0,0.0,0.0,0.0,0.0,0.0,0.0
505,Artur Boruc,Bournemouth,0.0,0.0,0.0,0.0,,0.0,0.0,0.0,0.0,0.0,0.0,0.0,0.0,0.0,0.0,0.0,0.0,0.0,0.0,0.0,0.0,0.0,0.0,0.0,0.0,0.0,0.0,0.0,0.0
506,Asmir Begovic,Bournemouth,0.0,0.0,0.0,0.0,,0.0,0.0,0.0,0.0,0.0,0.0,0.0,0.0,0.0,0.0,0.0,0.0,0.0,0.0,0.0,0.0,0.0,0.0,0.0,0.0,0.0,0.0,0.0,0.0
507,Winston Reid,West Ham,0.0,0.0,,0.0,0.0,0.0,0.0,0.0,0.0,0.0,0.0,,0.0,0.0,0.0,0.0,0.0,0.0,0.0,0.0,0.0,0.0,0.0,0.0,0.0,0.0,0.0,0.0,0.0
508,Marko Arnautovic,West Ham,0.0,0.0,,0.0,0.0,0.0,0.0,0.0,0.0,0.0,0.0,,0.0,0.0,0.0,0.0,0.0,0.0,0.0,0.0,0.0,0.0,0.0,0.0,0.0,0.0,0.0,0.0,0.0
509,Georges-Kévin Nkoudou,Spurs,0.0,0.0,,0.0,,0.0,0.0,0.0,0.0,0.0,0.0,0.0,0.0,0.0,0.0,0.0,0.0,0.0,0.0,0.0,0.0,0.0,0.0,0.0,0.0,0.0,0.0,0.0,0.0
510,Bernd Leno,Arsenal,0.0,0.0,,0.0,,0.0,0.0,0.0,0.0,0.0,0.0,0.0,0.0,0.0,0.0,0.0,0.0,0.0,0.0,0.0,0.0,0.0,0.0,0.0,0.0,0.0,0.0,0.0,0.0
511,Alexandre Nascimento Costa Silva,West Ham,0.0,0.0,,0.0,0.0,0.0,0.0,0.0,0.0,0.0,0.0,,0.0,0.0,0.0,0.0,0.0,0.0,0.0,0.0,0.0,0.0,0.0,0.0,0.0,0.0,0.0,0.0,0.0
512,Lukasz Fabianski,West Ham,0.0,0.0,,0.0,0.0,0.0,0.0,0.0,0.0,0.0,0.0,,0.0,0.0,0.0,0.0,0.0,0.0,0.0,0.0,0.0,0.0,0.0,0.0,0.0,0.0,0.0,0.0,0.0
513,Mohamed Elneny,Arsenal,0.0,0.0,,0.0,,0.0,0.0,0.0,0.0,0.0,0.0,0.0,0.0,0.0,0.0,0.0,0.0,0.0,0.0,0.0,0.0,0.0,0.0,0.0,0.0,0.0,0.0,0.0,0.0
514,Will Norris,Wolves,0.0,0.0,,0.0,,0.0,0.0,0.0,0.0,0.0,0.0,0.0,0.0,0.0,0.0,0.0,0.0,0.0,0.0,0.0,0.0,0.0,0.0,0.0,0.0,0.0,0.0,0.0,0.0
515,Lloyd Kelly,Bournemouth,0.0,0.0,0.0,0.0,,0.0,0.0,0.0,0.0,0.0,0.0,0.0,0.0,0.0,0.0,0.0,0.0,0.0,0.0,0.0,0.0,0.0,0.0,0.0,0.0,0.0,0.0,0.0,0.0
516,Borja González Tomás,Aston Villa,0.0,0.0,,,,,,,,,,,,,,,,,,,,,,,,,,,
517,Alfie Whiteman,Spurs,0.0,0.0,,0.0,,0.0,0.0,0.0,0.0,0.0,0.0,0.0,0.0,0.0,0.0,0.0,0.0,0.0,0.0,0.0,0.0,0.0,0.0,0.0,,,,,
518,Karl Darlow,Newcastle,0.0,0.0,,0.0,,0.0,0.0,0.0,0.0,0.0,0.0,0.0,0.0,0.0,0.0,0.0,0.0,0.0,0.0,0.0,0.0,0.0,0.0,0.0,0.0,0.0,0.0,0.0,0.0
519,Joe Hart,Burnley,0.0,0.0,,0.0,,0.0,0.0,0.0,0.0,0.0,0.0,0.0,0.0,0.0,0.0,0.0,0.0,0.0,0.0,0.0,0.0,0.0,0.0,0.0,0.0,0.0,0.0,0.0,0.0
520,Dean Henderson,Sheffield Utd,0.0,0.0,0.0,0.0,,0.0,0.0,0.0,0.0,0.0,0.0,0.0,0.0,0.0,0.0,0.0,0.0,0.0,0.0,0.0,0.0,0.0,0.0,0.0,0.0,0.0,0.0,0.0,0.0
521,Neco Williams,Liverpool,0.0,0.0,,0.0,0.0,0.0,0.0,0.0,0.0,0.0,0.0,,0.0,,,,,,,,,,,,,,,,
522,Harvey Elliott,Liverpool,0.0,0.0,,0.0,0.0,0.0,0.0,0.0,0.0,0.0,0.0,,0.0,0.0,0.0,0.0,0.0,0.0,0.0,0.0,0.0,0.0,,,,,,,
523,Ralf Fahrmann,Norwich,0.0,0.0,,0.0,,0.0,0.0,0.0,0.0,0.0,0.0,0.0,0.0,0.0,0.0,0.0,0.0,0.0,0.0,0.0,0.0,0.0,0.0,0.0,0.0,0.0,0.0,0.0,0.0
524,Caoimhin Kelleher,Liverpool,0.0,0.0,,0.0,0.0,0.0,0.0,0.0,0.0,0.0,0.0,,0.0,0.0,0.0,0.0,0.0,0.0,0.0,0.0,0.0,0.0,0.0,0.0,0.0,0.0,0.0,0.0,
525,Philip Heise,Norwich,0.0,0.0,,0.0,,0.0,0.0,0.0,0.0,0.0,0.0,0.0,0.0,0.0,0.0,0.0,0.0,0.0,0.0,0.0,0.0,0.0,0.0,0.0,0.0,0.0,0.0,0.0,0.0
526,Andy Lonergan,Liverpool,0.0,0.0,,0.0,0.0,0.0,0.0,0.0,0.0,0.0,0.0,,0.0,0.0,0.0,0.0,0.0,0.0,0.0,0.0,0.0,0.0,0.0,0.0,0.0,0.0,0.0,0.0,
527,Archie Mair,Norwich,0.0,0.0,,0.0,,0.0,0.0,0.0,0.0,0.0,0.0,0.0,0.0,0.0,0.0,0.0,0.0,0.0,0.0,0.0,0.0,0.0,,,,,,,
528,Akin Famewo,Norwich,0.0,0.0,,0.0,,0.0,0.0,0.0,0.0,0.0,0.0,0.0,0.0,0.0,0.0,0.0,0.0,0.0,0.0,0.0,0.0,0.0,,,,,,,
529,Adrián San Miguel del Castillo,Liverpool,0.0,0.0,,0.0,0.0,0.0,0.0,0.0,0.0,0.0,0.0,,0.0,0.0,0.0,0.0,0.0,0.0,0.0,0.0,0.0,0.0,0.0,0.0,0.0,0.0,0.0,0.0,0.0
530,Rhian Brewster,Liverpool,0.0,0.0,,0.0,0.0,0.0,0.0,0.0,0.0,0.0,0.0,,0.0,0.0,0.0,0.0,0.0,0.0,0.0,0.0,0.0,0.0,0.0,0.0,0.0,0.0,0.0,0.0,0.0
531,Rafael Camacho,Liverpool,0.0,0.0,,0.0,0.0,0.0,0.0,0.0,0.0,0.0,0.0,,0.0,0.0,0.0,0.0,0.0,0.0,0.0,0.0,0.0,0.0,0.0,0.0,0.0,0.0,0.0,0.0,0.0
532,Simon Mignolet,Liverpool,0.0,0.0,,0.0,0.0,0.0,0.0,0.0,0.0,0.0,0.0,,0.0,0.0,0.0,0.0,0.0,0.0,0.0,0.0,0.0,0.0,0.0,0.0,0.0,0.0,0.0,0.0,0.0
533,Kieron Freeman,Sheffield Utd,0.0,0.0,0.0,0.0,,0.0,0.0,0.0,0.0,0.0,0.0,0.0,0.0,0.0,0.0,0.0,0.0,0.0,0.0,0.0,0.0,0.0,0.0,0.0,0.0,0.0,0.0,0.0,0.0
534,Filip Benkovic,Leicester,0.0,0.0,,0.0,,0.0,0.0,0.0,,,,,,,,,,,,,,,,,,,,,
535,Richard Stearman,Sheffield Utd,0.0,0.0,0.0,0.0,,0.0,0.0,0.0,0.0,0.0,0.0,0.0,0.0,0.0,0.0,0.0,0.0,0.0,0.0,0.0,0.0,0.0,0.0,0.0,0.0,0.0,0.0,0.0,0.0
536,Andy King,Leicester,0.0,0.0,,0.0,,0.0,0.0,0.0,0.0,0.0,0.0,0.0,0.0,0.0,0.0,0.0,0.0,0.0,0.0,0.0,0.0,0.0,0.0,0.0,0.0,0.0,0.0,0.0,0.0
537,Daniel Amartey,Leicester,0.0,0.0,,0.0,,0.0,0.0,0.0,0.0,0.0,0.0,0.0,0.0,0.0,0.0,0.0,0.0,0.0,0.0,0.0,0.0,0.0,0.0,0.0,0.0,0.0,0.0,0.0,0.0
538,Jake Eastwood,Sheffield Utd,0.0,0.0,0.0,0.0,,0.0,0.0,0.0,0.0,0.0,0.0,0.0,0.0,0.0,0.0,0.0,0.0,0.0,0.0,0.0,0.0,0.0,0.0,0.0,0.0,0.0,0.0,0.0,0.0
539,Mark Duffy,Sheffield Utd,0.0,0.0,0.0,0.0,,0.0,0.0,0.0,0.0,0.0,0.0,0.0,0.0,0.0,0.0,0.0,0.0,0.0,0.0,0.0,0.0,0.0,0.0,0.0,0.0,0.0,0.0,0.0,0.0
540,Matty James,Leicester,0.0,0.0,,0.0,,0.0,0.0,0.0,0.0,0.0,0.0,0.0,0.0,0.0,0.0,0.0,0.0,0.0,0.0,0.0,0.0,0.0,0.0,0.0,0.0,0.0,0.0,0.0,0.0
541,Rachid Ghezzal,Leicester,0.0,0.0,,0.0,,0.0,0.0,0.0,0.0,0.0,0.0,0.0,0.0,0.0,0.0,0.0,0.0,0.0,0.0,0.0,0.0,0.0,0.0,0.0,0.0,0.0,0.0,0.0,0.0
542,Danny Ward,Leicester,0.0,0.0,,0.0,,0.0,0.0,0.0,0.0,0.0,0.0,0.0,0.0,0.0,0.0,0.0,0.0,0.0,0.0,0.0,0.0,0.0,0.0,0.0,0.0,0.0,0.0,0.0,0.0
543,Eldin Jakupovic,Leicester,0.0,0.0,,0.0,,0.0,0.0,0.0,0.0,0.0,0.0,0.0,0.0,0.0,0.0,0.0,0.0,0.0,0.0,0.0,0.0,0.0,0.0,0.0,0.0,0.0,0.0,0.0,0.0
544,Nathaniel Phillips,Liverpool,0.0,0.0,,0.0,0.0,0.0,0.0,0.0,0.0,,,,,,,,,,,,,,,,,,,,
545,Danilo Luiz da Silva,Man City,0.0,0.0,,0.0,,0.0,0.0,0.0,0.0,0.0,0.0,0.0,0.0,0.0,0.0,0.0,0.0,0.0,0.0,0.0,0.0,0.0,0.0,0.0,0.0,0.0,0.0,0.0,0.0
546,Claudio Bravo,Man City,0.0,0.0,,0.0,,0.0,0.0,0.0,0.0,0.0,0.0,0.0,0.0,0.0,0.0,0.0,0.0,0.0,0.0,0.0,0.0,0.0,0.0,0.0,0.0,0.0,0.0,0.0,0.0
547,Romelu Lukaku,Man Utd,0.0,0.0,,0.0,,0.0,0.0,0.0,0.0,0.0,0.0,0.0,0.0,0.0,0.0,0.0,0.0,0.0,0.0,0.0,0.0,0.0,0.0,0.0,0.0,0.0,0.0,0.0,0.0
548,Martin Dubravka,Newcastle,0.0,0.0,,0.0,,0.0,0.0,0.0,0.0,0.0,0.0,0.0,0.0,0.0,0.0,0.0,0.0,0.0,0.0,0.0,0.0,0.0,0.0,0.0,0.0,0.0,0.0,0.0,0.0
549,Jose Luis Mato Sanmartín,Newcastle,0.0,0.0,,0.0,,0.0,0.0,0.0,0.0,0.0,0.0,0.0,0.0,0.0,0.0,0.0,0.0,0.0,0.0,0.0,0.0,0.0,0.0,0.0,0.0,0.0,0.0,0.0,0.0
550,Odion Ighalo,Man Utd,0.0,0.0,,,,,,,,,,,,,,,,,,,,,,,,,,,
551,Jack Colback,Newcastle,0.0,0.0,,0.0,,0.0,0.0,0.0,0.0,0.0,0.0,0.0,0.0,0.0,0.0,0.0,0.0,0.0,0.0,0.0,0.0,0.0,0.0,0.0,0.0,0.0,0.0,0.0,0.0
552,Jacob Murphy,Newcastle,0.0,0.0,,0.0,,0.0,0.0,0.0,0.0,0.0,0.0,0.0,0.0,0.0,0.0,0.0,0.0,0.0,0.0,0.0,0.0,0.0,0.0,0.0,0.0,0.0,0.0,0.0,0.0
553,Alexis Sánchez,Man Utd,0.0,0.0,,0.0,,0.0,0.0,0.0,0.0,0.0,0.0,0.0,0.0,0.0,0.0,0.0,0.0,0.0,0.0,0.0,0.0,0.0,0.0,0.0,0.0,0.0,0.0,0.0,0.0
554,Rolando Aarons,Newcastle,0.0,0.0,,0.0,,0.0,0.0,0.0,0.0,0.0,0.0,0.0,0.0,0.0,0.0,0.0,0.0,0.0,0.0,0.0,0.0,0.0,0.0,0.0,0.0,0.0,0.0,0.0,0.0
555,Lee Grant,Man Utd,0.0,0.0,,0.0,,0.0,0.0,0.0,0.0,0.0,0.0,0.0,0.0,0.0,0.0,0.0,0.0,0.0,0.0,0.0,0.0,0.0,0.0,0.0,0.0,0.0,0.0,0.0,0.0
556,Sergio Romero,Man Utd,0.0,0.0,,0.0,,0.0,0.0,0.0,0.0,0.0,0.0,0.0,0.0,0.0,0.0,0.0,0.0,0.0,0.0,0.0,0.0,0.0,0.0,0.0,0.0,0.0,0.0,0.0,0.0
557,David de Gea,Man Utd,0.0,0.0,,0.0,,0.0,0.0,0.0,0.0,0.0,0.0,0.0,0.0,0.0,0.0,0.0,0.0,0.0,0.0,0.0,0.0,0.0,0.0,0.0,0.0,0.0,0.0,0.0,0.0
558,Robert Elliot,Newcastle,0.0,0.0,,0.0,,0.0,0.0,0.0,0.0,0.0,0.0,0.0,0.0,,,,,,,,,,,,,,,,
559,Leroy Sané,Man City,0.0,0.0,,0.0,,0.0,0.0,0.0,0.0,0.0,0.0,0.0,0.0,0.0,0.0,0.0,0.0,0.0,0.0,0.0,0.0,0.0,0.0,0.0,0.0,0.0,0.0,0.0,0.0
560,Thomas Allan,Newcastle,0.0,0.0,,0.0,,0.0,0.0,0.0,,,,,,,,,,,,,,,,,,,,,
561,Kelland Watts,Newcastle,0.0,0.0,,0.0,,0.0,0.0,0.0,,,,,,,,,,,,,,,,,,,,,
562,Liam Gibson,Newcastle,0.0,0.0,,0.0,,0.0,,,,,,,,,,,,,,,,,,,,,,,
563,Timm Klose,Norwich,0.0,0.0,,0.0,,0.0,0.0,0.0,0.0,0.0,0.0,0.0,0.0,0.0,0.0,0.0,0.0,0.0,0.0,0.0,0.0,0.0,0.0,0.0,0.0,0.0,0.0,0.0,0.0
564,Matteo Darmian,Man Utd,0.0,0.0,,0.0,,0.0,0.0,0.0,0.0,0.0,0.0,0.0,0.0,0.0,0.0,0.0,0.0,0.0,0.0,0.0,0.0,0.0,0.0,0.0,0.0,0.0,0.0,0.0,0.0
565,Eric Bailly,Man Utd,0.0,0.0,,0.0,,0.0,0.0,0.0,0.0,0.0,0.0,0.0,0.0,0.0,0.0,0.0,0.0,0.0,0.0,0.0,0.0,0.0,0.0,0.0,0.0,0.0,0.0,0.0,0.0
566,Chris Smalling,Man Utd,0.0,0.0,,0.0,,0.0,0.0,0.0,0.0,0.0,0.0,0.0,0.0,0.0,0.0,0.0,0.0,0.0,0.0,0.0,0.0,0.0,0.0,0.0,0.0,0.0,0.0,0.0,0.0
567,Tim Krul,Norwich,0.0,0.0,,0.0,,0.0,0.0,0.0,0.0,0.0,0.0,0.0,0.0,0.0,0.0,0.0,0.0,0.0,0.0,0.0,0.0,0.0,0.0,0.0,0.0,0.0,0.0,0.0,0.0
568,Michael McGovern,Norwich,0.0,0.0,,0.0,,0.0,0.0,0.0,0.0,0.0,0.0,0.0,0.0,0.0,0.0,0.0,0.0,0.0,0.0,0.0,0.0,0.0,0.0,0.0,0.0,0.0,0.0,0.0,0.0
569,Scott Carson,Man City,0.0,0.0,,0.0,,0.0,0.0,0.0,0.0,0.0,0.0,0.0,0.0,0.0,0.0,0.0,0.0,0.0,,,,,,,,,,,
570,Simon Moore,Sheffield Utd,0.0,0.0,0.0,0.0,,0.0,0.0,0.0,0.0,0.0,0.0,0.0,0.0,0.0,0.0,0.0,0.0,0.0,0.0,0.0,0.0,0.0,0.0,0.0,0.0,0.0,0.0,0.0,0.0
571,Rhu-endly Martina,Everton,0.0,0.0,0.0,0.0,,0.0,0.0,0.0,0.0,0.0,0.0,0.0,0.0,,,,,,,,,,,,,,,,
572,Steven Defour,Burnley,0.0,0.0,,0.0,,0.0,0.0,0.0,0.0,0.0,0.0,0.0,0.0,0.0,0.0,0.0,0.0,0.0,0.0,0.0,0.0,0.0,0.0,0.0,0.0,0.0,0.0,0.0,0.0
573,Michael Verrips,Sheffield Utd,0.0,0.0,0.0,0.0,,0.0,0.0,0.0,0.0,0.0,0.0,0.0,0.0,0.0,0.0,0.0,0.0,0.0,0.0,0.0,0.0,0.0,0.0,0.0,0.0,0.0,0.0,0.0,0.0
574,Luke Dreher,Crystal Palace,0.0,0.0,0.0,0.0,,0.0,0.0,0.0,0.0,0.0,0.0,0.0,0.0,0.0,0.0,0.0,0.0,0.0,0.0,0.0,0.0,0.0,0.0,0.0,0.0,0.0,0.0,0.0,0.0
575,Wesley Hoedt,Southampton,0.0,0.0,,0.0,,0.0,0.0,0.0,0.0,0.0,0.0,0.0,0.0,0.0,0.0,0.0,0.0,0.0,0.0,0.0,0.0,0.0,0.0,0.0,0.0,0.0,0.0,0.0,0.0
576,Wayne Hennessey,Crystal Palace,0.0,0.0,0.0,0.0,,0.0,0.0,0.0,0.0,0.0,0.0,0.0,0.0,0.0,0.0,0.0,0.0,0.0,0.0,0.0,0.0,0.0,0.0,0.0,0.0,0.0,0.0,0.0,0.0
577,Vicente Guaita,Crystal Palace,0.0,0.0,0.0,0.0,,0.0,0.0,0.0,0.0,0.0,0.0,0.0,0.0,0.0,0.0,0.0,0.0,0.0,0.0,0.0,0.0,0.0,0.0,0.0,0.0,0.0,0.0,0.0,0.0
578,Daniel N'Lundulu,Southampton,0.0,0.0,,0.0,,0.0,0.0,0.0,0.0,0.0,0.0,0.0,0.0,0.0,0.0,0.0,0.0,0.0,0.0,0.0,0.0,0.0,0.0,0.0,0.0,0.0,,,
579,Harry Lewis,Southampton,0.0,0.0,,0.0,,0.0,0.0,0.0,0.0,0.0,0.0,0.0,0.0,0.0,0.0,0.0,0.0,0.0,0.0,0.0,0.0,0.0,0.0,,,,,,
580,William Smallbone,Southampton,0.0,0.0,,0.0,,0.0,0.0,0.0,0.0,0.0,,,,,,,,,,,,,,,,,,,
581,Addji Keaninkin Marc-Israel Guehi,Chelsea,0.0,0.0,,0.0,,0.0,0.0,0.0,0.0,0.0,0.0,0.0,0.0,0.0,0.0,0.0,0.0,0.0,0.0,0.0,0.0,0.0,0.0,,,,,,
582,Kieran Trippier,Spurs,0.0,0.0,,0.0,,0.0,0.0,0.0,0.0,0.0,0.0,0.0,0.0,0.0,0.0,0.0,0.0,0.0,0.0,0.0,0.0,0.0,0.0,0.0,0.0,0.0,0.0,0.0,0.0
583,Frederick Woodman,Newcastle,0.0,0.0,,0.0,,0.0,0.0,0.0,0.0,0.0,0.0,0.0,0.0,0.0,0.0,0.0,0.0,0.0,0.0,0.0,0.0,0.0,0.0,0.0,0.0,0.0,0.0,0.0,0.0
584,Ethan Ampadu,Chelsea,0.0,0.0,,0.0,,0.0,0.0,0.0,0.0,0.0,0.0,0.0,0.0,0.0,0.0,0.0,0.0,0.0,0.0,0.0,0.0,0.0,0.0,0.0,0.0,0.0,0.0,0.0,0.0
585,Vincent Janssen,Spurs,0.0,0.0,,0.0,,0.0,0.0,0.0,0.0,0.0,0.0,0.0,0.0,0.0,0.0,0.0,0.0,0.0,0.0,0.0,0.0,0.0,0.0,0.0,0.0,0.0,0.0,0.0,0.0
586,Hugo Lloris,Spurs,0.0,0.0,,0.0,,0.0,0.0,0.0,0.0,0.0,0.0,0.0,0.0,0.0,0.0,0.0,0.0,0.0,0.0,0.0,0.0,0.0,0.0,0.0,0.0,0.0,0.0,0.0,0.0
587,Ruben Loftus-Cheek,Chelsea,0.0,0.0,,0.0,,0.0,0.0,0.0,0.0,0.0,0.0,0.0,0.0,0.0,0.0,0.0,0.0,0.0,0.0,0.0,0.0,0.0,0.0,0.0,0.0,0.0,0.0,0.0,0.0
588,Willy Caballero,Chelsea,0.0,0.0,,0.0,,0.0,0.0,0.0,0.0,0.0,0.0,0.0,0.0,0.0,0.0,0.0,0.0,0.0,0.0,0.0,0.0,0.0,0.0,0.0,0.0,0.0,0.0,0.0,0.0
589,Kepa Arrizabalaga,Chelsea,0.0,0.0,,0.0,,0.0,0.0,0.0,0.0,0.0,0.0,0.0,0.0,0.0,0.0,0.0,0.0,0.0,0.0,0.0,0.0,0.0,0.0,0.0,0.0,0.0,0.0,0.0,0.0
590,Davide Zappacosta,Chelsea,0.0,0.0,,0.0,,0.0,0.0,0.0,0.0,0.0,0.0,0.0,0.0,0.0,0.0,0.0,0.0,0.0,0.0,0.0,0.0,0.0,0.0,0.0,0.0,0.0,0.0,0.0,0.0
591,Josh Brownhill,Burnley,0.0,0.0,,0.0,,,,,,,,,,,,,,,,,,,,,,,,,
592,Abd-Al-Ali Morakinyo Olaposi Koiki,Burnley,0.0,0.0,,0.0,,0.0,0.0,0.0,,,,,,,,,,,,,,,,,,,,,
593,Anthony Driscoll-Glennon,Burnley,0.0,0.0,,0.0,,0.0,0.0,0.0,0.0,0.0,0.0,0.0,0.0,0.0,,,,,,,,,,,,,,,
594,Mace Goodridge,Burnley,0.0,0.0,,0.0,,0.0,0.0,0.0,0.0,0.0,0.0,0.0,0.0,0.0,,,,,,,,,,,,,,,
595,Luke Amos,Spurs,0.0,0.0,,0.0,,0.0,0.0,0.0,0.0,0.0,0.0,0.0,0.0,0.0,0.0,0.0,0.0,0.0,0.0,0.0,0.0,0.0,0.0,0.0,0.0,0.0,0.0,0.0,0.0
596,Bailey Peacock-Farrell,Burnley,0.0,0.0,,0.0,,0.0,0.0,0.0,0.0,0.0,0.0,0.0,0.0,0.0,0.0,0.0,0.0,0.0,0.0,0.0,0.0,0.0,0.0,0.0,0.0,0.0,0.0,0.0,0.0
597,Stephen Henderson,Crystal Palace,0.0,0.0,0.0,0.0,,0.0,0.0,0.0,0.0,0.0,0.0,0.0,0.0,0.0,0.0,0.0,0.0,0.0,0.0,0.0,0.0,,,,,,,,
598,Sam Woods,Crystal Palace,0.0,0.0,0.0,0.0,,0.0,0.0,0.0,0.0,0.0,0.0,0.0,0.0,,,,,,,,,,,,,,,,
599,Callum Slattery,Southampton,0.0,0.0,,0.0,,0.0,0.0,0.0,0.0,0.0,0.0,0.0,0.0,0.0,0.0,0.0,0.0,0.0,0.0,0.0,0.0,0.0,0.0,0.0,0.0,0.0,0.0,0.0,0.0
600,Ademola Lookman,Everton,0.0,0.0,0.0,0.0,,0.0,0.0,0.0,0.0,0.0,0.0,0.0,0.0,0.0,0.0,0.0,0.0,0.0,0.0,0.0,0.0,0.0,0.0,0.0,0.0,0.0,0.0,0.0,0.0
601,Jack Rodwell,Sheffield Utd,0.0,0.0,0.0,0.0,,0.0,0.0,0.0,,,,,,,,,,,,,,,,,,,,,
602,Jack Robinson,Sheffield Utd,0.0,0.0,0.0,0.0,,,,,,,,,,,,,,,,,,,,,,,,,
603,Richairo Zivkovic,Sheffield Utd,0.0,0.0,0.0,0.0,,,,,,,,,,,,,,,,,,,,,,,,,
604,Panagiotis Retsos,Sheffield Utd,0.0,0.0,0.0,,,,,,,,,,,,,,,,,,,,,,,,,,
605,Beni Baningime,Everton,0.0,0.0,0.0,0.0,,0.0,0.0,0.0,0.0,0.0,0.0,0.0,0.0,0.0,0.0,0.0,0.0,0.0,0.0,0.0,0.0,,,,,,,,
606,Jonas Lössl,Everton,0.0,0.0,0.0,0.0,,0.0,0.0,0.0,0.0,0.0,0.0,0.0,0.0,0.0,0.0,0.0,0.0,0.0,0.0,0.0,0.0,0.0,0.0,0.0,0.0,0.0,0.0,0.0,0.0
607,Lewis Gibson,Everton,0.0,0.0,0.0,0.0,,0.0,0.0,0.0,0.0,0.0,0.0,0.0,0.0,0.0,0.0,0.0,0.0,0.0,0.0,0.0,0.0,0.0,0.0,0.0,0.0,0.0,0.0,0.0,0.0
608,Idrissa Gueye,Everton,0.0,0.0,0.0,0.0,,0.0,0.0,0.0,0.0,0.0,0.0,0.0,0.0,0.0,0.0,0.0,0.0,0.0,0.0,0.0,0.0,0.0,0.0,0.0,0.0,0.0,0.0,0.0,0.0
609,Kayne Ramsay,Southampton,0.0,0.0,,0.0,,0.0,0.0,0.0,0.0,0.0,0.0,0.0,0.0,0.0,0.0,0.0,0.0,0.0,0.0,0.0,0.0,0.0,0.0,0.0,0.0,0.0,0.0,0.0,0.0
610,Charlie Austin,Southampton,0.0,0.0,,0.0,,0.0,0.0,0.0,0.0,0.0,0.0,0.0,0.0,0.0,0.0,0.0,0.0,0.0,0.0,0.0,0.0,0.0,0.0,0.0,0.0,0.0,0.0,0.0,0.0
611,Maarten Stekelenburg,Everton,0.0,0.0,0.0,0.0,,0.0,0.0,0.0,0.0,0.0,0.0,0.0,0.0,0.0,0.0,0.0,0.0,0.0,0.0,0.0,0.0,0.0,0.0,0.0,0.0,0.0,0.0,0.0,0.0
612,Tyreke Johnson,Southampton,0.0,0.0,,0.0,,0.0,0.0,0.0,0.0,0.0,0.0,0.0,0.0,0.0,0.0,0.0,0.0,0.0,0.0,0.0,0.0,0.0,0.0,0.0,0.0,0.0,0.0,0.0,0.0
613,Sam Gallagher,Southampton,0.0,0.0,,0.0,,0.0,0.0,0.0,0.0,0.0,0.0,0.0,0.0,0.0,0.0,0.0,0.0,0.0,0.0,0.0,0.0,0.0,0.0,0.0,0.0,0.0,0.0,0.0,0.0
614,Fraser Forster,Southampton,0.0,0.0,,0.0,,0.0,0.0,0.0,0.0,0.0,0.0,0.0,0.0,0.0,0.0,0.0,0.0,0.0,0.0,0.0,0.0,0.0,0.0,0.0,0.0,0.0,0.0,0.0,0.0
615,Alex McCarthy,Southampton,0.0,0.0,,0.0,,0.0,0.0,0.0,0.0,0.0,0.0,0.0,0.0,0.0,0.0,0.0,0.0,0.0,0.0,0.0,0.0,0.0,0.0,0.0,0.0,0.0,0.0,0.0,0.0
616,Angus Gunn,Southampton,0.0,0.0,,0.0,,0.0,0.0,0.0,0.0,0.0,0.0,0.0,0.0,0.0,0.0,0.0,0.0,0.0,0.0,0.0,0.0,0.0,0.0,0.0,0.0,0.0,0.0,0.0,0.0
617,Giovanni McGregor,Crystal Palace,0.0,0.0,0.0,0.0,,0.0,0.0,,,,,,,,,,,,,,,,,,,,,,
618,Nya Kirby,Crystal Palace,0.0,0.0,0.0,0.0,,0.0,0.0,0.0,0.0,,,,,,,,,,,,,,,,,,,,
619,Mohamed Elyounoussi,Southampton,0.0,0.0,,0.0,,0.0,0.0,0.0,0.0,0.0,0.0,0.0,0.0,0.0,0.0,0.0,0.0,0.0,0.0,0.0,0.0,0.0,0.0,0.0,0.0,0.0,0.0,0.0,0.0
620,James Daly,Crystal Palace,0.0,0.0,0.0,0.0,,0.0,0.0,0.0,0.0,0.0,0.0,0.0,,,,,,,,,,,,,,,,,
621,Mario Lemina,Southampton,0.0,0.0,,0.0,,0.0,0.0,0.0,0.0,0.0,0.0,0.0,0.0,0.0,0.0,0.0,0.0,0.0,0.0,0.0,0.0,0.0,0.0,0.0,0.0,0.0,0.0,0.0,0.0
622,Tyrick Mitchell,Crystal Palace,0.0,0.0,0.0,0.0,,0.0,0.0,0.0,0.0,0.0,0.0,0.0,0.0,,,,,,,,,,,,,,,,
623,Robert Kenedy Nunes do Nascimento,Chelsea,0.0,0.0,,0.0,,0.0,0.0,0.0,0.0,0.0,0.0,0.0,0.0,0.0,0.0,0.0,0.0,0.0,0.0,0.0,0.0,0.0,0.0,0.0,0.0,0.0,0.0,0.0,0.0
